game_date,game_pk,player_name,batter,plate_appearances,hits,starting_pitcher_id,starting_pitcher_hand,starting_pitcher_rest_days,batter_rest_days,hits_vs_L,hits_vs_R,pas_vs_L,pas_vs_R
2026-03-26,823649,"Cruz, Oneil",665833,5,1,642547,R,,,0,1,0,5
2026-03-26,823649,"Davis, Henry",680779,4,1,642547,R,,,0,1,0,4
2026-03-26,823649,"Gonzales, Nick",693304,4,2,642547,R,,,0,2,0,4
2026-03-26,823649,"Horwitz, Spencer",687462,4,0,642547,R,,,0,0,0,4
2026-03-26,823649,"Lowe, Brandon",664040,4,2,642547,R,,,0,2,0,4
2026-03-26,823649,"O'Hearn, Ryan",656811,4,2,642547,R,,,0,2,0,4
2026-03-28,823651,"Cruz, Oneil",665833,1,0,642207,R,,2.0,0,0,0,1
2026-03-28,823651,"Davis, Henry",680779,1,0,472610,R,2.0,2.0,0,0,0,1
2026-03-28,823651,"Gonzales, Nick",693304,6,2,656849,L,2.0,2.0,1,1,5,1
2026-03-28,823651,"Lowe, Brandon",664040,5,1,656849,L,2.0,2.0,0,1,4,1
2026-03-28,823651,"Mangum, Jake",663968,5,2,656849,L,2.0,,1,1,2,3
2026-03-28,823651,"O'Hearn, Ryan",656811,6,1,656849,L,,2.0,1,0,4,2
2026-03-29,823647,"Cruz, Oneil",665833,5,1,690997,R,1.0,1.0,1,0,1,4
2026-03-29,823647,"Davis, Henry",680779,5,1,690997,R,1.0,1.0,1,0,1,4
2026-03-29,823647,"Gonzales, Nick",693304,5,0,690997,R,1.0,1.0,0,0,2,3
2026-03-29,823647,"Horwitz, Spencer",687462,3,0,690997,R,1.0,3.0,0,0,0,3
2026-03-29,823647,"Lowe, Brandon",664040,5,2,690997,R,1.0,1.0,0,2,1,4
2026-03-29,823647,"Mangum, Jake",663968,5,0,690997,R,1.0,1.0,0,0,1,4
2026-03-29,823647,"O'Hearn, Ryan",656811,5,3,690997,R,1.0,1.0,1,2,2,3
2026-03-30,824539,"Cruz, Oneil",665833,4,0,695505,R,2.0,1.0,0,0,0,4
2026-03-30,824539,"Davis, Henry",680779,3,0,695505,R,2.0,1.0,0,0,0,3
2026-03-30,824539,"Gonzales, Nick",693304,4,1,695505,R,2.0,1.0,0,1,0,4
2026-03-30,824539,"Horwitz, Spencer",687462,4,1,695505,R,2.0,1.0,0,1,0,4
2026-03-30,824539,"Lowe, Brandon",664040,4,1,695505,R,2.0,1.0,0,1,0,4
2026-03-30,824539,"O'Hearn, Ryan",656811,4,1,695505,R,2.0,1.0,0,1,0,4
2026-03-31,824537,"Cruz, Oneil",665833,4,3,682227,L,2.0,1.0,2,1,3,1
2026-03-31,824537,"Gonzales, Nick",693304,4,2,682227,L,2.0,1.0,1,1,3,1
2026-03-31,824537,"Horwitz, Spencer",687462,1,0,572955,R,2.0,1.0,0,0,0,1
2026-03-31,824537,"Lowe, Brandon",664040,4,0,682227,L,3.0,1.0,0,0,4,0
2026-03-31,824537,"Mangum, Jake",663968,5,1,682227,L,2.0,2.0,1,0,4,1
2026-03-31,824537,"O'Hearn, Ryan",656811,4,1,682227,L,2.0,1.0,1,0,4,0
2026-04-01,824536,"Cruz, Oneil",665833,5,2,671096,L,6.0,1.0,2,0,3,2
2026-04-01,824536,"Davis, Henry",680779,4,0,671096,L,6.0,2.0,0,0,2,2
2026-04-01,824536,"Gonzales, Nick",693304,5,2,671096,L,6.0,1.0,0,2,3,2
2026-04-01,824536,"Horwitz, Spencer",687462,4,1,671096,L,6.0,1.0,0,1,2,2
2026-04-01,824536,"Mangum, Jake",663968,5,0,671096,L,6.0,1.0,0,0,3,2
2026-04-03,823406,"Cruz, Oneil",665833,4,1,680694,R,6.0,2.0,0,1,0,4
2026-04-03,823406,"Davis, Henry",680779,3,1,680694,R,6.0,2.0,0,1,0,3
2026-04-03,823406,"Griffin, Konnor",804606,4,1,680694,R,6.0,,0,1,1,3
2026-04-03,823406,"Horwitz, Spencer",687462,4,0,680694,R,6.0,2.0,0,0,1,3
2026-04-03,823406,"Lowe, Brandon",664040,4,1,680694,R,6.0,3.0,0,1,1,3
2026-04-03,823406,"O'Hearn, Ryan",656811,4,0,680694,R,6.0,3.0,0,0,1,3
2026-04-04,823404,"Cruz, Oneil",665833,5,1,669358,R,6.0,1.0,1,0,1,4
2026-04-04,823404,"Gonzales, Nick",693304,4,0,669358,R,6.0,3.0,0,0,0,4
2026-04-04,823404,"Griffin, Konnor",804606,4,0,669358,R,6.0,1.0,0,0,0,4
2026-04-04,823404,"Horwitz, Spencer",687462,4,1,669358,R,6.0,1.0,0,1,0,4
2026-04-04,823404,"Lowe, Brandon",664040,5,0,669358,R,6.0,1.0,0,0,1,4
2026-04-04,823404,"Mangum, Jake",663968,1,0,689296,R,4.0,3.0,0,0,0,1
2026-04-04,823404,"O'Hearn, Ryan",656811,5,1,669358,R,6.0,1.0,0,1,1,4
2026-04-05,823405,"Cruz, Oneil",665833,5,2,700249,L,6.0,1.0,1,1,3,2
2026-04-05,823405,"Davis, Henry",680779,4,1,700249,L,6.0,2.0,0,1,3,1
2026-04-05,823405,"Griffin, Konnor",804606,4,0,700249,L,6.0,1.0,0,0,2,2
2026-04-05,823405,"Horwitz, Spencer",687462,4,1,700249,L,6.0,1.0,1,0,3,1
2026-04-05,823405,"Lowe, Brandon",664040,5,1,700249,L,6.0,1.0,1,0,3,2
2026-04-05,823405,"Mangum, Jake",663968,4,2,700249,L,6.0,1.0,1,1,3,1
2026-04-05,823405,"O'Hearn, Ryan",656811,5,2,700249,L,6.0,1.0,0,2,2,3
2026-04-06,823401,"Cruz, Oneil",665833,4,1,608566,R,6.0,1.0,0,1,0,4
2026-04-06,823401,"Davis, Henry",680779,3,0,608566,R,6.0,1.0,0,0,0,3
2026-04-06,823401,"Gonzales, Nick",693304,4,1,608566,R,6.0,2.0,0,1,0,4
2026-04-06,823401,"Griffin, Konnor",804606,4,0,608566,R,6.0,1.0,0,0,0,4
2026-04-06,823401,"Horwitz, Spencer",687462,4,2,608566,R,6.0,1.0,0,2,0,4
2026-04-06,823401,"Lowe, Brandon",664040,4,1,608566,R,6.0,1.0,0,1,0,4
2026-04-06,823401,"Mangum, Jake",663968,1,0,688158,R,6.0,1.0,0,0,0,1
2026-04-06,823401,"O'Hearn, Ryan",656811,4,1,608566,R,6.0,1.0,0,1,0,4
2026-04-07,823402,"Cruz, Oneil",665833,5,1,601713,R,6.0,1.0,0,1,1,4
2026-04-07,823402,"Davis, Henry",680779,4,2,601713,R,6.0,1.0,1,1,1,3
2026-04-07,823402,"Gonzales, Nick",693304,4,1,601713,R,6.0,1.0,1,0,1,3
2026-04-07,823402,"Griffin, Konnor",804606,4,2,601713,R,6.0,1.0,1,1,2,2
2026-04-07,823402,"Horwitz, Spencer",687462,3,1,601713,R,6.0,1.0,0,1,1,2
2026-04-07,823402,"Lowe, Brandon",664040,4,0,601713,R,6.0,1.0,0,0,1,3
2026-04-07,823402,"Mangum, Jake",663968,1,1,670970,L,3.0,1.0,1,0,1,0
2026-04-07,823402,"O'Hearn, Ryan",656811,4,2,601713,R,6.0,1.0,1,1,1,3
2026-04-08,823403,"Cruz, Oneil",665833,4,1,650633,R,5.0,1.0,0,1,1,3
2026-04-08,823403,"Gonzales, Nick",693304,4,1,650633,R,5.0,1.0,0,1,0,4
2026-04-08,823403,"Griffin, Konnor",804606,2,0,695243,R,3.0,1.0,0,0,1,1
2026-04-08,823403,"Horwitz, Spencer",687462,2,0,650633,R,5.0,1.0,0,0,0,2
2026-04-08,823403,"Lowe, Brandon",664040,4,0,650633,R,5.0,1.0,0,0,1,3
2026-04-08,823403,"Mangum, Jake",663968,4,0,650633,R,5.0,1.0,0,0,1,3
2026-04-08,823403,"O'Hearn, Ryan",656811,4,0,650633,R,5.0,1.0,0,0,0,4
2026-04-10,824695,"Cruz, Oneil",665833,3,1,684007,L,5.0,2.0,1,0,3,0
2026-04-10,824695,"Gonzales, Nick",693304,3,0,684007,L,5.0,2.0,0,0,3,0
2026-04-10,824695,"Griffin, Konnor",804606,3,0,684007,L,5.0,2.0,0,0,2,1
2026-04-10,824695,"O'Hearn, Ryan",656811,4,1,684007,L,5.0,2.0,1,0,4,0
2026-04-11,824697,"Cruz, Oneil",665833,6,4,665795,R,6.0,1.0,0,4,2,4
2026-04-11,824697,"Davis, Henry",680779,4,0,665795,R,6.0,4.0,0,0,0,4
2026-04-11,824697,"Gonzales, Nick",693304,1,0,694037,R,6.0,1.0,0,0,0,1
2026-04-11,824697,"Griffin, Konnor",804606,5,1,665795,R,6.0,1.0,0,1,1,4
2026-04-11,824697,"Horwitz, Spencer",687462,4,1,665795,R,6.0,3.0,0,1,0,4
2026-04-11,824697,"Lowe, Brandon",664040,6,0,665795,R,6.0,3.0,0,0,2,4
2026-04-11,824697,"Mangum, Jake",663968,1,0,573204,L,1.0,3.0,0,0,1,0
2026-04-11,824697,"O'Hearn, Ryan",656811,5,0,665795,R,6.0,1.0,0,0,0,5
2026-04-12,824696,"Cruz, Oneil",665833,5,1,592791,R,6.0,1.0,0,1,1,4
2026-04-12,824696,"Griffin, Konnor",804606,4,0,592791,R,6.0,1.0,0,0,0,4
2026-04-12,824696,"Horwitz, Spencer",687462,4,0,592791,R,6.0,1.0,0,0,0,4
2026-04-12,824696,"Lowe, Brandon",664040,5,2,592791,R,6.0,1.0,0,2,1,4
2026-04-12,824696,"O'Hearn, Ryan",656811,4,2,592791,R,6.0,1.0,1,1,1,3
2026-04-13,823400,"Cruz, Oneil",665833,5,2,676917,R,6.0,1.0,0,2,0,5
2026-04-13,823400,"Davis, Henry",680779,5,2,676917,R,6.0,2.0,0,2,0,5
2026-04-13,823400,"Gonzales, Nick",693304,1,0,686894,R,,2.0,0,0,0,1
2026-04-13,823400,"Griffin, Konnor",804606,5,1,671131,R,6.0,1.0,0,1,0,5
2026-04-13,823400,"Horwitz, Spencer",687462,5,2,671131,R,6.0,1.0,0,2,0,5
2026-04-13,823400,"Lowe, Brandon",664040,6,3,676917,R,6.0,1.0,0,3,0,6
2026-04-13,823400,"Mangum, Jake",663968,5,1,676917,R,6.0,2.0,0,1,0,5
2026-04-13,823400,"O'Hearn, Ryan",656811,5,1,687606,R,3.0,1.0,0,1,0,5
2026-04-14,823398,"Cruz, Oneil",665833,5,0,680730,L,6.0,1.0,0,0,3,2
2026-04-14,823398,"Gonzales, Nick",693304,4,0,571945,R,6.0,1.0,0,0,1,3
2026-04-14,823398,"Griffin, Konnor",804606,4,2,571945,R,6.0,1.0,1,1,1,3
2026-04-14,823398,"Horwitz, Spencer",687462,2,0,571945,R,6.0,1.0,0,0,0,2
2026-04-14,823398,"Lowe, Brandon",664040,3,1,571945,R,6.0,1.0,1,0,2,1
2026-04-14,823398,"Mangum, Jake",663968,2,1,680730,L,2.0,1.0,1,0,1,1
2026-04-14,823398,"O'Hearn, Ryan",656811,4,0,571945,R,6.0,1.0,0,0,3,1
2026-04-15,823399,"Cruz, Oneil",665833,4,0,663623,R,5.0,1.0,0,0,0,4
2026-04-15,823399,"Davis, Henry",680779,3,0,663623,R,5.0,2.0,0,0,0,3
2026-04-15,823399,"Gonzales, Nick",693304,4,1,663623,R,5.0,1.0,0,1,0,4
2026-04-15,823399,"Horwitz, Spencer",687462,3,0,663623,R,5.0,1.0,0,0,0,3
2026-04-15,823399,"Lowe, Brandon",664040,4,0,663623,R,5.0,1.0,0,0,0,4
2026-04-15,823399,"O'Hearn, Ryan",656811,4,3,663623,R,5.0,1.0,0,3,0,4
2026-04-16,823396,"Cruz, Oneil",665833,5,2,656492,L,5.0,1.0,2,0,4,1
2026-04-16,823396,"Gonzales, Nick",693304,4,2,656492,L,5.0,1.0,2,0,4,0
2026-04-16,823396,"Griffin, Konnor",804606,5,2,656492,L,5.0,2.0,0,2,3,2
2026-04-16,823396,"Horwitz, Spencer",687462,1,0,687606,R,3.0,1.0,0,0,0,1
2026-04-16,823396,"Lowe, Brandon",664040,5,2,656492,L,5.0,1.0,1,1,4,1
2026-04-16,823396,"Mangum, Jake",663968,6,3,656492,L,5.0,2.0,3,0,4,2
2026-04-16,823396,"O'Hearn, Ryan",656811,1,0,690925,R,2.0,1.0,0,0,0,1
2026-04-17,823397,"Cruz, Oneil",665833,5,1,607259,R,6.0,1.0,0,1,0,5
2026-04-17,823397,"Davis, Henry",680779,4,0,607259,R,6.0,2.0,0,0,0,4
2026-04-17,823397,"Gonzales, Nick",693304,4,0,607259,R,6.0,1.0,0,0,0,4
2026-04-17,823397,"Griffin, Konnor",804606,4,1,607259,R,6.0,1.0,0,1,0,4
2026-04-17,823397,"Horwitz, Spencer",687462,4,3,607259,R,6.0,1.0,0,3,0,4
2026-04-17,823397,"Lowe, Brandon",664040,5,3,607259,R,6.0,1.0,0,3,0,5
2026-04-17,823397,"O'Hearn, Ryan",656811,4,0,607259,R,6.0,1.0,0,0,0,4
2026-04-18,823394,"Cruz, Oneil",665833,6,1,656876,R,6.0,1.0,1,0,1,5
2026-04-18,823394,"Davis, Henry",680779,4,0,656876,R,6.0,1.0,0,0,0,4
2026-04-18,823394,"Gonzales, Nick",693304,1,0,687330,R,2.0,1.0,0,0,0,1
2026-04-18,823394,"Griffin, Konnor",804606,6,1,656876,R,6.0,1.0,0,1,0,6
2026-04-18,823394,"Horwitz, Spencer",687462,6,0,641329,R,2.0,1.0,0,0,1,5
2026-04-18,823394,"Lowe, Brandon",664040,6,0,656876,R,6.0,1.0,0,0,1,5
2026-04-18,823394,"Mangum, Jake",663968,2,0,643377,R,1.0,2.0,0,0,0,2
2026-04-18,823394,"O'Hearn, Ryan",656811,4,2,656876,R,6.0,1.0,0,2,1,3
2026-04-19,823393,"Cruz, Oneil",665833,4,0,663556,L,5.0,1.0,0,0,3,1
2026-04-19,823393,"Gonzales, Nick",693304,4,2,663556,L,5.0,1.0,2,0,3,1
2026-04-19,823393,"Griffin, Konnor",804606,4,1,663556,L,5.0,1.0,1,0,3,1
2026-04-19,823393,"Horwitz, Spencer",687462,2,1,669438,R,1.0,1.0,0,1,1,1
2026-04-19,823393,"Mangum, Jake",663968,5,2,663556,L,5.0,1.0,2,0,4,1
2026-04-21,822914,"Cruz, Oneil",665833,4,1,677958,R,6.0,2.0,0,1,1,3
2026-04-21,822914,"Davis, Henry",680779,3,0,677958,R,6.0,3.0,0,0,0,3
2026-04-21,822914,"Gonzales, Nick",693304,4,2,677958,R,6.0,2.0,0,2,0,4
2026-04-21,822914,"Griffin, Konnor",804606,3,0,677958,R,6.0,2.0,0,0,0,3
2026-04-21,822914,"Mangum, Jake",663968,4,2,677958,R,6.0,2.0,0,2,0,4
2026-04-21,822914,"O'Hearn, Ryan",656811,4,1,677958,R,6.0,3.0,0,1,1,3
2026-04-22,822913,"Cruz, Oneil",665833,5,1,683004,R,6.0,1.0,1,0,2,3
2026-04-22,822913,"Davis, Henry",680779,3,0,683004,R,6.0,1.0,0,0,1,2
2026-04-22,822913,"Gonzales, Nick",693304,4,1,683004,R,6.0,1.0,0,1,1,3
2026-04-22,822913,"Griffin, Konnor",804606,4,0,683004,R,6.0,1.0,0,0,1,3
2026-04-22,822913,"Horwitz, Spencer",687462,4,2,683004,R,6.0,3.0,0,2,1,3
2026-04-22,822913,"Lowe, Brandon",664040,5,1,683004,R,6.0,4.0,0,1,2,3
2026-04-22,822913,"Mangum, Jake",663968,1,0,668390,R,1.0,1.0,0,0,0,1
2026-04-22,822913,"O'Hearn, Ryan",656811,4,1,683004,R,6.0,1.0,1,0,1,3
2026-04-23,822912,"Cruz, Oneil",665833,4,1,594798,R,6.0,1.0,0,1,1,3
2026-04-23,822912,"Gonzales, Nick",693304,4,2,594798,R,6.0,1.0,0,2,0,4
2026-04-23,822912,"Griffin, Konnor",804606,4,0,594798,R,6.0,1.0,0,0,0,4
2026-04-23,822912,"Horwitz, Spencer",687462,4,0,594798,R,6.0,1.0,0,0,0,4
2026-04-23,822912,"Lowe, Brandon",664040,4,0,594798,R,6.0,1.0,0,0,1,3
2026-04-23,822912,"O'Hearn, Ryan",656811,4,1,594798,R,6.0,1.0,0,1,0,4
2026-04-24,823800,"Cruz, Oneil",665833,5,0,605540,R,6.0,1.0,0,0,2,3
2026-04-24,823800,"Davis, Henry",680779,4,1,605540,R,6.0,2.0,0,1,2,2
2026-04-24,823800,"Gonzales, Nick",693304,4,1,605540,R,6.0,1.0,0,1,2,2
2026-04-24,823800,"Griffin, Konnor",804606,4,3,605540,R,6.0,1.0,1,2,2,2
2026-04-24,823800,"Horwitz, Spencer",687462,4,1,605540,R,6.0,1.0,1,0,2,2
2026-04-24,823800,"Lowe, Brandon",664040,5,1,605540,R,6.0,1.0,0,1,2,3
2026-04-24,823800,"O'Hearn, Ryan",656811,4,2,605540,R,6.0,1.0,2,0,2,2
2026-04-25,823799,"Cruz, Oneil",665833,5,0,694819,R,6.0,1.0,0,0,2,3
2026-04-25,823799,"Davis, Henry",680779,4,0,694819,R,6.0,1.0,0,0,1,3
2026-04-25,823799,"Gonzales, Nick",693304,5,3,694819,R,6.0,1.0,0,3,1,4
2026-04-25,823799,"Griffin, Konnor",804606,4,2,694819,R,6.0,1.0,0,2,0,4
2026-04-25,823799,"Horwitz, Spencer",687462,5,1,694819,R,6.0,1.0,0,1,1,4
2026-04-25,823799,"Lowe, Brandon",664040,4,1,694819,R,6.0,1.0,1,0,1,3
2026-04-25,823799,"Mangum, Jake",663968,4,0,694819,R,6.0,3.0,0,0,0,4
2026-04-25,823799,"O'Hearn, Ryan",656811,5,1,694819,R,6.0,1.0,0,1,2,3
2026-04-26,823797,"Gonzales, Nick",693304,4,1,690986,L,5.0,1.0,0,1,3,1
2026-04-26,823797,"Griffin, Konnor",804606,3,0,690986,L,5.0,1.0,0,0,3,0
2026-04-26,823797,"Horwitz, Spencer",687462,1,0,682842,R,1.0,1.0,0,0,0,1
2026-04-26,823797,"Mangum, Jake",663968,4,0,690986,L,5.0,1.0,0,0,4,0
2026-04-26,823797,"O'Hearn, Ryan",656811,4,0,690986,L,5.0,1.0,0,0,2,2
2026-04-27,823395,"Davis, Henry",680779,3,1,669160,R,6.0,2.0,0,1,0,3
2026-04-27,823395,"Gonzales, Nick",693304,4,3,669160,R,6.0,1.0,0,3,0,4
2026-04-27,823395,"Griffin, Konnor",804606,5,0,669160,R,6.0,1.0,0,0,0,5
2026-04-27,823395,"Horwitz, Spencer",687462,4,1,669160,R,6.0,1.0,0,1,0,4
2026-04-27,823395,"Lowe, Brandon",664040,4,0,669160,R,6.0,2.0,0,0,0,4
2026-04-27,823395,"Mangum, Jake",663968,3,2,669160,R,6.0,1.0,0,2,0,3
2026-04-27,823395,"O'Hearn, Ryan",656811,4,1,669160,R,6.0,1.0,0,1,0,4
2026-04-28,823390,"Cruz, Oneil",665833,5,2,681517,R,6.0,3.0,1,1,1,4
2026-04-28,823390,"Davis, Henry",680779,3,0,681517,R,6.0,1.0,0,0,0,3
2026-04-28,823390,"Gonzales, Nick",693304,4,2,681517,R,6.0,1.0,1,1,1,3
2026-04-28,823390,"Griffin, Konnor",804606,4,2,681517,R,6.0,1.0,0,2,0,4
2026-04-28,823390,"Horwitz, Spencer",687462,4,1,681517,R,6.0,1.0,0,1,1,3
2026-04-28,823390,"Lowe, Brandon",664040,3,1,681517,R,6.0,1.0,0,1,0,3
2026-04-28,823390,"Mangum, Jake",663968,4,1,681517,R,6.0,1.0,0,1,0,4
2026-04-28,823390,"O'Hearn, Ryan",656811,4,2,681517,R,6.0,1.0,1,1,1,3
2026-04-29,823392,"Cruz, Oneil",665833,5,0,669467,R,5.0,1.0,0,0,0,5
2026-04-29,823392,"Gonzales, Nick",693304,5,1,669467,R,5.0,1.0,0,1,0,5
2026-04-29,823392,"Griffin, Konnor",804606,4,1,669467,R,5.0,1.0,0,1,0,4
2026-04-29,823392,"Horwitz, Spencer",687462,4,1,669467,R,5.0,1.0,0,1,0,4
2026-04-29,823392,"Lowe, Brandon",664040,3,1,669467,R,5.0,1.0,0,1,0,3
2026-04-29,823392,"Mangum, Jake",663968,1,0,666277,R,2.0,1.0,0,0,0,1
2026-04-29,823392,"O'Hearn, Ryan",656811,5,1,669467,R,5.0,1.0,0,1,1,4
2026-04-30,823391,"Cruz, Oneil",665833,5,1,690928,R,1.0,1.0,0,1,1,4
2026-04-30,823391,"Davis, Henry",680779,3,0,690928,R,2.0,2.0,0,0,0,3
2026-04-30,823391,"Gonzales, Nick",693304,4,0,690928,R,2.0,1.0,0,0,0,4
2026-04-30,823391,"Griffin, Konnor",804606,4,1,690928,R,2.0,1.0,0,1,0,4
2026-04-30,823391,"Horwitz, Spencer",687462,4,0,690928,R,2.0,1.0,0,0,0,4
2026-04-30,823391,"Lowe, Brandon",664040,5,2,690928,R,1.0,1.0,1,1,2,3
2026-04-30,823391,"Mangum, Jake",663968,4,1,690928,R,2.0,1.0,0,1,0,4
2026-04-30,823391,"O'Hearn, Ryan",656811,5,0,690928,R,1.0,1.0,0,0,2,3
2026-05-01,823389,"Cruz, Oneil",665833,5,1,663903,R,6.0,1.0,0,1,1,4
2026-05-01,823389,"Davis, Henry",680779,4,2,663903,R,6.0,1.0,0,2,0,4
2026-05-01,823389,"Gonzales, Nick",693304,5,3,663903,R,6.0,1.0,0,3,0,5
2026-05-01,823389,"Griffin, Konnor",804606,5,1,663903,R,6.0,1.0,0,1,0,5
2026-05-01,823389,"Horwitz, Spencer",687462,5,0,663903,R,6.0,1.0,0,0,0,5
2026-05-01,823389,"Lowe, Brandon",664040,5,0,663903,R,6.0,1.0,0,0,1,4
2026-05-01,823389,"O'Hearn, Ryan",656811,5,2,663903,R,6.0,1.0,0,2,0,5
2026-05-02,823388,"Cruz, Oneil",665833,6,2,695076,R,6.0,1.0,1,1,2,4
2026-05-02,823388,"Davis, Henry",680779,6,0,695076,R,6.0,1.0,0,0,2,4
2026-05-02,823388,"Gonzales, Nick",693304,6,2,656271,L,4.0,1.0,1,1,2,4
2026-05-02,823388,"Griffin, Konnor",804606,6,4,656271,L,4.0,1.0,1,3,2,4
2026-05-02,823388,"Horwitz, Spencer",687462,6,2,594580,L,1.0,1.0,1,1,2,4
2026-05-02,823388,"Lowe, Brandon",664040,5,1,695076,R,6.0,1.0,0,1,2,3
2026-05-02,823388,"Mangum, Jake",663968,1,0,624431,R,1.0,2.0,0,0,0,1
2026-05-02,823388,"O'Hearn, Ryan",656811,5,2,695076,R,6.0,1.0,1,1,2,3
2026-05-03,823387,"Cruz, Oneil",665833,4,2,695505,R,5.0,1.0,0,2,0,4
2026-05-03,823387,"Gonzales, Nick",693304,3,0,695505,R,5.0,1.0,0,0,0,3
2026-05-03,823387,"Griffin, Konnor",804606,3,1,695505,R,5.0,1.0,0,1,0,3
2026-05-03,823387,"Horwitz, Spencer",687462,3,0,695505,R,5.0,1.0,0,0,0,3
2026-05-03,823387,"Lowe, Brandon",664040,4,0,695505,R,5.0,1.0,0,0,0,4
2026-05-03,823387,"Mangum, Jake",663968,1,0,663574,R,3.0,1.0,0,0,0,1
2026-05-03,823387,"O'Hearn, Ryan",656811,3,0,695505,R,5.0,1.0,0,0,0,3
2026-05-05,825092,"Cruz, Oneil",665833,4,0,593958,L,6.0,2.0,0,0,3,1
2026-05-05,825092,"Gonzales, Nick",693304,4,0,593958,L,6.0,2.0,0,0,3,1
2026-05-05,825092,"Griffin, Konnor",804606,3,1,593958,L,6.0,2.0,1,0,3,0
2026-05-05,825092,"Mangum, Jake",663968,3,0,593958,L,6.0,2.0,0,0,3,0
2026-05-05,825092,"O'Hearn, Ryan",656811,3,0,593958,L,6.0,2.0,0,0,3,0
2026-05-06,825091,"Cruz, Oneil",665833,4,0,647336,R,6.0,1.0,0,0,0,4
2026-05-06,825091,"Davis, Henry",680779,4,0,647336,R,6.0,4.0,0,0,0,4
2026-05-06,825091,"Gonzales, Nick",693304,4,0,647336,R,6.0,1.0,0,0,0,4
2026-05-06,825091,"Griffin, Konnor",804606,4,1,647336,R,6.0,1.0,0,1,0,4
2026-05-06,825091,"Horwitz, Spencer",687462,4,1,647336,R,6.0,3.0,0,1,0,4
2026-05-06,825091,"Lowe, Brandon",664040,4,2,647336,R,6.0,3.0,0,2,0,4
2026-05-06,825091,"O'Hearn, Ryan",656811,4,0,647336,R,6.0,1.0,0,0,0,4
2026-05-07,825090,"Cruz, Oneil",665833,5,0,668678,R,6.0,1.0,0,0,0,5
2026-05-07,825090,"Griffin, Konnor",804606,4,0,668678,R,6.0,1.0,0,0,0,4
2026-05-07,825090,"Horwitz, Spencer",687462,4,1,668678,R,6.0,1.0,0,1,0,4
2026-05-07,825090,"Lowe, Brandon",664040,5,3,668678,R,6.0,1.0,1,2,1,4
2026-05-07,825090,"O'Hearn, Ryan",656811,4,1,668678,R,6.0,1.0,0,1,1,3
2026-05-08,823225,"Cruz, Oneil",665833,4,1,592662,L,7.0,1.0,1,0,3,1
2026-05-08,823225,"Gonzales, Nick",693304,4,0,592662,L,7.0,2.0,0,0,4,0
2026-05-08,823225,"Griffin, Konnor",804606,4,1,592662,L,7.0,1.0,1,0,2,2
2026-05-08,823225,"Horwitz, Spencer",687462,1,1,668873,R,4.0,1.0,0,1,0,1
2026-05-08,823225,"Lowe, Brandon",664040,2,0,668873,R,4.0,1.0,0,0,0,2
2026-05-08,823225,"O'Hearn, Ryan",656811,1,0,668873,R,4.0,1.0,0,0,0,1
2026-05-09,823224,"Cruz, Oneil",665833,6,3,694738,R,7.0,1.0,2,1,2,4
2026-05-09,823224,"Gonzales, Nick",693304,6,4,694738,R,7.0,1.0,0,4,0,6
2026-05-09,823224,"Griffin, Konnor",804606,5,1,694738,R,7.0,1.0,0,1,0,5
2026-05-09,823224,"Horwitz, Spencer",687462,5,1,694738,R,7.0,1.0,0,1,0,5
2026-05-09,823224,"Lowe, Brandon",664040,6,2,694738,R,7.0,1.0,0,2,2,4
2026-05-09,823224,"O'Hearn, Ryan",656811,6,2,694738,R,7.0,1.0,0,2,1,5
2026-05-10,823221,"Cruz, Oneil",665833,6,1,641816,R,7.0,1.0,0,1,1,5
2026-05-10,823221,"Davis, Henry",680779,5,1,641816,R,7.0,4.0,0,1,0,5
2026-05-10,823221,"Gonzales, Nick",693304,6,1,641816,R,7.0,1.0,0,1,2,4
2026-05-10,823221,"Griffin, Konnor",804606,6,1,641816,R,7.0,1.0,0,1,1,5
2026-05-10,823221,"Horwitz, Spencer",687462,6,2,641816,R,7.0,1.0,0,2,1,5
2026-05-10,823221,"Lowe, Brandon",664040,6,0,641816,R,7.0,1.0,0,0,2,4
2026-05-10,823221,"O'Hearn, Ryan",656811,6,1,641816,R,7.0,1.0,0,1,1,5
2026-05-12,823385,"Cruz, Oneil",665833,4,3,547179,R,6.0,2.0,0,3,0,4
2026-05-12,823385,"Davis, Henry",680779,4,0,547179,R,6.0,2.0,0,0,0,4
2026-05-12,823385,"Gonzales, Nick",693304,4,2,547179,R,6.0,2.0,0,2,0,4
2026-05-12,823385,"Griffin, Konnor",804606,4,0,547179,R,6.0,2.0,0,0,0,4
2026-05-12,823385,"Horwitz, Spencer",687462,4,2,547179,R,6.0,2.0,0,2,0,4
2026-05-12,823385,"Lowe, Brandon",664040,4,1,547179,R,6.0,2.0,0,1,0,4
2026-05-12,823385,"O'Hearn, Ryan",656811,4,0,547179,R,6.0,2.0,0,0,0,4
2026-05-13,823386,"Cruz, Oneil",665833,4,0,500779,L,6.0,1.0,0,0,3,1
2026-05-13,823386,"Davis, Henry",680779,3,0,500779,L,6.0,1.0,0,0,2,1
2026-05-13,823386,"Gonzales, Nick",693304,4,0,500779,L,6.0,1.0,0,0,3,1
2026-05-13,823386,"Griffin, Konnor",804606,4,1,500779,L,6.0,1.0,1,0,2,2
2026-05-13,823386,"Horwitz, Spencer",687462,2,0,622608,R,6.0,1.0,0,0,1,1
2026-05-13,823386,"Lowe, Brandon",664040,4,0,500779,L,6.0,1.0,0,0,3,1
2026-05-13,823386,"O'Hearn, Ryan",656811,4,2,500779,L,6.0,1.0,1,1,2,2
2026-05-14,823383,"Cruz, Oneil",665833,5,1,685299,R,5.0,1.0,0,1,1,4
2026-05-14,823383,"Griffin, Konnor",804606,4,2,685299,R,5.0,1.0,1,1,1,3
2026-05-14,823383,"Horwitz, Spencer",687462,4,1,685299,R,5.0,1.0,0,1,1,3
2026-05-14,823383,"Lowe, Brandon",664040,5,0,685299,R,5.0,1.0,0,0,1,4
2026-05-14,823383,"O'Hearn, Ryan",656811,4,3,685299,R,5.0,1.0,1,2,1,3
2026-05-15,823384,"Cruz, Oneil",665833,5,2,605400,R,6.0,1.0,0,2,2,3
2026-05-15,823384,"Gonzales, Nick",693304,1,0,689147,R,2.0,2.0,0,0,0,1
2026-05-15,823384,"Griffin, Konnor",804606,5,1,605400,R,6.0,1.0,0,1,0,5
2026-05-15,823384,"Horwitz, Spencer",687462,4,2,605400,R,6.0,1.0,0,2,0,4
2026-05-15,823384,"Lowe, Brandon",664040,5,2,605400,R,6.0,1.0,1,1,2,3
2026-05-15,823384,"O'Hearn, Ryan",656811,5,0,605400,R,6.0,1.0,0,0,2,3
2026-05-16,823382,"Cruz, Oneil",665833,4,0,650911,L,6.0,1.0,0,0,4,0
2026-05-16,823382,"Davis, Henry",680779,3,0,650911,L,6.0,3.0,0,0,3,0
2026-05-16,823382,"Gonzales, Nick",693304,3,2,650911,L,6.0,1.0,2,0,3,0
2026-05-16,823382,"Griffin, Konnor",804606,4,2,650911,L,6.0,1.0,2,0,4,0
2026-05-16,823382,"Lowe, Brandon",664040,3,0,650911,L,6.0,1.0,0,0,3,0
2026-05-16,823382,"O'Hearn, Ryan",656811,1,0,650911,L,6.0,1.0,0,0,1,0
2026-05-17,823381,"Cruz, Oneil",665833,4,1,554430,R,5.0,1.0,0,1,0,4
2026-05-17,823381,"Davis, Henry",680779,3,0,554430,R,5.0,1.0,0,0,0,3
2026-05-17,823381,"Gonzales, Nick",693304,4,1,554430,R,5.0,1.0,0,1,1,3
2026-05-17,823381,"Griffin, Konnor",804606,3,1,554430,R,5.0,1.0,0,1,0,3
2026-05-17,823381,"Horwitz, Spencer",687462,4,1,554430,R,5.0,2.0,0,1,1,3
2026-05-17,823381,"Lowe, Brandon",664040,4,1,554430,R,5.0,1.0,0,1,0,4
2026-05-17,823381,"Mangum, Jake",663968,3,0,554430,R,5.0,12.0,0,0,0,3
2026-05-19,823059,"Cruz, Oneil",665833,5,2,669461,L,6.0,2.0,2,0,4,1
2026-05-19,823059,"Davis, Henry",680779,3,0,669461,L,6.0,2.0,0,0,2,1
2026-05-19,823059,"Gonzales, Nick",693304,6,1,669461,L,6.0,2.0,0,1,3,3
2026-05-19,823059,"Griffin, Konnor",804606,5,1,669461,L,6.0,2.0,0,1,3,2
2026-05-19,823059,"Horwitz, Spencer",687462,1,1,676617,R,4.0,2.0,0,1,0,1
2026-05-19,823059,"Lowe, Brandon",664040,5,2,669461,L,6.0,2.0,2,0,3,2
2026-05-19,823059,"Mangum, Jake",663968,1,0,666277,R,3.0,2.0,0,0,0,1
2026-05-20,823057,"Cruz, Oneil",665833,5,0,700241,R,6.0,1.0,0,0,1,4
2026-05-20,823057,"Gonzales, Nick",693304,5,2,700241,R,6.0,1.0,0,2,1,4
2026-05-20,823057,"Griffin, Konnor",804606,5,4,700241,R,6.0,1.0,0,4,0,5
2026-05-20,823057,"Horwitz, Spencer",687462,5,1,700241,R,6.0,1.0,0,1,1,4
2026-05-20,823057,"Lowe, Brandon",664040,5,1,700241,R,6.0,1.0,0,1,1,4
2026-05-20,823057,"Mangum, Jake",663968,5,2,700241,R,6.0,1.0,0,2,1,4
2026-05-21,823056,"Cruz, Oneil",665833,5,1,669160,R,6.0,1.0,1,0,1,4
2026-05-21,823056,"Davis, Henry",680779,4,1,669160,R,6.0,2.0,1,0,1,3
2026-05-21,823056,"Griffin, Konnor",804606,4,1,669160,R,6.0,1.0,0,1,0,4
2026-05-21,823056,"Horwitz, Spencer",687462,4,1,669160,R,6.0,1.0,0,1,1,3
2026-05-21,823056,"Lowe, Brandon",664040,5,2,669160,R,6.0,1.0,1,1,1,4
2026-05-21,823056,"Mangum, Jake",663968,4,1,669160,R,6.0,1.0,0,1,0,4
2026-05-22,822816,"Cruz, Oneil",665833,4,0,592332,R,5.0,1.0,0,0,1,3
2026-05-22,822816,"Gonzales, Nick",693304,4,2,592332,R,5.0,2.0,1,1,1,3
2026-05-22,822816,"Griffin, Konnor",804606,4,0,592332,R,5.0,1.0,0,0,0,4
2026-05-22,822816,"Horwitz, Spencer",687462,3,0,592332,R,5.0,1.0,0,0,0,3
2026-05-22,822816,"Lowe, Brandon",664040,4,2,592332,R,5.0,1.0,0,2,1,3
2026-05-22,822816,"Mangum, Jake",663968,4,0,592332,R,5.0,1.0,0,0,0,4
2026-05-23,822814,"Cruz, Oneil",665833,2,0,680755,R,2.0,1.0,0,0,0,2
2026-05-23,822814,"Davis, Henry",680779,3,0,571578,L,5.0,2.0,0,0,2,1
2026-05-23,822814,"Gonzales, Nick",693304,4,0,571578,L,5.0,1.0,0,0,3,1
2026-05-23,822814,"Griffin, Konnor",804606,4,0,571578,L,5.0,1.0,0,0,3,1
2026-05-23,822814,"Horwitz, Spencer",687462,4,1,571578,L,5.0,1.0,1,0,4,0
2026-05-23,822814,"Lowe, Brandon",664040,2,0,680755,R,2.0,1.0,0,0,0,2
2026-05-24,822813,"Cruz, Oneil",665833,4,1,656302,R,5.0,1.0,0,1,1,3
2026-05-24,822813,"Gonzales, Nick",693304,4,0,656302,R,5.0,1.0,0,0,1,3
2026-05-24,822813,"Horwitz, Spencer",687462,5,1,656302,R,5.0,1.0,0,1,0,5
2026-05-24,822813,"Lowe, Brandon",664040,4,1,656302,R,5.0,1.0,1,0,1,3
2026-05-24,822813,"Mangum, Jake",663968,4,1,656302,R,5.0,2.0,0,1,0,4
2026-05-25,823380,"Cruz, Oneil",665833,4,2,676962,R,6.0,1.0,0,2,0,4
2026-05-25,823380,"Davis, Henry",680779,3,1,676962,R,6.0,2.0,0,1,0,3
2026-05-25,823380,"Gonzales, Nick",693304,4,0,676962,R,6.0,1.0,0,0,0,4
2026-05-25,823380,"Griffin, Konnor",804606,4,0,676962,R,6.0,2.0,0,0,0,4
2026-05-25,823380,"Horwitz, Spencer",687462,4,2,676962,R,6.0,1.0,0,2,0,4
2026-05-25,823380,"Lowe, Brandon",664040,4,2,676962,R,6.0,1.0,0,2,0,4
2026-05-26,823379,"Cruz, Oneil",665833,4,3,696136,L,3.0,1.0,3,0,4,0
2026-05-26,823379,"Davis, Henry",680779,4,0,696136,L,6.0,1.0,0,0,3,1
2026-05-26,823379,"Gonzales, Nick",693304,5,2,696136,L,3.0,1.0,2,0,5,0
2026-05-26,823379,"Griffin, Konnor",804606,5,1,696136,L,3.0,1.0,1,0,4,1
2026-05-26,823379,"Horwitz, Spencer",687462,4,2,696136,L,3.0,1.0,1,1,3,1
2026-05-26,823379,"Lowe, Brandon",664040,4,2,696136,L,3.0,1.0,2,0,4,0
2026-05-26,823379,"Mangum, Jake",663968,1,0,571948,L,4.0,2.0,0,0,1,0
2026-05-27,823376,"Cruz, Oneil",665833,4,0,592791,R,5.0,1.0,0,0,1,3
2026-05-27,823376,"Gonzales, Nick",693304,4,0,592791,R,5.0,1.0,0,0,1,3
2026-05-27,823376,"Griffin, Konnor",804606,4,1,592791,R,5.0,1.0,0,1,0,4
2026-05-27,823376,"Horwitz, Spencer",687462,4,1,592791,R,5.0,1.0,0,1,0,4
2026-05-27,823376,"Lowe, Brandon",664040,4,1,592791,R,5.0,1.0,0,1,1,3
2026-05-28,823378,"Cruz, Oneil",665833,4,0,607067,R,5.0,1.0,0,0,1,3
2026-05-28,823378,"Davis, Henry",680779,4,0,607067,R,5.0,2.0,0,0,1,3
2026-05-28,823378,"Gonzales, Nick",693304,1,0,607067,R,5.0,1.0,0,0,0,1
2026-05-28,823378,"Horwitz, Spencer",687462,5,0,607067,R,5.0,1.0,0,0,1,4
2026-05-28,823378,"Lowe, Brandon",664040,4,0,607067,R,5.0,1.0,0,0,1,3
2026-05-28,823378,"Mangum, Jake",663968,4,1,607067,R,5.0,2.0,0,1,1,3
2026-05-29,823377,"Cruz, Oneil",665833,4,1,671737,R,6.0,1.0,0,1,1,3
2026-05-29,823377,"Gonzales, Nick",693304,4,1,671737,R,6.0,1.0,0,1,1,3
2026-05-29,823377,"Griffin, Konnor",804606,4,2,671737,R,6.0,2.0,0,2,0,4
2026-05-29,823377,"Horwitz, Spencer",687462,5,2,671737,R,6.0,1.0,1,1,1,4
2026-05-29,823377,"Lowe, Brandon",664040,5,0,671737,R,6.0,1.0,0,0,2,3
2026-05-29,823377,"Mangum, Jake",663968,1,0,689520,R,51.0,1.0,0,0,0,1
2026-05-30,823375,"Cruz, Oneil",665833,5,1,641927,R,6.0,1.0,0,1,1,4
2026-05-30,823375,"Gonzales, Nick",693304,5,3,641927,R,6.0,1.0,1,2,1,4
2026-05-30,823375,"Griffin, Konnor",804606,5,2,641927,R,6.0,1.0,0,2,1,4
2026-05-30,823375,"Horwitz, Spencer",687462,5,2,641927,R,6.0,1.0,0,2,1,4
2026-05-30,823375,"Lowe, Brandon",664040,3,1,641927,R,6.0,1.0,0,1,0,3
2026-05-30,823375,"Mangum, Jake",663968,5,3,641927,R,6.0,1.0,1,2,1,4
2026-05-31,823373,"Cruz, Oneil",665833,4,0,805673,R,6.0,1.0,0,0,0,4
2026-05-31,823373,"Davis, Henry",680779,4,1,805673,R,6.0,3.0,0,1,0,4
2026-05-31,823373,"Gonzales, Nick",693304,4,1,805673,R,6.0,1.0,0,1,0,4
2026-05-31,823373,"Horwitz, Spencer",687462,5,1,805673,R,6.0,1.0,0,1,0,5
2026-05-31,823373,"Lowe, Brandon",664040,5,1,805673,R,6.0,1.0,0,1,0,5
2026-05-31,823373,"Mangum, Jake",663968,4,1,805673,R,6.0,1.0,0,1,0,4
2026-05-31,823373,"O'Hearn, Ryan",656811,4,2,805673,R,6.0,15.0,0,2,0,4
2026-06-02,824189,"Cruz, Oneil",665833,5,2,681347,R,6.0,2.0,0,2,1,4
2026-06-02,824189,"Gonzales, Nick",693304,5,3,681347,R,6.0,2.0,0,3,1,4
2026-06-02,824189,"Horwitz, Spencer",687462,5,0,681347,R,6.0,2.0,0,0,0,5
2026-06-02,824189,"Lowe, Brandon",664040,5,1,681347,R,6.0,2.0,0,1,1,4
2026-06-02,824189,"Mangum, Jake",663968,5,3,681347,R,6.0,2.0,0,3,0,5
2026-06-02,824189,"O'Hearn, Ryan",656811,5,1,681347,R,6.0,2.0,0,1,1,4
2026-06-03,824188,"Cruz, Oneil",665833,5,2,681293,R,6.0,1.0,0,2,0,5
2026-06-03,824188,"Davis, Henry",680779,4,1,681293,R,6.0,3.0,0,1,1,3
2026-06-03,824188,"Gonzales, Nick",693304,5,2,681293,R,6.0,1.0,0,2,0,5
2026-06-03,824188,"Horwitz, Spencer",687462,5,3,681293,R,6.0,1.0,1,2,1,4
2026-06-03,824188,"Lowe, Brandon",664040,5,0,681293,R,6.0,1.0,0,0,1,4
2026-06-03,824188,"O'Hearn, Ryan",656811,2,0,663878,R,3.0,1.0,0,0,1,1
2026-06-04,824185,"Cruz, Oneil",665833,4,2,678906,R,6.0,1.0,1,1,1,3
2026-06-04,824185,"Gonzales, Nick",693304,4,1,678906,R,6.0,1.0,0,1,0,4
2026-06-04,824185,"Horwitz, Spencer",687462,5,0,678906,R,6.0,1.0,0,0,1,4
2026-06-04,824185,"Lowe, Brandon",664040,5,2,678906,R,6.0,1.0,0,2,1,4
2026-06-04,824185,"Mangum, Jake",663968,4,1,678906,R,6.0,2.0,0,1,1,3
2026-06-04,824185,"O'Hearn, Ryan",656811,4,2,678906,R,6.0,1.0,0,2,0,4
2026-06-05,824914,"Cruz, Oneil",665833,4,0,527048,L,6.0,1.0,0,0,2,2
2026-06-05,824914,"Davis, Henry",680779,2,0,527048,L,6.0,2.0,0,0,2,0
2026-06-05,824914,"Gonzales, Nick",693304,4,1,527048,L,6.0,1.0,1,0,3,1
2026-06-05,824914,"Horwitz, Spencer",687462,3,0,527048,L,6.0,1.0,0,0,3,0
2026-06-05,824914,"Lowe, Brandon",664040,4,0,527048,L,6.0,1.0,0,0,3,1
2026-06-05,824914,"O'Hearn, Ryan",656811,1,0,628452,R,3.0,1.0,0,0,0,1
2026-06-06,824915,"Cruz, Oneil",665833,4,0,675911,R,6.0,1.0,0,0,1,3
2026-06-06,824915,"Gonzales, Nick",693304,4,2,675911,R,6.0,1.0,0,2,1,3
2026-06-06,824915,"Horwitz, Spencer",687462,5,1,675911,R,6.0,1.0,0,1,1,4
2026-06-06,824915,"Lowe, Brandon",664040,4,0,675911,R,6.0,1.0,0,0,1,3
2026-06-06,824915,"Mangum, Jake",663968,1,1,628452,R,1.0,2.0,0,1,0,1
2026-06-06,824915,"O'Hearn, Ryan",656811,4,1,675911,R,6.0,1.0,0,1,1,3
2026-06-07,824916,"Davis, Henry",680779,2,0,693821,R,5.0,2.0,0,0,0,2
2026-06-07,824916,"Gonzales, Nick",693304,4,0,693821,R,5.0,1.0,0,0,0,4
2026-06-07,824916,"Horwitz, Spencer",687462,4,2,693821,R,5.0,1.0,0,2,0,4
2026-06-07,824916,"Lowe, Brandon",664040,1,1,800311,R,2.0,1.0,0,1,0,1
2026-06-07,824916,"Mangum, Jake",663968,4,1,693821,R,5.0,1.0,0,1,0,4
2026-06-07,824916,"O'Hearn, Ryan",656811,4,0,693821,R,5.0,1.0,0,0,0,4
2026-06-09,823374,"Davis, Henry",680779,3,0,641778,L,7.0,2.0,0,0,2,1
2026-06-09,823374,"Gonzales, Nick",693304,4,0,641778,L,7.0,2.0,0,0,3,1
2026-06-09,823374,"Lowe, Brandon",664040,3,0,641778,L,7.0,2.0,0,0,3,0
2026-06-09,823374,"Mangum, Jake",663968,4,0,641778,L,7.0,2.0,0,0,3,1
2026-06-09,823374,"O'Hearn, Ryan",656811,4,1,641778,L,7.0,2.0,1,0,3,1
2026-06-10,823372,"Gonzales, Nick",693304,4,0,660271,R,7.0,1.0,0,0,0,4
2026-06-10,823372,"Horwitz, Spencer",687462,5,2,660271,R,7.0,3.0,1,1,1,4
2026-06-10,823372,"Lowe, Brandon",664040,5,1,660271,R,7.0,1.0,0,1,1,4
2026-06-10,823372,"Mangum, Jake",663968,4,3,660271,R,7.0,1.0,0,3,0,4
2026-06-10,823372,"O'Hearn, Ryan",656811,5,1,660271,R,7.0,1.0,0,1,2,3
2026-06-11,823371,"Gonzales, Nick",693304,5,2,680736,L,7.0,1.0,1,1,3,2
2026-06-11,823371,"Horwitz, Spencer",687462,5,2,680736,L,7.0,1.0,1,1,4,1
2026-06-11,823371,"Lowe, Brandon",664040,5,1,680736,L,7.0,1.0,1,0,5,0
2026-06-11,823371,"Mangum, Jake",663968,4,1,680736,L,7.0,1.0,0,1,2,2
2026-06-11,823371,"O'Hearn, Ryan",656811,3,1,656945,L,2.0,1.0,0,1,2,1
2026-06-12,823370,"Gonzales, Nick",693304,4,1,645261,R,5.0,1.0,1,0,1,3
2026-06-12,823370,"Horwitz, Spencer",687462,4,0,645261,R,5.0,1.0,0,0,0,4
2026-06-12,823370,"Lowe, Brandon",664040,4,1,645261,R,5.0,1.0,0,1,0,4
2026-06-12,823370,"Mangum, Jake",663968,3,0,645261,R,5.0,1.0,0,0,0,3
2026-06-12,823370,"O'Hearn, Ryan",656811,4,0,645261,R,5.0,1.0,0,0,1,3
2026-06-13,823369,"Gonzales, Nick",693304,4,0,669199,R,3.0,1.0,0,0,1,3
2026-06-13,823369,"Horwitz, Spencer",687462,5,1,669622,R,2.0,1.0,1,0,2,3
2026-06-13,823369,"Lowe, Brandon",664040,5,0,669622,R,2.0,1.0,0,0,2,3
2026-06-13,823369,"Mangum, Jake",663968,4,2,669199,R,3.0,1.0,0,2,0,4
2026-06-13,823369,"O'Hearn, Ryan",656811,4,2,656848,R,2.0,1.0,1,1,2,2
2026-06-14,823368,"Davis, Henry",680779,3,0,676974,R,5.0,5.0,0,0,0,3
2026-06-14,823368,"Gonzales, Nick",693304,4,2,676974,R,5.0,1.0,0,2,0,4
2026-06-14,823368,"Horwitz, Spencer",687462,5,0,676974,R,5.0,1.0,0,0,0,5
2026-06-14,823368,"Lowe, Brandon",664040,5,0,676974,R,5.0,1.0,0,0,0,5
2026-06-14,823368,"Mangum, Jake",663968,4,2,676974,R,5.0,1.0,0,2,0,4
2026-06-14,823368,"O'Hearn, Ryan",656811,5,0,676974,R,5.0,1.0,0,0,0,5
2026-06-15,824993,"Gonzales, Nick",693304,4,0,669372,R,6.0,1.0,0,0,0,4
2026-06-15,824993,"Horwitz, Spencer",687462,5,1,669372,R,6.0,1.0,0,1,0,5
2026-06-15,824993,"Lowe, Brandon",664040,5,1,669372,R,6.0,1.0,0,1,0,5
2026-06-15,824993,"Mangum, Jake",663968,4,1,669372,R,6.0,1.0,0,1,0,4
2026-06-15,824993,"O'Hearn, Ryan",656811,4,1,669372,R,6.0,1.0,0,1,0,4
2026-06-16,824991,"Gonzales, Nick",693304,4,0,678022,R,6.0,1.0,0,0,1,3
2026-06-16,824991,"Horwitz, Spencer",687462,5,0,678022,R,6.0,1.0,0,0,1,4
2026-06-16,824991,"Lowe, Brandon",664040,5,1,678022,R,6.0,1.0,0,1,1,4
2026-06-16,824991,"Mangum, Jake",663968,4,1,678022,R,6.0,1.0,0,1,0,4
2026-06-16,824991,"O'Hearn, Ryan",656811,5,3,678022,R,6.0,1.0,1,2,1,4
2026-06-17,824992,"Davis, Henry",680779,5,1,650644,R,23.0,3.0,1,0,1,4
2026-06-17,824992,"Gonzales, Nick",693304,5,2,650644,R,23.0,1.0,1,1,1,4
2026-06-17,824992,"Horwitz, Spencer",687462,6,2,650644,R,23.0,1.0,0,2,1,5
2026-06-17,824992,"Lowe, Brandon",664040,5,1,650644,R,23.0,1.0,0,1,1,4
2026-06-17,824992,"Mangum, Jake",663968,5,1,650644,R,23.0,1.0,0,1,1,4
2026-06-17,824992,"O'Hearn, Ryan",656811,5,3,660761,L,4.0,1.0,1,2,2,3
2026-06-19,824345,"Gonzales, Nick",693304,4,1,607536,L,6.0,2.0,0,1,3,1
2026-06-19,824345,"Horwitz, Spencer",687462,4,0,607536,L,6.0,2.0,0,0,3,1
2026-06-19,824345,"Lowe, Brandon",664040,4,1,607536,L,6.0,2.0,1,0,3,1
2026-06-19,824345,"O'Hearn, Ryan",656811,4,0,607536,L,6.0,2.0,0,0,3,1
2026-06-20,824342,"Davis, Henry",680779,2,0,608372,R,6.0,3.0,0,0,0,2
2026-06-20,824342,"Gonzales, Nick",693304,4,0,608372,R,6.0,1.0,0,0,0,4
2026-06-20,824342,"Horwitz, Spencer",687462,4,2,608372,R,6.0,1.0,0,2,1,3
2026-06-20,824342,"Lowe, Brandon",664040,4,2,608372,R,6.0,1.0,1,1,1,3
2026-06-20,824342,"Mangum, Jake",663968,4,1,608372,R,6.0,3.0,0,1,0,4
2026-06-20,824342,"O'Hearn, Ryan",656811,4,0,608372,R,6.0,1.0,0,0,1,3
2026-06-21,824343,"Gonzales, Nick",693304,4,2,547179,R,6.0,1.0,0,2,0,4
2026-06-21,824343,"Horwitz, Spencer",687462,5,2,547179,R,6.0,1.0,0,2,0,5
2026-06-21,824343,"Lowe, Brandon",664040,5,1,547179,R,6.0,1.0,0,1,0,5
2026-06-21,824343,"Mangum, Jake",663968,4,3,547179,R,6.0,1.0,0,3,0,4
2026-06-21,824343,"O'Hearn, Ryan",656811,4,0,547179,R,6.0,1.0,0,0,0,4
2026-06-23,823365,"Gonzales, Nick",693304,4,2,669923,R,6.0,2.0,0,2,0,4
2026-06-23,823365,"Horwitz, Spencer",687462,5,1,669923,R,6.0,2.0,0,1,1,4
2026-06-23,823365,"Lowe, Brandon",664040,5,2,669923,R,6.0,2.0,0,2,1,4
2026-06-23,823365,"Mangum, Jake",663968,4,1,669923,R,6.0,2.0,0,1,0,4
2026-06-23,823365,"O'Hearn, Ryan",656811,4,1,669923,R,6.0,2.0,0,1,0,4
2026-06-24,823367,"Gonzales, Nick",693304,5,2,693433,R,6.0,1.0,0,2,0,5
2026-06-24,823367,"Horwitz, Spencer",687462,2,0,693433,R,6.0,1.0,0,0,0,2
2026-06-24,823367,"Lowe, Brandon",664040,5,1,693433,R,6.0,1.0,0,1,0,5
2026-06-24,823367,"Mangum, Jake",663968,4,1,693433,R,6.0,1.0,0,1,0,4
2026-06-24,823367,"O'Hearn, Ryan",656811,5,4,693433,R,6.0,1.0,0,4,0,5
2026-06-25,823366,"Davis, Henry",680779,3,2,682243,R,6.0,5.0,0,2,0,3
2026-06-25,823366,"Gonzales, Nick",693304,4,1,682243,R,6.0,1.0,0,1,0,4
2026-06-25,823366,"Lowe, Brandon",664040,4,2,682243,R,6.0,1.0,0,2,0,4
2026-06-25,823366,"Mangum, Jake",663968,4,0,682243,R,6.0,1.0,0,0,0,4
2026-06-25,823366,"O'Hearn, Ryan",656811,4,1,682243,R,6.0,1.0,0,1,1,3
2026-06-26,823363,"Davis, Henry",680779,2,0,671096,L,6.0,1.0,0,0,2,0
2026-06-26,823363,"Gonzales, Nick",693304,2,0,572955,R,3.0,1.0,0,0,0,2
2026-06-26,823363,"Griffin, Konnor",804606,5,2,671096,L,6.0,27.0,2,0,4,1
2026-06-26,823363,"Lowe, Brandon",664040,5,0,671096,L,6.0,1.0,0,0,5,0
2026-06-26,823363,"Mangum, Jake",663968,4,2,671096,L,6.0,1.0,1,1,2,2
2026-06-26,823363,"O'Hearn, Ryan",656811,4,0,671096,L,6.0,1.0,0,0,4,0
2026-06-27,823364,"Gonzales, Nick",693304,5,1,695505,R,6.0,1.0,0,1,1,4
2026-06-27,823364,"Lowe, Brandon",664040,5,1,695505,R,6.0,1.0,0,1,1,4
2026-06-27,823364,"Mangum, Jake",663968,5,2,695505,R,6.0,1.0,0,2,2,3
2026-06-27,823364,"O'Hearn, Ryan",656811,5,1,695505,R,6.0,1.0,1,0,1,4
2026-06-28,823362,"Davis, Henry",680779,4,1,663903,R,6.0,2.0,0,1,1,3
2026-06-28,823362,"Gonzales, Nick",693304,5,1,663903,R,6.0,1.0,0,1,0,5
2026-06-28,823362,"Griffin, Konnor",804606,5,1,663903,R,6.0,2.0,0,1,1,4
2026-06-28,823362,"Lowe, Brandon",664040,5,0,663903,R,6.0,1.0,0,0,1,4
2026-06-28,823362,"Mangum, Jake",663968,5,0,663903,R,6.0,1.0,0,0,0,5
2026-06-28,823362,"O'Hearn, Ryan",656811,5,3,663903,R,6.0,1.0,0,3,0,5
2026-06-29,823444,"Gonzales, Nick",693304,2,0,663767,R,1.0,1.0,0,0,1,1
2026-06-29,823444,"Griffin, Konnor",804606,5,2,605400,R,5.0,1.0,0,2,1,4
2026-06-29,823444,"Lowe, Brandon",664040,5,0,605400,R,5.0,1.0,0,0,0,5
2026-06-29,823444,"Mangum, Jake",663968,4,1,605400,R,5.0,1.0,0,1,1,3
2026-06-29,823444,"O'Hearn, Ryan",656811,5,2,605400,R,5.0,1.0,0,2,1,4
2026-06-30,823445,"Davis, Henry",680779,2,0,650911,L,5.0,2.0,0,0,2,0
2026-06-30,823445,"Gonzales, Nick",693304,4,1,650911,L,5.0,1.0,1,0,3,1
2026-06-30,823445,"Griffin, Konnor",804606,4,0,650911,L,5.0,1.0,0,0,3,1
2026-06-30,823445,"O'Hearn, Ryan",656811,1,0,680742,R,3.0,1.0,0,0,0,1
2026-07-01,823446,"Davis, Henry",680779,4,1,554430,R,5.0,1.0,0,1,1,3
2026-07-01,823446,"Gonzales, Nick",693304,5,3,554430,R,5.0,1.0,0,3,0,5
2026-07-01,823446,"Griffin, Konnor",804606,5,1,554430,R,5.0,1.0,0,1,1,4
2026-07-01,823446,"Lowe, Brandon",664040,5,1,554430,R,5.0,2.0,1,0,1,4
2026-07-01,823446,"Mangum, Jake",663968,5,2,554430,R,5.0,2.0,0,2,1,4
2026-07-01,823446,"O'Hearn, Ryan",656811,5,1,554430,R,5.0,1.0,0,1,0,5
2026-07-02,823442,"Gonzales, Nick",693304,5,3,660604,R,5.0,1.0,2,1,2,3
2026-07-02,823442,"Lowe, Brandon",664040,5,2,660604,R,5.0,1.0,2,0,2,3
2026-07-02,823442,"Mangum, Jake",663968,5,3,660604,R,5.0,1.0,1,2,1,4
2026-07-02,823442,"O'Hearn, Ryan",656811,5,1,660604,R,5.0,1.0,0,1,2,3
2026-07-03,822714,"Gonzales, Nick",693304,5,1,656492,L,6.0,1.0,0,1,2,3
2026-07-03,822714,"Griffin, Konnor",804606,5,2,656492,L,6.0,2.0,2,0,3,2
2026-07-03,822714,"Lowe, Brandon",664040,5,1,656492,L,6.0,1.0,0,1,3,2
2026-07-03,822714,"Mangum, Jake",663968,5,2,656492,L,6.0,1.0,1,1,2,3
2026-07-03,822714,"O'Hearn, Ryan",656811,5,0,656492,L,6.0,1.0,0,0,2,3
2026-07-04,822716,"Davis, Henry",680779,4,1,641793,R,6.0,3.0,0,1,0,4
2026-07-04,822716,"Gonzales, Nick",693304,4,2,641793,R,6.0,1.0,1,1,1,3
2026-07-04,822716,"Griffin, Konnor",804606,5,1,641793,R,6.0,1.0,1,0,1,4
2026-07-04,822716,"Lowe, Brandon",664040,5,1,641793,R,6.0,1.0,0,1,1,4
2026-07-04,822716,"Mangum, Jake",663968,4,0,641793,R,6.0,1.0,0,0,1,3
2026-07-04,822716,"O'Hearn, Ryan",656811,5,2,641793,R,6.0,1.0,0,2,1,4
2026-07-05,822715,"Davis, Henry",680779,1,1,664875,R,2.0,1.0,0,1,0,1
2026-07-05,822715,"Gonzales, Nick",693304,5,3,676917,R,5.0,1.0,1,2,1,4
2026-07-05,822715,"Griffin, Konnor",804606,5,2,695418,R,4.0,1.0,0,2,0,5
2026-07-05,822715,"Lowe, Brandon",664040,5,1,695418,R,4.0,1.0,0,1,0,5
2026-07-05,822715,"Mangum, Jake",663968,5,1,695418,R,4.0,1.0,0,1,0,5
2026-07-05,822715,"O'Hearn, Ryan",656811,5,1,676917,R,5.0,1.0,0,1,1,4
2026-07-07,823361,"Davis, Henry",680779,5,0,694462,R,5.0,2.0,0,0,2,3
2026-07-07,823361,"Gonzales, Nick",693304,5,2,694462,R,5.0,2.0,0,2,2,3
2026-07-07,823361,"Lowe, Brandon",664040,5,3,694462,R,5.0,2.0,2,1,2,3
2026-07-07,823361,"Mangum, Jake",663968,5,1,694462,R,5.0,2.0,1,0,2,3
2026-07-07,823361,"O'Hearn, Ryan",656811,5,4,694462,R,5.0,2.0,1,3,2,3
2026-07-08,823360,"Davis, Henry",680779,3,0,656550,R,5.0,1.0,0,0,1,2
2026-07-08,823360,"Gonzales, Nick",693304,4,0,656550,R,5.0,1.0,0,0,0,4
2026-07-08,823360,"Lowe, Brandon",664040,4,1,656550,R,5.0,1.0,0,1,1,3
2026-07-08,823360,"Mangum, Jake",663968,4,0,656550,R,5.0,1.0,0,0,1,3
2026-07-08,823360,"O'Hearn, Ryan",656811,4,1,656550,R,5.0,1.0,0,1,0,4
2026-07-09,823359,"Gonzales, Nick",693304,4,0,693821,R,12.0,1.0,0,0,0,4
2026-07-09,823359,"Lowe, Brandon",664040,5,0,693821,R,12.0,1.0,0,0,0,5
2026-07-09,823359,"Mangum, Jake",663968,5,4,693821,R,12.0,1.0,0,4,0,5
2026-07-09,823359,"O'Hearn, Ryan",656811,4,0,693821,R,12.0,1.0,0,0,2,2
2026-07-11,823356,"Gonzales, Nick",693304,4,0,675660,L,5.0,0.0,0,0,3,1
2026-07-11,823356,"Lowe, Brandon",664040,4,2,675660,L,5.0,0.0,1,1,3,1
2026-07-11,823356,"O'Hearn, Ryan",656811,4,0,675660,L,5.0,0.0,0,0,3,1
2026-07-11,823357,"Davis, Henry",680779,4,1,687075,R,6.0,3.0,0,1,0,4
2026-07-11,823357,"Gonzales, Nick",693304,4,1,687075,R,6.0,2.0,0,1,1,3
2026-07-11,823357,"Lowe, Brandon",664040,5,1,687075,R,6.0,2.0,1,0,1,4
2026-07-11,823357,"Mangum, Jake",663968,4,1,687075,R,6.0,2.0,1,0,1,3
2026-07-11,823357,"O'Hearn, Ryan",656811,4,0,687075,R,6.0,2.0,0,0,1,3
2026-07-12,823358,"Davis, Henry",680779,4,2,688107,L,5.0,1.0,2,0,2,2
2026-07-12,823358,"Gonzales, Nick",693304,5,2,688107,L,5.0,1.0,0,2,2,3
2026-07-12,823358,"Lowe, Brandon",664040,4,1,688107,L,5.0,1.0,1,0,3,1
2026-07-12,823358,"Mangum, Jake",663968,5,1,688107,L,5.0,1.0,0,1,3,2
2026-07-12,823358,"O'Hearn, Ryan",656811,4,2,688107,L,5.0,1.0,2,0,3,1
2026-07-18,824412,"Gonzales, Nick",693304,4,1,671106,L,54.0,0.0,1,0,2,2
2026-07-18,824412,"Lowe, Brandon",664040,4,0,671106,L,54.0,0.0,0,0,3,1
2026-07-18,824412,"Mangum, Jake",663968,6,1,671106,L,54.0,0.0,1,0,3,3
2026-07-18,824412,"O'Hearn, Ryan",656811,4,0,671106,L,54.0,0.0,0,0,4,0
2026-07-18,824414,"Davis, Henry",680779,4,1,668909,R,9.0,6.0,0,1,0,4
2026-07-18,824414,"Gonzales, Nick",693304,4,2,668909,R,9.0,6.0,0,2,0,4
2026-07-18,824414,"Lowe, Brandon",664040,4,2,668909,R,9.0,6.0,0,2,0,4
2026-07-18,824414,"Mangum, Jake",663968,5,0,668909,R,9.0,6.0,0,0,0,5
2026-07-18,824414,"O'Hearn, Ryan",656811,4,0,668909,R,9.0,6.0,0,0,0,4
2026-07-19,824411,"Davis, Henry",680779,4,0,676282,L,7.0,1.0,0,0,3,1
2026-07-19,824411,"Gonzales, Nick",693304,5,2,676282,L,7.0,1.0,2,0,4,1
2026-07-19,824411,"Mangum, Jake",663968,5,2,676282,L,7.0,1.0,1,1,4,1
2026-07-19,824411,"O'Hearn, Ryan",656811,5,0,676282,L,7.0,1.0,0,0,4,1
2026-07-20,823522,"Davis, Henry",680779,3,1,677960,L,10.0,1.0,1,0,2,1
2026-07-20,823522,"Gonzales, Nick",693304,5,1,677960,L,10.0,1.0,1,0,3,2
2026-07-20,823522,"Lowe, Brandon",664040,5,0,677960,L,10.0,2.0,0,0,4,1
2026-07-20,823522,"Mangum, Jake",663968,2,0,683409,R,1.0,1.0,0,0,0,2
2026-07-20,823522,"O'Hearn, Ryan",656811,4,2,677960,L,10.0,1.0,2,0,4,0
2026-07-22,823518,"Davis, Henry",680779,3,0,543037,R,5.0,2.0,0,0,1,2
2026-07-22,823518,"Gonzales, Nick",693304,4,2,543037,R,5.0,2.0,0,2,0,4
2026-07-22,823518,"Lowe, Brandon",664040,5,1,543037,R,5.0,2.0,0,1,0,5
2026-07-22,823518,"Mangum, Jake",663968,5,2,543037,R,5.0,2.0,0,2,1,4
2026-07-22,823518,"O'Hearn, Ryan",656811,4,0,543037,R,5.0,2.0,0,0,0,4
2026-07-22,823519,"Gonzales, Nick",693304,4,2,608331,L,70.0,0.0,1,1,2,2
2026-07-22,823519,"Lowe, Brandon",664040,3,0,608331,L,70.0,0.0,0,0,2,1
2026-07-22,823519,"O'Hearn, Ryan",656811,4,0,608331,L,70.0,0.0,0,0,3,1
2026-07-24,823352,"Davis, Henry",680779,4,2,571510,L,6.0,2.0,2,0,4,0
2026-07-24,823352,"Gonzales, Nick",693304,5,1,571510,L,6.0,2.0,1,0,4,1
2026-07-24,823352,"Lowe, Brandon",664040,4,0,571510,L,6.0,2.0,0,0,4,0
2026-07-24,823352,"Mangum, Jake",663968,5,2,571510,L,6.0,2.0,2,0,4,1
2026-07-24,823352,"O'Hearn, Ryan",656811,4,2,571510,L,6.0,2.0,1,1,3,1
2026-07-25,823355,"Davis, Henry",680779,3,1,684007,L,6.0,1.0,1,0,2,1
2026-07-25,823355,"Gonzales, Nick",693304,4,1,684007,L,6.0,1.0,1,0,3,1
2026-07-25,823355,"Mangum, Jake",663968,4,1,684007,L,6.0,1.0,1,0,3,1
2026-07-25,823355,"O'Hearn, Ryan",656811,3,1,684007,L,6.0,1.0,1,0,3,0
2026-07-26,823354,"Gonzales, Nick",693304,4,2,592791,R,6.0,1.0,1,1,1,3
2026-07-26,823354,"Lowe, Brandon",664040,4,3,592791,R,6.0,2.0,1,2,1,3
2026-07-26,823354,"Mangum, Jake",663968,4,1,592791,R,6.0,1.0,0,1,0,4
2026-07-26,823354,"O'Hearn, Ryan",656811,4,1,592791,R,6.0,1.0,0,1,1,3
2026-07-27,823353,"Davis, Henry",680779,2,0,518876,R,5.0,2.0,0,0,0,2
2026-07-27,823353,"Gonzales, Nick",693304,4,2,518876,R,5.0,1.0,0,2,0,4
2026-07-27,823353,"Lowe, Brandon",664040,5,3,518876,R,5.0,1.0,0,3,0,5
2026-07-27,823353,"Mangum, Jake",663968,5,1,518876,R,5.0,1.0,0,1,0,5
2026-07-27,823353,"O'Hearn, Ryan",656811,4,0,518876,R,5.0,1.0,0,0,0,4
2026-07-28,823350,"Gonzales, Nick",693304,6,2,694297,R,5.0,1.0,0,2,0,6
2026-07-28,823350,"Lowe, Brandon",664040,6,2,694297,R,5.0,1.0,0,2,0,6
2026-07-28,823350,"Mangum, Jake",663968,6,2,694297,R,5.0,1.0,0,2,0,6
2026-07-28,823350,"O'Hearn, Ryan",656811,6,2,694297,R,5.0,1.0,0,2,0,6
2026-07-29,823351,"Davis, Henry",680779,3,0,593958,L,5.0,2.0,0,0,3,0
2026-07-29,823351,"Gonzales, Nick",693304,4,1,593958,L,5.0,1.0,1,0,4,0
2026-07-29,823351,"Lowe, Brandon",664040,4,1,593958,L,5.0,1.0,1,0,4,0
2026-07-29,823351,"O'Hearn, Ryan",656811,4,0,593958,L,5.0,1.0,0,0,4,0
2026-07-30,824488,"Gonzales, Nick",693304,4,2,695076,R,6.0,1.0,0,2,1,3
2026-07-30,824488,"Lowe, Brandon",664040,4,1,695076,R,6.0,1.0,0,1,1,3
2026-07-30,824488,"Mangum, Jake",663968,5,1,695076,R,6.0,2.0,0,1,1,4
2026-07-30,824488,"O'Hearn, Ryan",656811,4,0,695076,R,6.0,1.0,0,0,0,4
2026-07-31,824486,"Davis, Henry",680779,4,1,668881,R,6.0,2.0,0,1,0,4
2026-07-31,824486,"Gonzales, Nick",693304,5,2,668881,R,6.0,1.0,1,1,1,4
2026-07-31,824486,"Lowe, Brandon",664040,5,3,668881,R,6.0,1.0,0,3,1,4
2026-07-31,824486,"Mangum, Jake",663968,5,2,668881,R,6.0,1.0,0,2,1,4
2026-07-31,824486,"O'Hearn, Ryan",656811,5,1,668881,R,6.0,1.0,0,1,1,4
2026-08-01,824485,"Davis, Henry",680779,4,1,671096,L,6.0,1.0,0,1,2,2
2026-08-01,824485,"Gonzales, Nick",693304,4,0,671096,L,6.0,1.0,0,0,4,0
2026-08-01,824485,"Lowe, Brandon",664040,5,1,671096,L,6.0,1.0,1,0,5,0
2026-08-01,824485,"Mangum, Jake",663968,5,2,671096,L,6.0,1.0,2,0,4,1
2026-08-02,824483,"Gonzales, Nick",693304,4,0,695505,R,5.0,1.0,0,0,1,3
2026-08-02,824483,"Horwitz, Spencer",687462,4,0,695505,R,5.0,39.0,0,0,1,3
2026-08-02,824483,"Lowe, Brandon",664040,3,0,695505,R,5.0,1.0,0,0,0,3
2026-08-02,824483,"Mangum, Jake",663968,4,0,695505,R,5.0,1.0,0,0,0,4
2026-08-03,823757,"Davis, Henry",680779,4,0,676879,L,5.0,2.0,0,0,1,3
2026-08-03,823757,"Gonzales, Nick",693304,4,0,687075,R,7.0,1.0,0,0,1,3
2026-08-03,823757,"Horwitz, Spencer",687462,4,1,687075,R,7.0,1.0,0,1,1,3
2026-08-03,823757,"Lowe, Brandon",664040,5,1,687075,R,7.0,1.0,0,1,1,4
2026-08-03,823757,"Mangum, Jake",663968,5,1,668831,R,7.0,1.0,0,1,0,5
2026-08-04,823756,"Gonzales, Nick",693304,4,0,701656,R,7.0,1.0,0,0,0,4
2026-08-04,823756,"Horwitz, Spencer",687462,4,0,701656,R,7.0,1.0,0,0,0,4
2026-08-04,823756,"Lowe, Brandon",664040,4,2,701656,R,7.0,1.0,0,2,0,4
2026-08-04,823756,"Mangum, Jake",663968,4,1,701656,R,7.0,1.0,0,1,0,4
2026-08-05,823753,"Gonzales, Nick",693304,3,1,690986,L,28.0,1.0,1,0,3,0
2026-08-05,823753,"Horwitz, Spencer",687462,1,0,682842,R,1.0,1.0,0,0,0,1
2026-08-05,823753,"Lowe, Brandon",664040,4,0,690986,L,28.0,1.0,0,0,2,2
2026-08-05,823753,"Mangum, Jake",663968,4,0,690986,L,28.0,1.0,0,0,2,2
2026-08-05,823753,"Simon, Ronny",682927,2,0,694477,R,2.0,,0,0,0,2
2026-08-06,823754,"Davis, Henry",680779,3,0,669160,R,8.0,3.0,0,0,1,2
2026-08-06,823754,"Gonzales, Nick",693304,4,2,669160,R,8.0,1.0,1,1,1,3
2026-08-06,823754,"Horwitz, Spencer",687462,4,1,669160,R,8.0,1.0,0,1,0,4
2026-08-06,823754,"Lowe, Brandon",664040,4,1,669160,R,8.0,1.0,0,1,1,3
2026-08-06,823754,"Mangum, Jake",663968,4,1,669160,R,8.0,1.0,1,0,1,3
2026-08-06,823754,"Simon, Ronny",682927,4,0,669160,R,8.0,1.0,0,0,1,3
2026-08-07,823349,"Gonzales, Nick",693304,4,2,804267,L,6.0,1.0,1,1,2,2
2026-08-07,823349,"Horwitz, Spencer",687462,4,1,804267,L,6.0,1.0,0,1,2,2
2026-08-07,823349,"Lowe, Brandon",664040,5,1,804267,L,6.0,1.0,0,1,3,2
2026-08-07,823349,"Mangum, Jake",663968,5,0,804267,L,6.0,1.0,0,0,4,1
2026-08-07,823349,"Simon, Ronny",682927,4,2,804267,L,6.0,1.0,0,2,2,2
2026-08-08,823348,"Davis, Henry",680779,6,2,476594,R,6.0,2.0,0,2,0,6
2026-08-08,823348,"Gonzales, Nick",693304,5,1,476594,R,6.0,1.0,0,1,0,5
2026-08-08,823348,"Horwitz, Spencer",687462,5,0,476594,R,6.0,1.0,0,0,0,5
2026-08-08,823348,"Lowe, Brandon",664040,5,1,476594,R,6.0,1.0,0,1,0,5
2026-08-08,823348,"Mangum, Jake",663968,5,3,476594,R,6.0,1.0,0,3,0,5
2026-08-08,823348,"Simon, Ronny",682927,5,2,476594,R,6.0,1.0,0,2,0,5
2026-08-09,823345,"Davis, Henry",680779,3,0,640455,L,5.0,1.0,0,0,2,1
2026-08-09,823345,"Gonzales, Nick",693304,4,0,640455,L,5.0,1.0,0,0,3,1
2026-08-09,823345,"Lowe, Brandon",664040,2,0,640455,L,5.0,1.0,0,0,2,0
2026-08-09,823345,"Mangum, Jake",663968,4,2,640455,L,5.0,1.0,1,1,3,1
2026-08-09,823345,"Simon, Ronny",682927,4,1,640455,L,5.0,1.0,1,0,3,1
2026-08-11,823832,"Davis, Henry",680779,3,1,691587,R,6.0,2.0,0,1,0,3
2026-08-11,823832,"Gonzales, Nick",693304,3,0,691587,R,6.0,2.0,0,0,0,3
2026-08-11,823832,"Horwitz, Spencer",687462,4,0,691587,R,6.0,3.0,0,0,0,4
2026-08-11,823832,"Lowe, Brandon",664040,4,0,691587,R,6.0,2.0,0,0,0,4
2026-08-11,823832,"Mangum, Jake",663968,4,0,691587,R,6.0,2.0,0,0,0,4
2026-08-11,823832,"Simon, Ronny",682927,3,1,691587,R,6.0,2.0,0,1,0,3
2026-08-12,823833,"Davis, Henry",680779,3,0,676083,R,6.0,1.0,0,0,0,3
2026-08-12,823833,"Gonzales, Nick",693304,4,2,676083,R,6.0,1.0,0,2,0,4
2026-08-12,823833,"Horwitz, Spencer",687462,4,0,676083,R,6.0,1.0,0,0,0,4
2026-08-12,823833,"Lowe, Brandon",664040,4,1,676083,R,6.0,1.0,0,1,0,4
2026-08-12,823833,"Mangum, Jake",663968,4,0,676083,R,6.0,1.0,0,0,0,4
2026-08-12,823833,"Simon, Ronny",682927,4,2,676083,R,6.0,1.0,0,2,0,4
2026-08-13,823829,"Gonzales, Nick",693304,5,2,663969,R,6.0,1.0,0,2,1,4
2026-08-13,823829,"Horwitz, Spencer",687462,6,2,663969,R,6.0,1.0,0,2,2,4
2026-08-13,823829,"Lowe, Brandon",664040,6,1,663969,R,6.0,1.0,0,1,1,5
2026-08-13,823829,"Mangum, Jake",663968,5,3,663969,R,6.0,1.0,1,2,2,3
2026-08-14,823346,"Davis, Henry",680779,3,0,687562,L,6.0,2.0,0,0,3,0
2026-08-14,823346,"Gonzales, Nick",693304,3,0,687562,L,6.0,1.0,0,0,3,0
2026-08-14,823346,"Lowe, Brandon",664040,4,1,687562,L,6.0,1.0,1,0,4,0
2026-08-14,823346,"Mangum, Jake",663968,4,0,687562,L,6.0,1.0,0,0,4,0
2026-08-14,823346,"Simon, Ronny",682927,4,1,687562,L,6.0,2.0,1,0,4,0
2026-08-15,823347,"Horwitz, Spencer",687462,4,0,543243,R,5.0,2.0,0,0,1,3
2026-08-15,823347,"Lowe, Brandon",664040,4,1,543243,R,5.0,1.0,0,1,1,3
2026-08-15,823347,"Mangum, Jake",663968,3,2,543243,R,5.0,1.0,0,2,0,3
2026-08-15,823347,"Simon, Ronny",682927,4,0,543243,R,5.0,1.0,0,0,1,3
2026-08-16,823344,"Davis, Henry",680779,4,0,663776,L,5.0,2.0,0,0,4,0
2026-08-16,823344,"Lowe, Brandon",664040,4,2,663776,L,5.0,1.0,2,0,4,0
2026-08-16,823344,"Mangum, Jake",663968,4,1,663776,L,5.0,1.0,1,0,4,0
2026-08-17,823343,"Davis, Henry",680779,4,1,664285,L,5.0,1.0,0,1,3,1
2026-08-17,823343,"Gonzales, Nick",693304,4,1,664285,L,5.0,3.0,1,0,3,1
2026-08-17,823343,"Lowe, Brandon",664040,4,2,664285,L,5.0,1.0,2,0,4,0
2026-08-17,823343,"Mangum, Jake",663968,4,0,664285,L,5.0,1.0,0,0,4,0
2026-08-18,823341,"Cruz, Oneil",665833,3,1,672456,R,5.0,73.0,0,1,0,3
2026-08-18,823341,"Horwitz, Spencer",687462,4,1,672456,R,5.0,3.0,0,1,1,3
2026-08-18,823341,"Lowe, Brandon",664040,4,0,672456,R,5.0,1.0,0,0,1,3
2026-08-18,823341,"Mangum, Jake",663968,3,1,672456,R,5.0,1.0,0,1,0,3
2026-08-19,823342,"Cruz, Oneil",665833,4,1,695549,R,5.0,1.0,0,1,1,3
2026-08-19,823342,"Davis, Henry",680779,2,0,695549,R,5.0,2.0,0,0,0,2
2026-08-19,823342,"Gonzales, Nick",693304,4,2,695549,R,5.0,2.0,1,1,1,3
2026-08-19,823342,"Horwitz, Spencer",687462,5,0,695549,R,5.0,1.0,0,0,0,5
2026-08-19,823342,"Lowe, Brandon",664040,5,1,695549,R,5.0,1.0,0,1,1,4
2026-08-19,823342,"Mangum, Jake",663968,1,0,445276,R,2.0,1.0,0,0,0,1
2026-08-21,823911,"Cruz, Oneil",665833,5,1,808967,R,7.0,2.0,0,1,0,5
2026-08-21,823911,"Davis, Henry",680779,1,0,623465,R,3.0,2.0,0,0,0,1
2026-08-21,823911,"Gonzales, Nick",693304,5,2,808967,R,7.0,2.0,0,2,0,5
2026-08-21,823911,"Horwitz, Spencer",687462,5,0,808967,R,7.0,2.0,0,0,0,5
2026-08-21,823911,"Lowe, Brandon",664040,5,2,808967,R,7.0,2.0,0,2,0,5
2026-08-21,823911,"Mangum, Jake",663968,4,1,808967,R,7.0,2.0,0,1,0,4
2026-08-22,823910,"Cruz, Oneil",665833,4,1,669373,L,6.0,1.0,1,0,4,0
2026-08-22,823910,"Davis, Henry",680779,3,0,669373,L,6.0,1.0,0,0,3,0
2026-08-22,823910,"Gonzales, Nick",693304,4,0,669373,L,6.0,1.0,0,0,3,1
2026-08-22,823910,"Mangum, Jake",663968,4,0,669373,L,6.0,1.0,0,0,4,0
2026-08-23,823909,"Cruz, Oneil",665833,1,0,683618,R,2.0,1.0,0,0,0,1
2026-08-23,823909,"Gonzales, Nick",693304,4,0,605483,L,6.0,1.0,0,0,3,1
2026-08-23,823909,"Horwitz, Spencer",687462,4,1,605483,L,6.0,2.0,1,0,3,1
2026-08-23,823909,"Lowe, Brandon",664040,4,1,605483,L,6.0,2.0,1,0,4,0
2026-08-24,823260,"Cruz, Oneil",665833,6,0,592662,L,6.0,1.0,0,0,5,1
2026-08-24,823260,"Gonzales, Nick",693304,6,2,592662,L,6.0,1.0,0,2,4,2
2026-08-24,823260,"Horwitz, Spencer",687462,5,1,592662,L,6.0,1.0,1,0,4,1
2026-08-24,823260,"Lowe, Brandon",664040,5,0,592662,L,6.0,1.0,0,0,4,1
2026-08-24,823260,"Mangum, Jake",663968,2,0,695243,R,2.0,2.0,0,0,0,2
2026-08-25,823259,"Cruz, Oneil",665833,4,1,650633,R,6.0,1.0,0,1,0,4
2026-08-25,823259,"Davis, Henry",680779,2,0,650633,R,6.0,3.0,0,0,0,2
2026-08-25,823259,"Gonzales, Nick",693304,4,1,650633,R,6.0,1.0,0,1,0,4
2026-08-25,823259,"Horwitz, Spencer",687462,4,1,650633,R,6.0,1.0,0,1,1,3
2026-08-25,823259,"Lowe, Brandon",664040,4,0,650633,R,6.0,1.0,0,0,1,3
2026-08-25,823259,"Mangum, Jake",663968,4,0,650633,R,6.0,1.0,0,0,0,4
2026-08-26,823255,"Cruz, Oneil",665833,4,0,681190,R,5.0,1.0,0,0,1,3
2026-08-26,823255,"Gonzales, Nick",693304,4,0,681190,R,5.0,1.0,0,0,0,4
2026-08-26,823255,"Horwitz, Spencer",687462,5,2,681190,R,5.0,1.0,1,1,2,3
2026-08-26,823255,"Lowe, Brandon",664040,4,0,681190,R,5.0,1.0,0,0,2,2
2026-08-26,823255,"Mangum, Jake",663968,4,0,681190,R,5.0,1.0,0,0,0,4
2026-08-28,823013,"Cruz, Oneil",665833,4,2,687273,L,6.0,2.0,2,0,4,0
2026-08-28,823013,"Davis, Henry",680779,2,0,687273,L,6.0,3.0,0,0,2,0
2026-08-28,823013,"Gonzales, Nick",693304,4,1,687273,L,6.0,2.0,1,0,3,1
2026-08-28,823013,"Horwitz, Spencer",687462,1,0,681676,R,3.0,2.0,0,0,0,1
2026-08-28,823013,"Lowe, Brandon",664040,1,0,681676,R,3.0,2.0,0,0,0,1
2026-08-28,823013,"Mangum, Jake",663968,4,0,687273,L,6.0,2.0,0,0,2,2
2026-08-29,823011,"Cruz, Oneil",665833,5,2,681517,R,6.0,1.0,1,1,1,4
2026-08-29,823011,"Gonzales, Nick",693304,5,2,681517,R,6.0,1.0,0,2,1,4
2026-08-29,823011,"Horwitz, Spencer",687462,5,0,802408,L,96.0,1.0,0,0,2,3
2026-08-29,823011,"Lowe, Brandon",664040,5,1,802408,L,96.0,1.0,0,1,2,3
2026-08-29,823011,"Mangum, Jake",663968,4,2,802408,L,96.0,1.0,1,1,2,2
2026-08-30,823010,"Cruz, Oneil",665833,5,1,669461,L,5.0,1.0,1,0,3,2
2026-08-30,823010,"Horwitz, Spencer",687462,4,0,669461,L,5.0,1.0,0,0,3,1
2026-08-30,823010,"Lowe, Brandon",664040,4,2,669461,L,5.0,1.0,1,1,3,1
2026-08-30,823010,"Mangum, Jake",663968,4,1,669461,L,5.0,1.0,1,0,3,1
2026-09-01,823340,"Cruz, Oneil",665833,6,4,702885,L,6.0,2.0,1,3,2,4
2026-09-01,823340,"Davis, Henry",680779,4,1,657277,R,6.0,4.0,0,1,2,2
2026-09-01,823340,"Gonzales, Nick",693304,6,3,702885,L,6.0,3.0,0,3,2,4
2026-09-01,823340,"Horwitz, Spencer",687462,6,2,702885,L,6.0,2.0,0,2,2,4
2026-09-01,823340,"Lowe, Brandon",664040,6,4,702885,L,6.0,2.0,1,3,2,4
2026-09-01,823340,"Mangum, Jake",663968,1,0,805345,R,3.0,2.0,0,0,0,1
2026-09-02,823339,"Cruz, Oneil",665833,5,1,694738,R,6.0,1.0,0,1,1,4
2026-09-02,823339,"Gonzales, Nick",693304,5,1,694738,R,6.0,1.0,0,1,1,4
2026-09-02,823339,"Horwitz, Spencer",687462,5,1,694738,R,6.0,1.0,0,1,0,5
2026-09-02,823339,"Lowe, Brandon",664040,5,1,694738,R,6.0,1.0,1,0,1,4
2026-09-02,823339,"Mangum, Jake",663968,4,1,694738,R,6.0,1.0,0,1,0,4
2026-09-03,823337,"Cruz, Oneil",665833,4,0,694918,R,6.0,1.0,0,0,1,3
2026-09-03,823337,"Gonzales, Nick",693304,4,1,694918,R,6.0,1.0,0,1,0,4
2026-09-03,823337,"Horwitz, Spencer",687462,5,1,694918,R,6.0,1.0,0,1,1,4
2026-09-03,823337,"Lowe, Brandon",664040,4,0,694918,R,6.0,1.0,0,0,0,4
2026-09-03,823337,"Mangum, Jake",663968,4,1,694918,R,6.0,1.0,0,1,1,3
2026-09-04,823338,"Cruz, Oneil",665833,4,0,696270,R,6.0,1.0,0,0,1,3
2026-09-04,823338,"Davis, Henry",680779,3,0,696270,R,6.0,3.0,0,0,1,2
2026-09-04,823338,"Gonzales, Nick",693304,4,0,696270,R,6.0,1.0,0,0,1,3
2026-09-04,823338,"Griffin, Konnor",804606,3,0,696270,R,6.0,61.0,0,0,0,3
2026-09-04,823338,"Horwitz, Spencer",687462,4,0,696270,R,6.0,1.0,0,0,1,3
2026-09-04,823338,"Lowe, Brandon",664040,4,1,696270,R,6.0,1.0,0,1,1,3
2026-09-04,823338,"Mangum, Jake",663968,3,1,696270,R,6.0,1.0,0,1,0,3
2026-09-05,823335,"Cruz, Oneil",665833,4,1,579328,L,6.0,1.0,0,1,3,1
2026-09-05,823335,"Gonzales, Nick",693304,5,1,579328,L,6.0,1.0,1,0,3,2
2026-09-05,823335,"Griffin, Konnor",804606,4,0,579328,L,6.0,1.0,0,0,3,1
2026-09-05,823335,"Horwitz, Spencer",687462,2,0,820862,R,1.0,1.0,0,0,0,2
2026-09-05,823335,"Lowe, Brandon",664040,2,0,820862,R,1.0,1.0,0,0,0,2
2026-09-05,823335,"Mangum, Jake",663968,4,0,579328,L,6.0,1.0,0,0,2,2
2026-09-06,823336,"Cruz, Oneil",665833,3,0,700712,R,6.0,1.0,0,0,0,3
2026-09-06,823336,"Davis, Henry",680779,3,1,700712,R,6.0,2.0,0,1,0,3
2026-09-06,823336,"Gonzales, Nick",693304,3,0,700712,R,6.0,1.0,0,0,0,3
2026-09-06,823336,"Griffin, Konnor",804606,3,0,700712,R,6.0,1.0,0,0,0,3
2026-09-06,823336,"Horwitz, Spencer",687462,3,0,700712,R,6.0,1.0,0,0,0,3
2026-09-06,823336,"Lowe, Brandon",664040,3,2,700712,R,6.0,1.0,0,2,0,3
2026-09-08,824551,"Cruz, Oneil",665833,5,3,664353,R,5.0,2.0,1,2,1,4
2026-09-08,824551,"Griffin, Konnor",804606,6,2,664353,R,5.0,2.0,1,1,1,5
2026-09-08,824551,"Horwitz, Spencer",687462,5,2,805326,L,3.0,2.0,1,1,2,3
2026-09-08,824551,"Lowe, Brandon",664040,5,2,664353,R,5.0,2.0,0,2,1,4
2026-09-08,824551,"Mangum, Jake",663968,5,2,664353,R,5.0,3.0,0,2,1,4
2026-09-09,824549,"Cruz, Oneil",665833,4,1,663436,R,7.0,1.0,0,1,1,3
2026-09-09,824549,"Gonzales, Nick",693304,4,1,663436,R,7.0,3.0,1,0,1,3
2026-09-09,824549,"Griffin, Konnor",804606,5,1,663436,R,7.0,1.0,1,0,1,4
2026-09-09,824549,"Horwitz, Spencer",687462,4,1,663436,R,7.0,1.0,1,0,1,3
2026-09-09,824549,"Lowe, Brandon",664040,5,2,663436,R,7.0,1.0,1,1,2,3
2026-09-09,824549,"Simon, Ronny",682927,1,0,656794,L,4.0,25.0,0,0,1,0
2026-09-10,824550,"Cruz, Oneil",665833,4,3,607200,R,6.0,1.0,2,1,2,2
2026-09-10,824550,"Gonzales, Nick",693304,4,1,607200,R,6.0,1.0,0,1,1,3
2026-09-10,824550,"Griffin, Konnor",804606,4,0,607200,R,6.0,1.0,0,0,1,3
2026-09-10,824550,"Horwitz, Spencer",687462,3,1,607200,R,6.0,1.0,1,0,1,2
2026-09-10,824550,"Lowe, Brandon",664040,4,0,607200,R,6.0,1.0,0,0,1,3
2026-09-10,824550,"Mangum, Jake",663968,3,0,607200,R,6.0,2.0,0,0,1,2
2026-09-11,824631,"Cruz, Oneil",665833,3,1,684007,L,7.0,1.0,1,0,3,0
2026-09-11,824631,"Davis, Henry",680779,2,0,684007,L,7.0,5.0,0,0,2,0
2026-09-11,824631,"Gonzales, Nick",693304,4,1,684007,L,7.0,1.0,0,1,3,1
2026-09-11,824631,"Griffin, Konnor",804606,4,2,684007,L,7.0,1.0,2,0,3,1
2026-09-11,824631,"Mangum, Jake",663968,4,1,684007,L,7.0,1.0,0,1,2,2
2026-09-11,824631,"O'Hearn, Ryan",656811,2,0,665871,R,6.0,42.0,0,0,0,2
2026-09-12,824630,"Cruz, Oneil",665833,5,0,605280,R,6.0,1.0,0,0,1,4
2026-09-12,824630,"Davis, Henry",680779,3,0,605280,R,6.0,1.0,0,0,0,3
2026-09-12,824630,"Griffin, Konnor",804606,4,0,605280,R,6.0,1.0,0,0,0,4
2026-09-12,824630,"Horwitz, Spencer",687462,4,1,605280,R,6.0,2.0,0,1,1,3
2026-09-12,824630,"Lowe, Brandon",664040,5,1,605280,R,6.0,2.0,0,1,1,4
2026-09-12,824630,"Mangum, Jake",663968,4,0,605280,R,6.0,1.0,0,0,1,3
2026-09-12,824630,"O'Hearn, Ryan",656811,4,1,605280,R,6.0,1.0,0,1,0,4
2026-09-13,824628,"Cruz, Oneil",665833,5,1,571510,L,6.0,1.0,1,0,3,2
2026-09-13,824628,"Davis, Henry",680779,4,0,571510,L,6.0,1.0,0,0,2,2
2026-09-13,824628,"Gonzales, Nick",693304,4,1,571510,L,6.0,2.0,1,0,3,1
2026-09-13,824628,"Griffin, Konnor",804606,5,1,571510,L,6.0,1.0,1,0,3,2
2026-09-13,824628,"Lowe, Brandon",664040,2,1,650644,R,5.0,1.0,0,1,1,1
2026-09-13,824628,"Mangum, Jake",663968,4,2,571510,L,6.0,1.0,2,0,3,1
2026-09-13,824628,"O'Hearn, Ryan",656811,4,0,571510,L,6.0,1.0,0,0,4,0
2026-09-15,823333,"Cruz, Oneil",665833,4,0,694819,R,7.0,2.0,0,0,2,2
2026-09-15,823333,"Gonzales, Nick",693304,4,2,694819,R,7.0,2.0,1,1,2,2
2026-09-15,823333,"Griffin, Konnor",804606,5,1,694819,R,7.0,2.0,0,1,1,4
2026-09-15,823333,"Horwitz, Spencer",687462,2,0,694819,R,7.0,3.0,0,0,0,2
2026-09-15,823333,"Lowe, Brandon",664040,5,1,694819,R,7.0,2.0,1,0,1,4
2026-09-15,823333,"Mangum, Jake",663968,4,0,694819,R,7.0,2.0,0,0,1,3
2026-09-15,823333,"O'Hearn, Ryan",656811,4,1,694819,R,7.0,2.0,0,1,2,2
2026-09-15,823333,"Simon, Ronny",682927,1,1,656730,R,7.0,6.0,0,1,0,1
2026-09-16,823332,"Cruz, Oneil",665833,5,2,701656,R,7.0,1.0,1,1,2,3
2026-09-16,823332,"Griffin, Konnor",804606,5,2,701656,R,7.0,1.0,0,2,0,5
2026-09-16,823332,"Horwitz, Spencer",687462,1,0,656730,R,1.0,1.0,0,0,0,1
2026-09-16,823332,"Lowe, Brandon",664040,4,2,701656,R,7.0,1.0,1,1,1,3
2026-09-16,823332,"Mangum, Jake",663968,4,1,701656,R,7.0,1.0,0,1,0,4
2026-09-16,823332,"O'Hearn, Ryan",656811,4,2,701656,R,7.0,1.0,0,2,1,3
2026-09-16,823332,"Simon, Ronny",682927,4,2,701656,R,7.0,1.0,1,1,1,3
2026-09-17,823334,"Cruz, Oneil",665833,5,1,690986,L,5.0,1.0,1,0,4,1
2026-09-17,823334,"Davis, Henry",680779,4,1,690986,L,5.0,4.0,1,0,2,2
2026-09-17,823334,"Gonzales, Nick",693304,4,0,668831,R,6.0,2.0,0,0,1,3
2026-09-17,823334,"Griffin, Konnor",804606,5,1,690986,L,5.0,1.0,1,0,3,2
2026-09-17,823334,"Lowe, Brandon",664040,4,1,690986,L,5.0,1.0,0,1,2,2
2026-09-17,823334,"Simon, Ronny",682927,4,1,690986,L,5.0,1.0,1,0,2,2
2026-09-18,823331,"Cruz, Oneil",665833,5,3,677976,R,6.0,1.0,1,2,1,4
2026-09-18,823331,"Davis, Henry",680779,4,1,677976,R,6.0,1.0,0,1,1,3
2026-09-18,823331,"Gonzales, Nick",693304,4,1,677976,R,6.0,1.0,1,0,1,3
2026-09-18,823331,"Griffin, Konnor",804606,5,4,677976,R,6.0,1.0,1,3,1,4
2026-09-18,823331,"Horwitz, Spencer",687462,4,2,677976,R,6.0,2.0,1,1,1,3
2026-09-18,823331,"Lowe, Brandon",664040,5,1,677976,R,6.0,1.0,0,1,2,3
2026-09-18,823331,"O'Hearn, Ryan",656811,5,0,677976,R,6.0,2.0,0,0,1,4
2026-09-18,823331,"Simon, Ronny",682927,4,1,677976,R,6.0,1.0,0,1,1,3
2026-09-19,823330,"Cruz, Oneil",665833,4,2,702070,L,6.0,1.0,2,0,3,1
2026-09-19,823330,"Gonzales, Nick",693304,4,1,702070,L,6.0,1.0,1,0,3,1
2026-09-19,823330,"Griffin, Konnor",804606,4,0,702070,L,6.0,1.0,0,0,3,1
2026-09-19,823330,"Lowe, Brandon",664040,4,2,702070,L,6.0,1.0,1,1,3,1
2026-09-19,823330,"Mangum, Jake",663968,3,1,702070,L,6.0,3.0,1,0,2,1
2026-09-19,823330,"O'Hearn, Ryan",656811,4,0,702070,L,6.0,1.0,0,0,3,1
2026-09-19,823330,"Simon, Ronny",682927,4,1,702070,L,6.0,1.0,1,0,3,1
2026-09-20,823329,"Cruz, Oneil",665833,4,1,608379,R,5.0,1.0,0,1,1,3
2026-09-20,823329,"Gonzales, Nick",693304,4,0,608379,R,5.0,1.0,0,0,0,4
2026-09-20,823329,"Griffin, Konnor",804606,5,1,608379,R,5.0,1.0,0,1,1,4
2026-09-20,823329,"Horwitz, Spencer",687462,4,1,608379,R,5.0,2.0,0,1,0,4
2026-09-20,823329,"Lowe, Brandon",664040,5,1,608379,R,5.0,1.0,1,0,2,3
2026-09-20,823329,"Mangum, Jake",663968,4,0,608379,R,5.0,1.0,0,0,0,4
2026-09-20,823329,"O'Hearn, Ryan",656811,4,1,608379,R,5.0,1.0,0,1,0,4
2026-09-22,823328,"Cruz, Oneil",665833,4,0,669467,R,7.0,2.0,0,0,0,4
2026-09-22,823328,"Griffin, Konnor",804606,4,2,669467,R,7.0,2.0,1,1,1,3
2026-09-22,823328,"Horwitz, Spencer",687462,3,1,669467,R,7.0,2.0,0,1,1,2
2026-09-22,823328,"Lowe, Brandon",664040,4,0,669467,R,7.0,2.0,0,0,1,3
2026-09-22,823328,"O'Hearn, Ryan",656811,4,1,669467,R,7.0,2.0,0,1,0,4
2026-09-22,823328,"Simon, Ronny",682927,3,0,669467,R,7.0,3.0,0,0,0,3
2026-09-23,823327,"Gonzales, Nick",693304,4,1,669461,L,,,1,0,2,2
2026-09-23,823327,"Griffin, Konnor",804606,4,0,669461,L,,,0,0,3,1
2026-09-23,823327,"Lowe, Brandon",664040,4,2,669461,L,,,2,0,3,1
2026-09-23,823327,"Mangum, Jake",663968,3,0,669461,L,,,0,0,2,1
2026-09-23,823327,"O'Hearn, Ryan",656811,3,2,669461,L,,,2,0,2,1
2026-09-23,823327,"Simon, Ronny",682927,4,0,669461,L,,,0,0,2,2
