game_date,game_pk,player_name,batter,plate_appearances,hits,singles,doubles,triples,home_runs,strikeouts,total_bases,target_hit,hits_last_7,pa_last_7,strikeouts_last_7,total_bases_last_7,hit_rate_last_7,strikeout_rate_last_7,total_bases_per_game_last_7
2026-04-06,823401,"Davis, Henry",680779,3,0,0,0,0,0,0,0,0,4.0,24.0,4.0,6.0,0.16666666666666666,0.16666666666666666,0.8571428571428571
2026-04-07,823402,"Davis, Henry",680779,4,2,1,1,0,0,0,3,1,3.0,23.0,4.0,4.0,0.13043478260869565,0.17391304347826086,0.5714285714285714
2026-04-11,824697,"Davis, Henry",680779,4,0,0,0,0,0,4,0,0,5.0,26.0,4.0,7.0,0.19230769230769232,0.15384615384615385,1.0
2026-04-13,823400,"Davis, Henry",680779,5,2,2,0,0,0,1,2,1,4.0,25.0,8.0,6.0,0.16,0.32,0.8571428571428571
2026-04-15,823399,"Davis, Henry",680779,3,0,0,0,0,0,0,0,0,6.0,27.0,6.0,8.0,0.2222222222222222,0.2222222222222222,1.1428571428571428
2026-04-17,823397,"Davis, Henry",680779,4,0,0,0,0,0,0,0,0,6.0,26.0,5.0,8.0,0.23076923076923078,0.19230769230769232,1.1428571428571428
2026-04-18,823394,"Davis, Henry",680779,4,0,0,0,0,0,0,0,0,5.0,27.0,5.0,6.0,0.18518518518518517,0.18518518518518517,0.8571428571428571
2026-04-21,822914,"Davis, Henry",680779,3,0,0,0,0,0,1,0,0,4.0,27.0,5.0,5.0,0.14814814814814814,0.18518518518518517,0.7142857142857143
2026-04-22,822913,"Davis, Henry",680779,3,0,0,0,0,0,1,0,0,4.0,27.0,6.0,5.0,0.14814814814814814,0.2222222222222222,0.7142857142857143
2026-04-24,823800,"Davis, Henry",680779,4,1,1,0,0,0,0,1,1,2.0,26.0,7.0,2.0,0.07692307692307693,0.2692307692307692,0.2857142857142857
2026-04-25,823799,"Davis, Henry",680779,4,0,0,0,0,0,0,0,0,3.0,26.0,3.0,3.0,0.11538461538461539,0.11538461538461539,0.42857142857142855
2026-04-27,823395,"Davis, Henry",680779,3,1,1,0,0,0,1,1,1,1.0,25.0,2.0,1.0,0.04,0.08,0.14285714285714285
2026-04-28,823390,"Davis, Henry",680779,3,0,0,0,0,0,2,0,0,2.0,25.0,3.0,2.0,0.08,0.12,0.2857142857142857
2026-04-30,823391,"Davis, Henry",680779,3,0,0,0,0,0,1,0,0,2.0,24.0,5.0,2.0,0.08333333333333333,0.20833333333333334,0.2857142857142857
2026-05-01,823389,"Davis, Henry",680779,4,2,0,0,0,2,0,8,1,2.0,23.0,6.0,2.0,0.08695652173913043,0.2608695652173913,0.2857142857142857
2026-05-02,823388,"Davis, Henry",680779,6,0,0,0,0,0,1,0,0,4.0,24.0,5.0,10.0,0.16666666666666666,0.20833333333333334,1.4285714285714286
2026-05-06,825091,"Davis, Henry",680779,4,0,0,0,0,0,1,0,0,4.0,27.0,5.0,10.0,0.14814814814814814,0.18518518518518517,1.4285714285714286
2026-05-10,823221,"Davis, Henry",680779,5,1,1,0,0,0,0,1,1,3.0,27.0,6.0,9.0,0.1111111111111111,0.2222222222222222,1.2857142857142858
2026-05-12,823385,"Davis, Henry",680779,4,0,0,0,0,0,1,0,0,4.0,28.0,6.0,10.0,0.14285714285714285,0.21428571428571427,1.4285714285714286
2026-05-13,823386,"Davis, Henry",680779,3,0,0,0,0,0,0,0,0,3.0,29.0,6.0,9.0,0.10344827586206896,0.20689655172413793,1.2857142857142858
2026-05-16,823382,"Davis, Henry",680779,3,0,0,0,0,0,0,0,0,3.0,29.0,4.0,9.0,0.10344827586206896,0.13793103448275862,1.2857142857142858
2026-05-17,823381,"Davis, Henry",680779,3,0,0,0,0,0,1,0,0,3.0,29.0,3.0,9.0,0.10344827586206896,0.10344827586206896,1.2857142857142858
2026-05-19,823059,"Davis, Henry",680779,3,0,0,0,0,0,1,0,0,1.0,28.0,4.0,1.0,0.03571428571428571,0.14285714285714285,0.14285714285714285
2026-05-21,823056,"Davis, Henry",680779,4,1,0,0,0,1,1,4,1,1.0,25.0,4.0,1.0,0.04,0.16,0.14285714285714285
2026-05-23,822814,"Davis, Henry",680779,3,0,0,0,0,0,0,0,0,2.0,25.0,4.0,5.0,0.08,0.16,0.7142857142857143
2026-05-25,823380,"Davis, Henry",680779,3,1,0,0,0,1,1,4,1,1.0,23.0,4.0,4.0,0.043478260869565216,0.17391304347826086,0.5714285714285714
2026-05-26,823379,"Davis, Henry",680779,4,0,0,0,0,0,1,0,0,2.0,22.0,4.0,8.0,0.09090909090909091,0.18181818181818182,1.1428571428571428
2026-05-28,823378,"Davis, Henry",680779,4,0,0,0,0,0,1,0,0,2.0,23.0,5.0,8.0,0.08695652173913043,0.21739130434782608,1.1428571428571428
2026-05-31,823373,"Davis, Henry",680779,4,1,1,0,0,0,1,1,1,2.0,24.0,6.0,8.0,0.08333333333333333,0.25,1.1428571428571428
2026-06-03,824188,"Davis, Henry",680779,4,1,0,0,0,1,3,4,1,3.0,25.0,6.0,9.0,0.12,0.24,1.2857142857142858
2026-06-05,824914,"Davis, Henry",680779,2,0,0,0,0,0,0,0,0,4.0,26.0,8.0,13.0,0.15384615384615385,0.3076923076923077,1.8571428571428572
2026-06-07,824916,"Davis, Henry",680779,2,0,0,0,0,0,0,0,0,3.0,24.0,7.0,9.0,0.125,0.2916666666666667,1.2857142857142858
2026-06-09,823374,"Davis, Henry",680779,3,0,0,0,0,0,2,0,0,3.0,23.0,7.0,9.0,0.13043478260869565,0.30434782608695654,1.2857142857142858
2026-06-14,823368,"Davis, Henry",680779,3,0,0,0,0,0,1,0,0,2.0,23.0,8.0,5.0,0.08695652173913043,0.34782608695652173,0.7142857142857143
2026-06-17,824992,"Davis, Henry",680779,5,1,0,1,0,0,1,2,1,2.0,22.0,8.0,5.0,0.09090909090909091,0.36363636363636365,0.7142857142857143
2026-06-20,824342,"Davis, Henry",680779,2,0,0,0,0,0,0,0,0,3.0,23.0,8.0,7.0,0.13043478260869565,0.34782608695652173,1.0
2026-06-25,823366,"Davis, Henry",680779,3,2,0,1,0,1,0,6,1,2.0,21.0,7.0,6.0,0.09523809523809523,0.3333333333333333,0.8571428571428571
2026-06-26,823363,"Davis, Henry",680779,2,0,0,0,0,0,0,0,0,3.0,20.0,4.0,8.0,0.15,0.2,1.1428571428571428
2026-06-28,823362,"Davis, Henry",680779,4,1,1,0,0,0,2,1,1,3.0,20.0,4.0,8.0,0.15,0.2,1.1428571428571428
2026-06-30,823445,"Davis, Henry",680779,2,0,0,0,0,0,0,0,0,4.0,22.0,6.0,9.0,0.18181818181818182,0.2727272727272727,1.2857142857142858
2026-07-01,823446,"Davis, Henry",680779,4,1,0,0,0,1,2,4,1,4.0,21.0,4.0,9.0,0.19047619047619047,0.19047619047619047,1.2857142857142858
2026-07-04,822716,"Davis, Henry",680779,4,1,1,0,0,0,0,1,1,5.0,22.0,5.0,13.0,0.22727272727272727,0.22727272727272727,1.8571428571428572
2026-07-05,822715,"Davis, Henry",680779,1,1,1,0,0,0,0,1,1,5.0,21.0,4.0,12.0,0.23809523809523808,0.19047619047619047,1.7142857142857142
2026-07-07,823361,"Davis, Henry",680779,5,0,0,0,0,0,1,0,0,6.0,20.0,4.0,13.0,0.3,0.2,1.8571428571428572
2026-07-08,823360,"Davis, Henry",680779,3,0,0,0,0,0,0,0,0,4.0,22.0,5.0,7.0,0.18181818181818182,0.22727272727272727,1.0
2026-07-11,823357,"Davis, Henry",680779,4,1,1,0,0,0,0,1,1,4.0,23.0,5.0,7.0,0.17391304347826086,0.21739130434782608,1.0
2026-07-12,823358,"Davis, Henry",680779,4,2,1,0,0,1,1,5,1,4.0,23.0,3.0,7.0,0.17391304347826086,0.13043478260869565,1.0
2026-07-18,824414,"Davis, Henry",680779,4,1,1,0,0,0,2,1,1,6.0,25.0,4.0,12.0,0.24,0.16,1.7142857142857142
2026-07-19,824411,"Davis, Henry",680779,4,0,0,0,0,0,2,0,0,6.0,25.0,4.0,9.0,0.24,0.16,1.2857142857142858
2026-07-20,823522,"Davis, Henry",680779,3,1,1,0,0,0,0,1,1,5.0,25.0,6.0,8.0,0.2,0.24,1.1428571428571428
2026-07-22,823518,"Davis, Henry",680779,3,0,0,0,0,0,3,0,0,5.0,27.0,6.0,8.0,0.18518518518518517,0.2222222222222222,1.1428571428571428
2026-07-24,823352,"Davis, Henry",680779,4,2,2,0,0,0,0,2,1,5.0,25.0,8.0,8.0,0.2,0.32,1.1428571428571428
2026-07-25,823355,"Davis, Henry",680779,3,1,1,0,0,0,0,1,1,7.0,26.0,8.0,10.0,0.2692307692307692,0.3076923076923077,1.4285714285714286
2026-07-27,823353,"Davis, Henry",680779,2,0,0,0,0,0,0,0,0,7.0,25.0,8.0,10.0,0.28,0.32,1.4285714285714286
2026-07-29,823351,"Davis, Henry",680779,3,0,0,0,0,0,1,0,0,5.0,23.0,7.0,5.0,0.21739130434782608,0.30434782608695654,0.7142857142857143
2026-07-31,824486,"Davis, Henry",680779,4,1,1,0,0,0,0,1,1,4.0,22.0,6.0,4.0,0.18181818181818182,0.2727272727272727,0.5714285714285714
2026-08-01,824485,"Davis, Henry",680779,4,1,1,0,0,0,0,1,1,5.0,22.0,4.0,5.0,0.22727272727272727,0.18181818181818182,0.7142857142857143
2026-08-03,823757,"Davis, Henry",680779,4,0,0,0,0,0,1,0,0,5.0,23.0,4.0,5.0,0.21739130434782608,0.17391304347826086,0.7142857142857143
2026-08-06,823754,"Davis, Henry",680779,3,0,0,0,0,0,1,0,0,5.0,24.0,2.0,5.0,0.20833333333333334,0.08333333333333333,0.7142857142857143
2026-08-08,823348,"Davis, Henry",680779,6,2,2,0,0,0,1,2,1,3.0,23.0,3.0,3.0,0.13043478260869565,0.13043478260869565,0.42857142857142855
2026-04-06,823401,"Gonzales, Nick",693304,4,1,1,0,0,0,1,1,1,9.0,32.0,6.0,11.0,0.28125,0.1875,1.5714285714285714
2026-04-07,823402,"Gonzales, Nick",693304,4,1,1,0,0,0,1,1,1,8.0,32.0,6.0,9.0,0.25,0.1875,1.2857142857142858
2026-04-08,823403,"Gonzales, Nick",693304,4,1,0,1,0,0,0,2,1,7.0,30.0,4.0,8.0,0.23333333333333334,0.13333333333333333,1.1428571428571428
2026-04-10,824695,"Gonzales, Nick",693304,3,0,0,0,0,0,1,0,0,8.0,29.0,3.0,10.0,0.27586206896551724,0.10344827586206896,1.4285714285714286
2026-04-11,824697,"Gonzales, Nick",693304,1,0,0,0,0,0,0,0,0,7.0,28.0,4.0,9.0,0.25,0.14285714285714285,1.2857142857142858
2026-04-13,823400,"Gonzales, Nick",693304,1,0,0,0,0,0,0,0,0,5.0,25.0,4.0,7.0,0.2,0.16,1.0
2026-04-14,823398,"Gonzales, Nick",693304,4,0,0,0,0,0,1,0,0,3.0,21.0,3.0,4.0,0.14285714285714285,0.14285714285714285,0.5714285714285714
2026-04-15,823399,"Gonzales, Nick",693304,4,1,1,0,0,0,1,1,1,3.0,21.0,4.0,4.0,0.14285714285714285,0.19047619047619047,0.5714285714285714
2026-04-16,823396,"Gonzales, Nick",693304,4,2,2,0,0,0,1,2,1,3.0,21.0,4.0,4.0,0.14285714285714285,0.19047619047619047,0.5714285714285714
2026-04-17,823397,"Gonzales, Nick",693304,4,0,0,0,0,0,1,0,0,4.0,21.0,4.0,5.0,0.19047619047619047,0.19047619047619047,0.7142857142857143
2026-04-18,823394,"Gonzales, Nick",693304,1,0,0,0,0,0,0,0,0,3.0,21.0,5.0,3.0,0.14285714285714285,0.23809523809523808,0.42857142857142855
2026-04-19,823393,"Gonzales, Nick",693304,4,2,2,0,0,0,0,2,1,3.0,19.0,4.0,3.0,0.15789473684210525,0.21052631578947367,0.42857142857142855
2026-04-21,822914,"Gonzales, Nick",693304,4,2,2,0,0,0,2,2,1,5.0,22.0,4.0,5.0,0.22727272727272727,0.18181818181818182,0.7142857142857143
2026-04-22,822913,"Gonzales, Nick",693304,4,1,1,0,0,0,0,1,1,7.0,25.0,6.0,7.0,0.28,0.24,1.0
2026-04-23,822912,"Gonzales, Nick",693304,4,2,2,0,0,0,0,2,1,8.0,25.0,5.0,8.0,0.32,0.2,1.1428571428571428
2026-04-24,823800,"Gonzales, Nick",693304,4,1,1,0,0,0,0,1,1,9.0,25.0,4.0,9.0,0.36,0.16,1.2857142857142858
2026-04-25,823799,"Gonzales, Nick",693304,5,3,3,0,0,0,1,3,1,8.0,25.0,3.0,8.0,0.32,0.12,1.1428571428571428
2026-04-26,823797,"Gonzales, Nick",693304,4,1,0,1,0,0,2,2,1,11.0,26.0,3.0,11.0,0.4230769230769231,0.11538461538461539,1.5714285714285714
2026-04-27,823395,"Gonzales, Nick",693304,4,3,2,1,0,0,1,4,1,12.0,29.0,5.0,13.0,0.41379310344827586,0.1724137931034483,1.8571428571428572
2026-04-28,823390,"Gonzales, Nick",693304,4,2,2,0,0,0,0,2,1,13.0,29.0,6.0,15.0,0.4482758620689655,0.20689655172413793,2.142857142857143
2026-04-29,823392,"Gonzales, Nick",693304,5,1,1,0,0,0,2,1,1,13.0,29.0,4.0,15.0,0.4482758620689655,0.13793103448275862,2.142857142857143
2026-04-30,823391,"Gonzales, Nick",693304,4,0,0,0,0,0,0,0,0,13.0,30.0,6.0,15.0,0.43333333333333335,0.2,2.142857142857143
2026-05-01,823389,"Gonzales, Nick",693304,5,3,3,0,0,0,0,3,1,11.0,30.0,6.0,13.0,0.36666666666666664,0.2,1.8571428571428572
2026-05-02,823388,"Gonzales, Nick",693304,6,2,2,0,0,0,1,2,1,13.0,31.0,6.0,15.0,0.41935483870967744,0.1935483870967742,2.142857142857143
2026-05-03,823387,"Gonzales, Nick",693304,3,0,0,0,0,0,1,0,0,12.0,32.0,6.0,14.0,0.375,0.1875,2.0
2026-05-05,825092,"Gonzales, Nick",693304,4,0,0,0,0,0,1,0,0,11.0,31.0,5.0,12.0,0.3548387096774194,0.16129032258064516,1.7142857142857142
2026-05-06,825091,"Gonzales, Nick",693304,4,0,0,0,0,0,1,0,0,8.0,31.0,5.0,8.0,0.25806451612903225,0.16129032258064516,1.1428571428571428
2026-05-08,823225,"Gonzales, Nick",693304,4,0,0,0,0,0,0,0,0,6.0,31.0,6.0,6.0,0.1935483870967742,0.1935483870967742,0.8571428571428571
2026-05-09,823224,"Gonzales, Nick",693304,6,4,3,1,0,0,1,5,1,5.0,30.0,4.0,5.0,0.16666666666666666,0.13333333333333333,0.7142857142857143
2026-05-10,823221,"Gonzales, Nick",693304,6,1,1,0,0,0,0,1,1,9.0,32.0,5.0,10.0,0.28125,0.15625,1.4285714285714286
2026-05-12,823385,"Gonzales, Nick",693304,4,2,1,1,0,0,1,3,1,7.0,33.0,5.0,8.0,0.21212121212121213,0.15151515151515152,1.1428571428571428
2026-05-13,823386,"Gonzales, Nick",693304,4,0,0,0,0,0,0,0,0,7.0,31.0,5.0,9.0,0.22580645161290322,0.16129032258064516,1.2857142857142858
2026-05-15,823384,"Gonzales, Nick",693304,1,0,0,0,0,0,0,0,0,7.0,32.0,4.0,9.0,0.21875,0.125,1.2857142857142858
2026-05-16,823382,"Gonzales, Nick",693304,3,2,2,0,0,0,0,2,1,7.0,29.0,3.0,9.0,0.2413793103448276,0.10344827586206896,1.2857142857142858
2026-05-17,823381,"Gonzales, Nick",693304,4,1,1,0,0,0,0,1,1,9.0,28.0,2.0,11.0,0.32142857142857145,0.07142857142857142,1.5714285714285714
2026-05-19,823059,"Gonzales, Nick",693304,6,1,1,0,0,0,1,1,1,10.0,28.0,2.0,12.0,0.35714285714285715,0.07142857142857142,1.7142857142857142
2026-05-20,823057,"Gonzales, Nick",693304,5,2,2,0,0,0,0,2,1,7.0,28.0,2.0,8.0,0.25,0.07142857142857142,1.1428571428571428
2026-05-22,822816,"Gonzales, Nick",693304,4,2,1,1,0,0,1,3,1,8.0,27.0,2.0,9.0,0.2962962962962963,0.07407407407407407,1.2857142857142858
2026-05-23,822814,"Gonzales, Nick",693304,4,0,0,0,0,0,1,0,0,8.0,27.0,2.0,9.0,0.2962962962962963,0.07407407407407407,1.2857142857142858
2026-05-24,822813,"Gonzales, Nick",693304,4,0,0,0,0,0,3,0,0,8.0,27.0,3.0,9.0,0.2962962962962963,0.1111111111111111,1.2857142857142858
2026-05-25,823380,"Gonzales, Nick",693304,4,0,0,0,0,0,1,0,0,8.0,30.0,6.0,9.0,0.26666666666666666,0.2,1.2857142857142858
2026-05-26,823379,"Gonzales, Nick",693304,5,2,1,1,0,0,1,3,1,6.0,31.0,7.0,7.0,0.1935483870967742,0.22580645161290322,1.0
2026-05-27,823376,"Gonzales, Nick",693304,4,0,0,0,0,0,1,0,0,7.0,32.0,8.0,9.0,0.21875,0.25,1.2857142857142858
2026-05-28,823378,"Gonzales, Nick",693304,1,0,0,0,0,0,0,0,0,6.0,30.0,8.0,8.0,0.2,0.26666666666666666,1.1428571428571428
2026-05-29,823377,"Gonzales, Nick",693304,4,1,1,0,0,0,0,1,1,4.0,26.0,8.0,6.0,0.15384615384615385,0.3076923076923077,0.8571428571428571
2026-05-30,823375,"Gonzales, Nick",693304,5,3,3,0,0,0,0,3,1,3.0,26.0,7.0,4.0,0.11538461538461539,0.2692307692307692,0.5714285714285714
2026-05-31,823373,"Gonzales, Nick",693304,4,1,0,0,0,1,2,4,1,6.0,27.0,6.0,7.0,0.2222222222222222,0.2222222222222222,1.0
2026-06-02,824189,"Gonzales, Nick",693304,5,3,3,0,0,0,0,3,1,7.0,27.0,5.0,11.0,0.25925925925925924,0.18518518518518517,1.5714285714285714
2026-06-03,824188,"Gonzales, Nick",693304,5,2,0,1,0,1,0,6,1,10.0,28.0,4.0,14.0,0.35714285714285715,0.14285714285714285,2.0
2026-06-04,824185,"Gonzales, Nick",693304,4,1,1,0,0,0,1,1,1,10.0,28.0,3.0,17.0,0.35714285714285715,0.10714285714285714,2.4285714285714284
2026-06-05,824914,"Gonzales, Nick",693304,4,1,1,0,0,0,1,1,1,11.0,28.0,3.0,18.0,0.39285714285714285,0.10714285714285714,2.5714285714285716
2026-06-06,824915,"Gonzales, Nick",693304,4,2,1,1,0,0,1,3,1,12.0,31.0,4.0,19.0,0.3870967741935484,0.12903225806451613,2.7142857142857144
2026-06-07,824916,"Gonzales, Nick",693304,4,0,0,0,0,0,1,0,0,13.0,31.0,5.0,21.0,0.41935483870967744,0.16129032258064516,3.0
2026-06-09,823374,"Gonzales, Nick",693304,4,0,0,0,0,0,1,0,0,10.0,30.0,6.0,18.0,0.3333333333333333,0.2,2.5714285714285716
2026-06-10,823372,"Gonzales, Nick",693304,4,0,0,0,0,0,1,0,0,9.0,30.0,5.0,14.0,0.3,0.16666666666666666,2.0
2026-06-11,823371,"Gonzales, Nick",693304,5,2,2,0,0,0,1,2,1,6.0,29.0,6.0,11.0,0.20689655172413793,0.20689655172413793,1.5714285714285714
2026-06-12,823370,"Gonzales, Nick",693304,4,1,1,0,0,0,0,1,1,6.0,29.0,7.0,7.0,0.20689655172413793,0.2413793103448276,1.0
2026-06-13,823369,"Gonzales, Nick",693304,4,0,0,0,0,0,1,0,0,6.0,29.0,6.0,7.0,0.20689655172413793,0.20689655172413793,1.0
2026-06-14,823368,"Gonzales, Nick",693304,4,2,2,0,0,0,0,2,1,5.0,29.0,6.0,6.0,0.1724137931034483,0.20689655172413793,0.8571428571428571
2026-06-15,824993,"Gonzales, Nick",693304,4,0,0,0,0,0,1,0,0,5.0,29.0,5.0,5.0,0.1724137931034483,0.1724137931034483,0.7142857142857143
2026-06-16,824991,"Gonzales, Nick",693304,4,0,0,0,0,0,1,0,0,5.0,29.0,5.0,5.0,0.1724137931034483,0.1724137931034483,0.7142857142857143
2026-06-17,824992,"Gonzales, Nick",693304,5,2,2,0,0,0,1,2,1,5.0,29.0,5.0,5.0,0.1724137931034483,0.1724137931034483,0.7142857142857143
2026-06-19,824345,"Gonzales, Nick",693304,4,1,0,0,1,0,0,3,1,7.0,30.0,5.0,7.0,0.23333333333333334,0.16666666666666666,1.0
2026-06-20,824342,"Gonzales, Nick",693304,4,0,0,0,0,0,2,0,0,6.0,29.0,4.0,8.0,0.20689655172413793,0.13793103448275862,1.1428571428571428
2026-06-21,824343,"Gonzales, Nick",693304,4,2,1,0,0,1,1,5,1,5.0,29.0,6.0,7.0,0.1724137931034483,0.20689655172413793,1.0
2026-06-23,823365,"Gonzales, Nick",693304,4,2,2,0,0,0,1,2,1,7.0,29.0,6.0,12.0,0.2413793103448276,0.20689655172413793,1.7142857142857142
2026-06-24,823367,"Gonzales, Nick",693304,5,2,2,0,0,0,1,2,1,7.0,29.0,7.0,12.0,0.2413793103448276,0.2413793103448276,1.7142857142857142
2026-06-25,823366,"Gonzales, Nick",693304,4,1,1,0,0,0,1,1,1,9.0,30.0,7.0,14.0,0.3,0.23333333333333334,2.0
2026-06-26,823363,"Gonzales, Nick",693304,2,0,0,0,0,0,1,0,0,10.0,30.0,7.0,15.0,0.3333333333333333,0.23333333333333334,2.142857142857143
2026-06-27,823364,"Gonzales, Nick",693304,5,1,1,0,0,0,2,1,1,8.0,27.0,7.0,13.0,0.2962962962962963,0.25925925925925924,1.8571428571428572
2026-06-28,823362,"Gonzales, Nick",693304,5,1,1,0,0,0,0,1,1,8.0,28.0,9.0,11.0,0.2857142857142857,0.32142857142857145,1.5714285714285714
2026-06-29,823444,"Gonzales, Nick",693304,2,0,0,0,0,0,2,0,0,9.0,29.0,7.0,12.0,0.3103448275862069,0.2413793103448276,1.7142857142857142
2026-06-30,823445,"Gonzales, Nick",693304,4,1,1,0,0,0,1,1,1,7.0,27.0,8.0,7.0,0.25925925925925924,0.2962962962962963,1.0
2026-07-01,823446,"Gonzales, Nick",693304,5,3,3,0,0,0,0,3,1,6.0,27.0,8.0,6.0,0.2222222222222222,0.2962962962962963,0.8571428571428571
2026-07-02,823442,"Gonzales, Nick",693304,5,3,2,0,0,1,0,6,1,7.0,27.0,7.0,7.0,0.25925925925925924,0.25925925925925924,1.0
2026-07-03,822714,"Gonzales, Nick",693304,5,1,0,1,0,0,1,2,1,9.0,28.0,6.0,12.0,0.32142857142857145,0.21428571428571427,1.7142857142857142
2026-07-04,822716,"Gonzales, Nick",693304,4,2,2,0,0,0,0,2,1,10.0,31.0,6.0,14.0,0.3225806451612903,0.1935483870967742,2.0
2026-07-05,822715,"Gonzales, Nick",693304,5,3,2,1,0,0,0,4,1,11.0,30.0,4.0,15.0,0.36666666666666664,0.13333333333333333,2.142857142857143
2026-07-07,823361,"Gonzales, Nick",693304,5,2,2,0,0,0,0,2,1,13.0,30.0,4.0,18.0,0.43333333333333335,0.13333333333333333,2.5714285714285716
2026-07-08,823360,"Gonzales, Nick",693304,4,0,0,0,0,0,2,0,0,15.0,33.0,2.0,20.0,0.45454545454545453,0.06060606060606061,2.857142857142857
2026-07-09,823359,"Gonzales, Nick",693304,4,0,0,0,0,0,0,0,0,14.0,33.0,3.0,19.0,0.42424242424242425,0.09090909090909091,2.7142857142857144
2026-07-11,823356,"Gonzales, Nick",693304,4,0,0,0,0,0,0,0,0,11.0,32.0,3.0,16.0,0.34375,0.09375,2.2857142857142856
2026-07-11,823357,"Gonzales, Nick",693304,4,1,1,0,0,0,1,1,1,8.0,31.0,3.0,10.0,0.25806451612903225,0.0967741935483871,1.4285714285714286
2026-07-12,823358,"Gonzales, Nick",693304,5,2,1,1,0,0,1,3,1,8.0,30.0,3.0,9.0,0.26666666666666666,0.1,1.2857142857142858
2026-07-18,824412,"Gonzales, Nick",693304,4,1,0,1,0,0,1,2,1,8.0,31.0,4.0,10.0,0.25806451612903225,0.12903225806451613,1.4285714285714286
2026-07-18,824414,"Gonzales, Nick",693304,4,2,1,0,0,1,1,5,1,6.0,30.0,5.0,8.0,0.2,0.16666666666666666,1.1428571428571428
2026-07-19,824411,"Gonzales, Nick",693304,5,2,0,2,0,0,2,4,1,6.0,29.0,6.0,11.0,0.20689655172413793,0.20689655172413793,1.5714285714285714
2026-07-20,823522,"Gonzales, Nick",693304,5,1,1,0,0,0,1,1,1,8.0,30.0,6.0,15.0,0.26666666666666666,0.2,2.142857142857143
2026-07-22,823518,"Gonzales, Nick",693304,4,2,1,0,0,1,1,5,1,9.0,31.0,7.0,16.0,0.2903225806451613,0.22580645161290322,2.2857142857142856
2026-07-22,823519,"Gonzales, Nick",693304,4,2,2,0,0,0,0,2,1,11.0,31.0,8.0,21.0,0.3548387096774194,0.25806451612903225,3.0
2026-07-24,823352,"Gonzales, Nick",693304,5,1,1,0,0,0,0,1,1,12.0,31.0,7.0,22.0,0.3870967741935484,0.22580645161290322,3.142857142857143
2026-07-25,823355,"Gonzales, Nick",693304,4,1,1,0,0,0,1,1,1,11.0,31.0,6.0,20.0,0.3548387096774194,0.1935483870967742,2.857142857142857
2026-07-26,823354,"Gonzales, Nick",693304,4,2,2,0,0,0,0,2,1,11.0,31.0,6.0,19.0,0.3548387096774194,0.1935483870967742,2.7142857142857144
2026-07-27,823353,"Gonzales, Nick",693304,4,2,2,0,0,0,1,2,1,11.0,31.0,5.0,16.0,0.3548387096774194,0.16129032258064516,2.2857142857142856
2026-07-28,823350,"Gonzales, Nick",693304,6,2,2,0,0,0,1,2,1,11.0,30.0,4.0,14.0,0.36666666666666664,0.13333333333333333,2.0
2026-07-29,823351,"Gonzales, Nick",693304,4,1,1,0,0,0,0,1,1,12.0,31.0,4.0,15.0,0.3870967741935484,0.12903225806451613,2.142857142857143
2026-07-30,824488,"Gonzales, Nick",693304,4,2,1,1,0,0,0,3,1,11.0,31.0,3.0,11.0,0.3548387096774194,0.0967741935483871,1.5714285714285714
2026-07-31,824486,"Gonzales, Nick",693304,5,2,2,0,0,0,0,2,1,11.0,31.0,3.0,12.0,0.3548387096774194,0.0967741935483871,1.7142857142857142
2026-08-01,824485,"Gonzales, Nick",693304,4,0,0,0,0,0,0,0,0,12.0,31.0,3.0,13.0,0.3870967741935484,0.0967741935483871,1.8571428571428572
2026-08-02,824483,"Gonzales, Nick",693304,4,0,0,0,0,0,1,0,0,11.0,31.0,2.0,12.0,0.3548387096774194,0.06451612903225806,1.7142857142857142
2026-08-03,823757,"Gonzales, Nick",693304,4,0,0,0,0,0,2,0,0,9.0,31.0,3.0,10.0,0.2903225806451613,0.0967741935483871,1.4285714285714286
2026-08-04,823756,"Gonzales, Nick",693304,4,0,0,0,0,0,0,0,0,7.0,31.0,4.0,8.0,0.22580645161290322,0.12903225806451613,1.1428571428571428
2026-08-05,823753,"Gonzales, Nick",693304,3,1,1,0,0,0,1,1,1,5.0,29.0,3.0,6.0,0.1724137931034483,0.10344827586206896,0.8571428571428571
2026-08-06,823754,"Gonzales, Nick",693304,4,2,2,0,0,0,0,2,1,5.0,28.0,4.0,6.0,0.17857142857142858,0.14285714285714285,0.8571428571428571
2026-08-07,823349,"Gonzales, Nick",693304,4,2,1,1,0,0,0,3,1,5.0,28.0,4.0,5.0,0.17857142857142858,0.14285714285714285,0.7142857142857143
2026-08-08,823348,"Gonzales, Nick",693304,5,1,0,1,0,0,1,2,1,5.0,27.0,4.0,6.0,0.18518518518518517,0.14814814814814814,0.8571428571428571
2026-06-09,824591,"Gonzalez, Jacob",694378,5,2,2,0,0,0,1,2,1,6.0,23.0,7.0,9.0,0.2608695652173913,0.30434782608695654,1.2857142857142858
2026-06-10,824590,"Gonzalez, Jacob",694378,3,0,0,0,0,0,1,0,0,7.0,25.0,8.0,10.0,0.28,0.32,1.4285714285714286
2026-06-12,824588,"Gonzalez, Jacob",694378,4,0,0,0,0,0,1,0,0,7.0,24.0,5.0,10.0,0.2916666666666667,0.20833333333333334,1.4285714285714286
2026-06-13,824587,"Gonzalez, Jacob",694378,3,0,0,0,0,0,2,0,0,6.0,24.0,4.0,9.0,0.25,0.16666666666666666,1.2857142857142858
2026-06-14,824586,"Gonzalez, Jacob",694378,4,0,0,0,0,0,1,0,0,4.0,22.0,6.0,7.0,0.18181818181818182,0.2727272727272727,1.0
2026-06-16,823535,"Gonzalez, Jacob",694378,3,0,0,0,0,0,1,0,0,3.0,25.0,7.0,6.0,0.12,0.28,0.8571428571428571
2026-06-17,823536,"Gonzalez, Jacob",694378,2,0,0,0,0,0,0,0,0,2.0,24.0,8.0,2.0,0.08333333333333333,0.3333333333333333,0.2857142857142857
2026-06-18,823533,"Gonzalez, Jacob",694378,2,0,0,0,0,0,1,0,0,2.0,24.0,7.0,2.0,0.08333333333333333,0.2916666666666667,0.2857142857142857
2026-06-20,824263,"Gonzalez, Jacob",694378,2,0,0,0,0,0,0,0,0,0.0,21.0,7.0,0.0,0.0,0.3333333333333333,0.0
2026-06-21,824260,"Gonzalez, Jacob",694378,4,0,0,0,0,0,0,0,0,0.0,20.0,6.0,0.0,0.0,0.3,0.0
2026-06-22,824585,"Gonzalez, Jacob",694378,1,0,0,0,0,0,1,0,0,0.0,20.0,5.0,0.0,0.0,0.25,0.0
2026-06-24,824583,"Gonzalez, Jacob",694378,4,2,2,0,0,0,0,2,1,0.0,18.0,4.0,0.0,0.0,0.2222222222222222,0.0
2026-06-26,824582,"Gonzalez, Jacob",694378,5,3,1,1,0,1,0,7,1,2.0,18.0,3.0,2.0,0.1111111111111111,0.16666666666666666,0.2857142857142857
2026-06-27,824581,"Gonzalez, Jacob",694378,4,1,1,0,0,0,1,1,1,5.0,20.0,2.0,9.0,0.25,0.1,1.2857142857142858
2026-06-28,824580,"Gonzalez, Jacob",694378,4,0,0,0,0,0,0,0,0,6.0,22.0,3.0,10.0,0.2727272727272727,0.13636363636363635,1.4285714285714286
2026-06-29,824822,"Gonzalez, Jacob",694378,4,2,1,1,0,0,1,3,1,6.0,24.0,2.0,10.0,0.25,0.08333333333333333,1.4285714285714286
2026-06-30,824819,"Gonzalez, Jacob",694378,5,3,1,2,0,0,1,5,1,8.0,26.0,3.0,13.0,0.3076923076923077,0.11538461538461539,1.8571428571428572
2026-07-01,824818,"Gonzalez, Jacob",694378,3,0,0,0,0,0,1,0,0,11.0,27.0,4.0,18.0,0.4074074074074074,0.14814814814814814,2.5714285714285716
2026-07-02,824416,"Gonzalez, Jacob",694378,4,1,1,0,0,0,0,1,1,11.0,29.0,4.0,18.0,0.3793103448275862,0.13793103448275862,2.5714285714285716
2026-07-03,824417,"Gonzalez, Jacob",694378,3,1,1,0,0,0,0,1,1,10.0,29.0,4.0,17.0,0.3448275862068966,0.13793103448275862,2.4285714285714284
2026-07-05,824413,"Gonzalez, Jacob",694378,2,0,0,0,0,0,0,0,0,8.0,27.0,4.0,11.0,0.2962962962962963,0.14814814814814814,1.5714285714285714
2026-07-07,824579,"Gonzalez, Jacob",694378,1,0,0,0,0,0,1,0,0,7.0,25.0,3.0,10.0,0.28,0.12,1.4285714285714286
2026-07-09,824577,"Gonzalez, Jacob",694378,2,0,0,0,0,0,1,0,0,7.0,22.0,4.0,10.0,0.3181818181818182,0.18181818181818182,1.4285714285714286
2026-07-12,823358,"Gonzalez, Jacob",694378,1,0,0,0,0,0,0,0,0,5.0,20.0,4.0,7.0,0.25,0.2,1.0
2026-07-18,824412,"Gonzalez, Jacob",694378,1,0,0,0,0,0,1,0,0,2.0,16.0,3.0,2.0,0.125,0.1875,0.2857142857142857
2026-07-18,824414,"Gonzalez, Jacob",694378,4,2,1,0,0,1,0,5,1,2.0,14.0,3.0,2.0,0.14285714285714285,0.21428571428571427,0.2857142857142857
2026-07-19,824411,"Gonzalez, Jacob",694378,4,1,0,1,0,0,0,2,1,3.0,14.0,3.0,6.0,0.21428571428571427,0.21428571428571427,0.8571428571428571
2026-07-20,823522,"Gonzalez, Jacob",694378,2,1,1,0,0,0,0,1,1,3.0,15.0,3.0,7.0,0.2,0.2,1.0
2026-07-22,823518,"Gonzalez, Jacob",694378,4,1,0,0,0,1,0,4,1,4.0,15.0,3.0,8.0,0.26666666666666666,0.2,1.1428571428571428
2026-07-22,823519,"Gonzalez, Jacob",694378,1,0,0,0,0,0,0,0,0,5.0,18.0,2.0,12.0,0.2777777777777778,0.1111111111111111,1.7142857142857142
2026-07-25,823355,"Gonzalez, Jacob",694378,3,0,0,0,0,0,1,0,0,5.0,17.0,1.0,12.0,0.29411764705882354,0.058823529411764705,1.7142857142857142
2026-07-26,823354,"Gonzalez, Jacob",694378,4,0,0,0,0,0,0,0,0,5.0,19.0,2.0,12.0,0.2631578947368421,0.10526315789473684,1.7142857142857142
2026-07-27,823353,"Gonzalez, Jacob",694378,4,1,1,0,0,0,2,1,1,5.0,22.0,1.0,12.0,0.22727272727272727,0.045454545454545456,1.7142857142857142
2026-07-28,823350,"Gonzalez, Jacob",694378,3,1,1,0,0,0,0,1,1,4.0,22.0,3.0,8.0,0.18181818181818182,0.13636363636363635,1.1428571428571428
2026-07-30,824488,"Gonzalez, Jacob",694378,2,0,0,0,0,0,1,0,0,4.0,21.0,3.0,7.0,0.19047619047619047,0.14285714285714285,1.0
2026-07-31,824486,"Gonzalez, Jacob",694378,3,0,0,0,0,0,0,0,0,3.0,21.0,4.0,6.0,0.14285714285714285,0.19047619047619047,0.8571428571428571
2026-08-02,824483,"Gonzalez, Jacob",694378,3,2,1,1,0,0,0,3,1,2.0,20.0,4.0,2.0,0.1,0.2,0.2857142857142857
2026-08-03,823757,"Gonzalez, Jacob",694378,4,0,0,0,0,0,1,0,0,4.0,22.0,4.0,5.0,0.18181818181818182,0.18181818181818182,0.7142857142857143
2026-08-04,823756,"Gonzalez, Jacob",694378,3,1,0,0,0,1,0,4,1,4.0,23.0,4.0,5.0,0.17391304347826086,0.17391304347826086,0.7142857142857143
2026-08-05,823753,"Gonzalez, Jacob",694378,1,0,0,0,0,0,1,0,0,5.0,22.0,4.0,9.0,0.22727272727272727,0.18181818181818182,1.2857142857142858
2026-08-06,823754,"Gonzalez, Jacob",694378,2,0,0,0,0,0,1,0,0,4.0,19.0,3.0,8.0,0.21052631578947367,0.15789473684210525,1.1428571428571428
2026-08-07,823349,"Gonzalez, Jacob",694378,1,1,1,0,0,0,0,1,1,3.0,18.0,4.0,7.0,0.16666666666666666,0.2222222222222222,1.0
2026-08-08,823348,"Gonzalez, Jacob",694378,5,1,1,0,0,0,0,1,1,4.0,17.0,3.0,8.0,0.23529411764705882,0.17647058823529413,1.1428571428571428
2026-04-05,823405,"Horwitz, Spencer",687462,4,1,1,0,0,0,0,1,1,3.0,24.0,7.0,4.0,0.125,0.2916666666666667,0.5714285714285714
2026-04-06,823401,"Horwitz, Spencer",687462,4,2,2,0,0,0,0,2,1,4.0,24.0,6.0,5.0,0.16666666666666666,0.25,0.7142857142857143
2026-04-07,823402,"Horwitz, Spencer",687462,3,1,1,0,0,0,1,1,1,6.0,25.0,5.0,7.0,0.24,0.2,1.0
2026-04-08,823403,"Horwitz, Spencer",687462,2,0,0,0,0,0,0,0,0,6.0,24.0,5.0,7.0,0.25,0.20833333333333334,1.0
2026-04-11,824697,"Horwitz, Spencer",687462,4,1,1,0,0,0,0,1,1,6.0,25.0,4.0,7.0,0.24,0.16,1.0
2026-04-12,824696,"Horwitz, Spencer",687462,4,0,0,0,0,0,2,0,0,6.0,25.0,2.0,7.0,0.24,0.08,1.0
2026-04-13,823400,"Horwitz, Spencer",687462,5,2,1,0,0,1,0,5,1,6.0,25.0,3.0,7.0,0.24,0.12,1.0
2026-04-14,823398,"Horwitz, Spencer",687462,2,0,0,0,0,0,0,0,0,7.0,26.0,3.0,10.0,0.2692307692307692,0.11538461538461539,1.4285714285714286
2026-04-15,823399,"Horwitz, Spencer",687462,3,0,0,0,0,0,1,0,0,6.0,24.0,3.0,9.0,0.25,0.125,1.2857142857142858
2026-04-16,823396,"Horwitz, Spencer",687462,1,0,0,0,0,0,0,0,0,4.0,23.0,4.0,7.0,0.17391304347826086,0.17391304347826086,1.0
2026-04-17,823397,"Horwitz, Spencer",687462,4,3,2,1,0,0,0,4,1,3.0,21.0,3.0,6.0,0.14285714285714285,0.14285714285714285,0.8571428571428571
2026-04-18,823394,"Horwitz, Spencer",687462,6,0,0,0,0,0,2,0,0,6.0,23.0,3.0,10.0,0.2608695652173913,0.13043478260869565,1.4285714285714286
2026-04-19,823393,"Horwitz, Spencer",687462,2,1,0,0,0,1,0,4,1,5.0,25.0,5.0,9.0,0.2,0.2,1.2857142857142858
2026-04-22,822913,"Horwitz, Spencer",687462,4,2,2,0,0,0,0,2,1,6.0,23.0,3.0,13.0,0.2608695652173913,0.13043478260869565,1.8571428571428572
2026-04-23,822912,"Horwitz, Spencer",687462,4,0,0,0,0,0,0,0,0,6.0,22.0,3.0,10.0,0.2727272727272727,0.13636363636363635,1.4285714285714286
2026-04-24,823800,"Horwitz, Spencer",687462,4,1,1,0,0,0,0,1,1,6.0,24.0,3.0,10.0,0.25,0.125,1.4285714285714286
2026-04-25,823799,"Horwitz, Spencer",687462,5,1,1,0,0,0,0,1,1,7.0,25.0,2.0,11.0,0.28,0.08,1.5714285714285714
2026-04-26,823797,"Horwitz, Spencer",687462,1,0,0,0,0,0,1,0,0,8.0,29.0,2.0,12.0,0.27586206896551724,0.06896551724137931,1.7142857142857142
2026-04-27,823395,"Horwitz, Spencer",687462,4,1,1,0,0,0,1,1,1,5.0,26.0,3.0,8.0,0.19230769230769232,0.11538461538461539,1.1428571428571428
2026-04-28,823390,"Horwitz, Spencer",687462,4,1,1,0,0,0,0,1,1,6.0,24.0,2.0,9.0,0.25,0.08333333333333333,1.2857142857142858
2026-04-29,823392,"Horwitz, Spencer",687462,4,1,0,0,0,1,0,4,1,6.0,26.0,2.0,6.0,0.23076923076923078,0.07692307692307693,0.8571428571428571
2026-04-30,823391,"Horwitz, Spencer",687462,4,0,0,0,0,0,0,0,0,5.0,26.0,2.0,8.0,0.19230769230769232,0.07692307692307693,1.1428571428571428
2026-05-01,823389,"Horwitz, Spencer",687462,5,0,0,0,0,0,0,0,0,5.0,26.0,2.0,8.0,0.19230769230769232,0.07692307692307693,1.1428571428571428
2026-05-02,823388,"Horwitz, Spencer",687462,6,2,1,1,0,0,0,3,1,4.0,27.0,2.0,7.0,0.14814814814814814,0.07407407407407407,1.0
2026-05-03,823387,"Horwitz, Spencer",687462,3,0,0,0,0,0,0,0,0,5.0,28.0,2.0,9.0,0.17857142857142858,0.07142857142857142,1.2857142857142858
2026-05-06,825091,"Horwitz, Spencer",687462,4,1,0,0,1,0,1,3,1,5.0,30.0,1.0,9.0,0.16666666666666666,0.03333333333333333,1.2857142857142858
2026-05-07,825090,"Horwitz, Spencer",687462,4,1,1,0,0,0,0,1,1,5.0,30.0,1.0,11.0,0.16666666666666666,0.03333333333333333,1.5714285714285714
2026-05-08,823225,"Horwitz, Spencer",687462,1,1,1,0,0,0,0,1,1,5.0,30.0,1.0,11.0,0.16666666666666666,0.03333333333333333,1.5714285714285714
2026-05-09,823224,"Horwitz, Spencer",687462,5,1,0,1,0,0,1,2,1,5.0,27.0,1.0,8.0,0.18518518518518517,0.037037037037037035,1.1428571428571428
2026-05-10,823221,"Horwitz, Spencer",687462,6,2,0,2,0,0,1,4,1,6.0,28.0,2.0,10.0,0.21428571428571427,0.07142857142857142,1.4285714285714286
2026-05-12,823385,"Horwitz, Spencer",687462,4,2,2,0,0,0,0,2,1,8.0,29.0,3.0,14.0,0.27586206896551724,0.10344827586206896,2.0
2026-05-13,823386,"Horwitz, Spencer",687462,2,0,0,0,0,0,0,0,0,8.0,27.0,3.0,13.0,0.2962962962962963,0.1111111111111111,1.8571428571428572
2026-05-14,823383,"Horwitz, Spencer",687462,4,1,0,1,0,0,1,2,1,8.0,26.0,3.0,13.0,0.3076923076923077,0.11538461538461539,1.8571428571428572
2026-05-15,823384,"Horwitz, Spencer",687462,4,2,2,0,0,0,1,2,1,8.0,26.0,3.0,12.0,0.3076923076923077,0.11538461538461539,1.7142857142857142
2026-05-17,823381,"Horwitz, Spencer",687462,4,1,1,0,0,0,2,1,1,9.0,26.0,4.0,13.0,0.34615384615384615,0.15384615384615385,1.8571428571428572
2026-05-19,823059,"Horwitz, Spencer",687462,1,1,1,0,0,0,0,1,1,9.0,29.0,6.0,13.0,0.3103448275862069,0.20689655172413793,1.8571428571428572
2026-05-20,823057,"Horwitz, Spencer",687462,5,1,0,0,0,1,1,4,1,9.0,25.0,5.0,12.0,0.36,0.2,1.7142857142857142
2026-05-21,823056,"Horwitz, Spencer",687462,4,1,1,0,0,0,0,1,1,8.0,24.0,5.0,12.0,0.3333333333333333,0.20833333333333334,1.7142857142857142
2026-05-22,822816,"Horwitz, Spencer",687462,3,0,0,0,0,0,1,0,0,7.0,24.0,5.0,11.0,0.2916666666666667,0.20833333333333334,1.5714285714285714
2026-05-23,822814,"Horwitz, Spencer",687462,4,1,1,0,0,0,0,1,1,7.0,25.0,6.0,11.0,0.28,0.24,1.5714285714285714
2026-05-24,822813,"Horwitz, Spencer",687462,5,1,0,0,0,1,0,4,1,7.0,25.0,5.0,10.0,0.28,0.2,1.4285714285714286
2026-05-25,823380,"Horwitz, Spencer",687462,4,2,2,0,0,0,0,2,1,6.0,26.0,4.0,12.0,0.23076923076923078,0.15384615384615385,1.7142857142857142
2026-05-26,823379,"Horwitz, Spencer",687462,4,2,1,0,0,1,0,5,1,7.0,26.0,2.0,13.0,0.2692307692307692,0.07692307692307693,1.8571428571428572
2026-05-27,823376,"Horwitz, Spencer",687462,4,1,1,0,0,0,0,1,1,8.0,29.0,2.0,17.0,0.27586206896551724,0.06896551724137931,2.4285714285714284
2026-05-28,823378,"Horwitz, Spencer",687462,5,0,0,0,0,0,0,0,0,8.0,28.0,1.0,14.0,0.2857142857142857,0.03571428571428571,2.0
2026-05-29,823377,"Horwitz, Spencer",687462,5,2,2,0,0,0,0,2,1,7.0,29.0,1.0,13.0,0.2413793103448276,0.034482758620689655,1.8571428571428572
2026-05-30,823375,"Horwitz, Spencer",687462,5,2,1,0,0,1,0,5,1,9.0,31.0,0.0,15.0,0.2903225806451613,0.0,2.142857142857143
2026-05-31,823373,"Horwitz, Spencer",687462,5,1,0,1,0,0,0,2,1,10.0,32.0,0.0,19.0,0.3125,0.0,2.7142857142857144
2026-06-02,824189,"Horwitz, Spencer",687462,5,0,0,0,0,0,2,0,0,10.0,32.0,0.0,17.0,0.3125,0.0,2.4285714285714284
2026-06-03,824188,"Horwitz, Spencer",687462,5,3,3,0,0,0,0,3,1,8.0,33.0,2.0,15.0,0.24242424242424243,0.06060606060606061,2.142857142857143
2026-06-04,824185,"Horwitz, Spencer",687462,5,0,0,0,0,0,1,0,0,9.0,34.0,2.0,13.0,0.2647058823529412,0.058823529411764705,1.8571428571428572
2026-06-05,824914,"Horwitz, Spencer",687462,3,0,0,0,0,0,1,0,0,8.0,35.0,3.0,12.0,0.22857142857142856,0.08571428571428572,1.7142857142857142
2026-06-06,824915,"Horwitz, Spencer",687462,5,1,1,0,0,0,1,1,1,8.0,33.0,4.0,12.0,0.24242424242424243,0.12121212121212122,1.7142857142857142
2026-06-07,824916,"Horwitz, Spencer",687462,4,2,1,0,0,1,0,5,1,7.0,33.0,5.0,11.0,0.21212121212121213,0.15151515151515152,1.5714285714285714
2026-06-10,823372,"Horwitz, Spencer",687462,5,2,1,0,0,1,1,5,1,7.0,32.0,5.0,11.0,0.21875,0.15625,1.5714285714285714
2026-06-11,823371,"Horwitz, Spencer",687462,5,2,2,0,0,0,2,2,1,8.0,32.0,6.0,14.0,0.25,0.1875,2.0
2026-06-12,823370,"Horwitz, Spencer",687462,4,0,0,0,0,0,0,0,0,10.0,32.0,6.0,16.0,0.3125,0.1875,2.2857142857142856
2026-06-13,823369,"Horwitz, Spencer",687462,5,1,1,0,0,0,1,1,1,7.0,31.0,6.0,13.0,0.22580645161290322,0.1935483870967742,1.8571428571428572
2026-06-14,823368,"Horwitz, Spencer",687462,5,0,0,0,0,0,3,0,0,8.0,31.0,6.0,14.0,0.25806451612903225,0.1935483870967742,2.0
2026-06-15,824993,"Horwitz, Spencer",687462,5,1,0,1,0,0,0,2,1,8.0,33.0,8.0,14.0,0.24242424242424243,0.24242424242424243,2.0
2026-06-16,824991,"Horwitz, Spencer",687462,5,0,0,0,0,0,0,0,0,8.0,33.0,7.0,15.0,0.24242424242424243,0.21212121212121213,2.142857142857143
2026-06-17,824992,"Horwitz, Spencer",687462,6,2,0,2,0,0,0,4,1,6.0,34.0,7.0,10.0,0.17647058823529413,0.20588235294117646,1.4285714285714286
2026-06-19,824345,"Horwitz, Spencer",687462,4,0,0,0,0,0,0,0,0,6.0,35.0,6.0,9.0,0.17142857142857143,0.17142857142857143,1.2857142857142858
2026-06-20,824342,"Horwitz, Spencer",687462,4,2,1,0,0,1,0,5,1,4.0,34.0,4.0,7.0,0.11764705882352941,0.11764705882352941,1.0
2026-06-21,824343,"Horwitz, Spencer",687462,5,2,2,0,0,0,1,2,1,6.0,34.0,4.0,12.0,0.17647058823529413,0.11764705882352941,1.7142857142857142
2026-06-23,823365,"Horwitz, Spencer",687462,5,1,1,0,0,0,2,1,1,7.0,34.0,4.0,13.0,0.20588235294117646,0.11764705882352941,1.8571428571428572
2026-06-24,823367,"Horwitz, Spencer",687462,2,0,0,0,0,0,0,0,0,8.0,34.0,3.0,14.0,0.23529411764705882,0.08823529411764706,2.0
2026-08-02,824483,"Horwitz, Spencer",687462,4,0,0,0,0,0,2,0,0,7.0,31.0,3.0,12.0,0.22580645161290322,0.0967741935483871,1.7142857142857142
2026-08-03,823757,"Horwitz, Spencer",687462,4,1,0,1,0,0,2,2,1,7.0,30.0,5.0,12.0,0.23333333333333334,0.16666666666666666,1.7142857142857142
2026-08-04,823756,"Horwitz, Spencer",687462,4,0,0,0,0,0,1,0,0,6.0,28.0,7.0,10.0,0.21428571428571427,0.25,1.4285714285714286
2026-08-05,823753,"Horwitz, Spencer",687462,1,0,0,0,0,0,0,0,0,6.0,28.0,8.0,10.0,0.21428571428571427,0.2857142857142857,1.4285714285714286
2026-08-06,823754,"Horwitz, Spencer",687462,4,1,1,0,0,0,0,1,1,4.0,25.0,8.0,5.0,0.16,0.32,0.7142857142857143
2026-08-07,823349,"Horwitz, Spencer",687462,4,1,1,0,0,0,0,1,1,3.0,24.0,7.0,4.0,0.125,0.2916666666666667,0.5714285714285714
2026-08-08,823348,"Horwitz, Spencer",687462,5,0,0,0,0,0,0,0,0,3.0,23.0,5.0,4.0,0.13043478260869565,0.21739130434782608,0.5714285714285714
2026-04-05,823405,"Lowe, Brandon",664040,5,1,1,0,0,0,0,1,1,7.0,31.0,6.0,18.0,0.22580645161290322,0.1935483870967742,2.5714285714285716
2026-04-06,823401,"Lowe, Brandon",664040,4,1,1,0,0,0,0,1,1,6.0,32.0,6.0,11.0,0.1875,0.1875,1.5714285714285714
2026-04-07,823402,"Lowe, Brandon",664040,4,0,0,0,0,0,3,0,0,6.0,31.0,5.0,11.0,0.1935483870967742,0.16129032258064516,1.5714285714285714
2026-04-08,823403,"Lowe, Brandon",664040,4,0,0,0,0,0,1,0,0,4.0,30.0,8.0,5.0,0.13333333333333333,0.26666666666666666,0.7142857142857143
2026-04-11,824697,"Lowe, Brandon",664040,6,0,0,0,0,0,1,0,0,3.0,30.0,8.0,4.0,0.1,0.26666666666666666,0.5714285714285714
2026-04-12,824696,"Lowe, Brandon",664040,5,2,0,0,0,2,2,8,1,3.0,32.0,8.0,4.0,0.09375,0.25,0.5714285714285714
2026-04-13,823400,"Lowe, Brandon",664040,6,3,2,0,0,1,0,6,1,4.0,33.0,8.0,10.0,0.12121212121212122,0.24242424242424243,1.4285714285714286
2026-04-14,823398,"Lowe, Brandon",664040,3,1,0,0,0,1,1,4,1,7.0,34.0,7.0,16.0,0.20588235294117646,0.20588235294117646,2.2857142857142856
2026-04-15,823399,"Lowe, Brandon",664040,4,0,0,0,0,0,1,0,0,7.0,32.0,8.0,19.0,0.21875,0.25,2.7142857142857144
2026-04-16,823396,"Lowe, Brandon",664040,5,2,2,0,0,0,2,2,1,6.0,32.0,9.0,18.0,0.1875,0.28125,2.5714285714285716
2026-04-17,823397,"Lowe, Brandon",664040,5,3,1,2,0,0,0,5,1,8.0,33.0,8.0,20.0,0.24242424242424243,0.24242424242424243,2.857142857142857
2026-04-18,823394,"Lowe, Brandon",664040,6,0,0,0,0,0,1,0,0,11.0,34.0,7.0,25.0,0.3235294117647059,0.20588235294117646,3.5714285714285716
2026-04-22,822913,"Lowe, Brandon",664040,5,1,1,0,0,0,3,1,1,11.0,34.0,7.0,25.0,0.3235294117647059,0.20588235294117646,3.5714285714285716
2026-04-23,822912,"Lowe, Brandon",664040,4,0,0,0,0,0,2,0,0,10.0,34.0,8.0,18.0,0.29411764705882354,0.23529411764705882,2.5714285714285716
2026-04-24,823800,"Lowe, Brandon",664040,5,1,0,1,0,0,1,2,1,7.0,32.0,10.0,12.0,0.21875,0.3125,1.7142857142857142
2026-04-25,823799,"Lowe, Brandon",664040,4,1,1,0,0,0,2,1,1,7.0,34.0,10.0,10.0,0.20588235294117646,0.29411764705882354,1.4285714285714286
2026-04-27,823395,"Lowe, Brandon",664040,4,0,0,0,0,0,1,0,0,8.0,34.0,11.0,11.0,0.23529411764705882,0.3235294117647059,1.5714285714285714
2026-04-28,823390,"Lowe, Brandon",664040,3,1,0,1,0,0,1,2,1,6.0,33.0,10.0,9.0,0.18181818181818182,0.30303030303030304,1.2857142857142858
2026-04-29,823392,"Lowe, Brandon",664040,3,1,0,1,0,0,1,2,1,4.0,31.0,11.0,6.0,0.12903225806451613,0.3548387096774194,0.8571428571428571
2026-04-30,823391,"Lowe, Brandon",664040,5,2,0,1,0,1,0,6,1,5.0,28.0,11.0,8.0,0.17857142857142858,0.39285714285714285,1.1428571428571428
2026-05-01,823389,"Lowe, Brandon",664040,5,0,0,0,0,0,0,0,0,6.0,28.0,8.0,13.0,0.21428571428571427,0.2857142857142857,1.8571428571428572
2026-05-02,823388,"Lowe, Brandon",664040,5,1,1,0,0,0,0,1,1,6.0,29.0,6.0,13.0,0.20689655172413793,0.20689655172413793,1.8571428571428572
2026-05-03,823387,"Lowe, Brandon",664040,4,0,0,0,0,0,1,0,0,6.0,29.0,5.0,12.0,0.20689655172413793,0.1724137931034483,1.7142857142857142
2026-05-06,825091,"Lowe, Brandon",664040,4,2,1,0,0,1,0,5,1,5.0,29.0,4.0,11.0,0.1724137931034483,0.13793103448275862,1.5714285714285714
2026-05-07,825090,"Lowe, Brandon",664040,5,3,2,0,0,1,0,6,1,7.0,29.0,3.0,16.0,0.2413793103448276,0.10344827586206896,2.2857142857142856
2026-05-08,823225,"Lowe, Brandon",664040,2,0,0,0,0,0,0,0,0,9.0,31.0,2.0,20.0,0.2903225806451613,0.06451612903225806,2.857142857142857
2026-05-09,823224,"Lowe, Brandon",664040,6,2,0,1,1,0,1,5,1,8.0,30.0,1.0,18.0,0.26666666666666666,0.03333333333333333,2.5714285714285716
2026-05-10,823221,"Lowe, Brandon",664040,6,0,0,0,0,0,3,0,0,8.0,31.0,2.0,17.0,0.25806451612903225,0.06451612903225806,2.4285714285714284
2026-05-12,823385,"Lowe, Brandon",664040,4,1,1,0,0,0,1,1,1,8.0,32.0,5.0,17.0,0.25,0.15625,2.4285714285714284
2026-05-13,823386,"Lowe, Brandon",664040,4,0,0,0,0,0,0,0,0,8.0,31.0,6.0,17.0,0.25806451612903225,0.1935483870967742,2.4285714285714284
2026-05-14,823383,"Lowe, Brandon",664040,5,0,0,0,0,0,2,0,0,8.0,31.0,5.0,17.0,0.25806451612903225,0.16129032258064516,2.4285714285714284
2026-05-15,823384,"Lowe, Brandon",664040,5,2,0,0,0,2,2,8,1,6.0,32.0,7.0,12.0,0.1875,0.21875,1.7142857142857142
2026-05-16,823382,"Lowe, Brandon",664040,3,0,0,0,0,0,2,0,0,5.0,32.0,9.0,14.0,0.15625,0.28125,2.0
2026-05-17,823381,"Lowe, Brandon",664040,4,1,0,1,0,0,1,2,1,5.0,33.0,11.0,14.0,0.15151515151515152,0.3333333333333333,2.0
2026-05-19,823059,"Lowe, Brandon",664040,5,2,2,0,0,0,2,2,1,4.0,31.0,11.0,11.0,0.12903225806451613,0.3548387096774194,1.5714285714285714
2026-05-20,823057,"Lowe, Brandon",664040,5,1,0,1,0,0,0,2,1,6.0,30.0,10.0,13.0,0.2,0.3333333333333333,1.8571428571428572
2026-05-21,823056,"Lowe, Brandon",664040,5,2,1,0,0,1,0,5,1,6.0,31.0,9.0,14.0,0.1935483870967742,0.2903225806451613,2.0
2026-05-22,822816,"Lowe, Brandon",664040,4,2,2,0,0,0,0,2,1,8.0,32.0,9.0,19.0,0.25,0.28125,2.7142857142857144
2026-05-23,822814,"Lowe, Brandon",664040,2,0,0,0,0,0,2,0,0,10.0,31.0,7.0,21.0,0.3225806451612903,0.22580645161290322,3.0
2026-05-24,822813,"Lowe, Brandon",664040,4,1,1,0,0,0,1,1,1,8.0,28.0,7.0,13.0,0.2857142857142857,0.25,1.8571428571428572
2026-05-25,823380,"Lowe, Brandon",664040,4,2,1,1,0,0,1,3,1,9.0,29.0,6.0,14.0,0.3103448275862069,0.20689655172413793,2.0
2026-05-26,823379,"Lowe, Brandon",664040,4,2,2,0,0,0,1,2,1,10.0,29.0,6.0,15.0,0.3448275862068966,0.20689655172413793,2.142857142857143
2026-05-27,823376,"Lowe, Brandon",664040,4,1,0,0,0,1,1,4,1,10.0,28.0,5.0,15.0,0.35714285714285715,0.17857142857142858,2.142857142857143
2026-05-28,823378,"Lowe, Brandon",664040,4,0,0,0,0,0,3,0,0,10.0,27.0,6.0,17.0,0.37037037037037035,0.2222222222222222,2.4285714285714284
2026-05-29,823377,"Lowe, Brandon",664040,5,0,0,0,0,0,4,0,0,8.0,26.0,9.0,12.0,0.3076923076923077,0.34615384615384615,1.7142857142857142
2026-05-30,823375,"Lowe, Brandon",664040,3,1,1,0,0,0,0,1,1,6.0,27.0,13.0,10.0,0.2222222222222222,0.48148148148148145,1.4285714285714286
2026-05-31,823373,"Lowe, Brandon",664040,5,1,1,0,0,0,1,1,1,7.0,28.0,11.0,11.0,0.25,0.39285714285714285,1.5714285714285714
2026-06-02,824189,"Lowe, Brandon",664040,5,1,0,0,0,1,1,4,1,7.0,29.0,11.0,11.0,0.2413793103448276,0.3793103448275862,1.5714285714285714
2026-06-03,824188,"Lowe, Brandon",664040,5,0,0,0,0,0,2,0,0,6.0,30.0,11.0,12.0,0.2,0.36666666666666664,1.7142857142857142
2026-06-04,824185,"Lowe, Brandon",664040,5,2,0,2,0,0,1,4,1,4.0,31.0,12.0,10.0,0.12903225806451613,0.3870967741935484,1.4285714285714286
2026-06-05,824914,"Lowe, Brandon",664040,4,0,0,0,0,0,1,0,0,5.0,32.0,12.0,10.0,0.15625,0.375,1.4285714285714286
2026-06-06,824915,"Lowe, Brandon",664040,4,0,0,0,0,0,2,0,0,5.0,32.0,10.0,10.0,0.15625,0.3125,1.4285714285714286
2026-06-07,824916,"Lowe, Brandon",664040,1,1,0,1,0,0,0,2,1,5.0,31.0,8.0,10.0,0.16129032258064516,0.25806451612903225,1.4285714285714286
2026-06-09,823374,"Lowe, Brandon",664040,3,0,0,0,0,0,0,0,0,5.0,29.0,8.0,11.0,0.1724137931034483,0.27586206896551724,1.5714285714285714
2026-06-10,823372,"Lowe, Brandon",664040,5,1,0,1,0,0,0,2,1,4.0,27.0,7.0,10.0,0.14814814814814814,0.25925925925925924,1.4285714285714286
2026-06-11,823371,"Lowe, Brandon",664040,5,1,0,0,0,1,1,4,1,4.0,27.0,6.0,8.0,0.14814814814814814,0.2222222222222222,1.1428571428571428
2026-06-12,823370,"Lowe, Brandon",664040,4,1,0,0,0,1,2,4,1,5.0,27.0,5.0,12.0,0.18518518518518517,0.18518518518518517,1.7142857142857142
2026-06-13,823369,"Lowe, Brandon",664040,5,0,0,0,0,0,1,0,0,4.0,26.0,6.0,12.0,0.15384615384615385,0.23076923076923078,1.7142857142857142
2026-06-14,823368,"Lowe, Brandon",664040,5,0,0,0,0,0,3,0,0,4.0,27.0,6.0,12.0,0.14814814814814814,0.2222222222222222,1.7142857142857142
2026-06-15,824993,"Lowe, Brandon",664040,5,1,1,0,0,0,2,1,1,4.0,28.0,7.0,12.0,0.14285714285714285,0.25,1.7142857142857142
2026-06-16,824991,"Lowe, Brandon",664040,5,1,0,0,0,1,3,4,1,4.0,32.0,9.0,11.0,0.125,0.28125,1.5714285714285714
2026-06-17,824992,"Lowe, Brandon",664040,5,1,1,0,0,0,0,1,1,5.0,34.0,12.0,15.0,0.14705882352941177,0.35294117647058826,2.142857142857143
2026-06-19,824345,"Lowe, Brandon",664040,4,1,0,1,0,0,2,2,1,5.0,34.0,12.0,14.0,0.14705882352941177,0.35294117647058826,2.0
2026-06-20,824342,"Lowe, Brandon",664040,4,2,1,1,0,0,1,3,1,5.0,33.0,13.0,12.0,0.15151515151515152,0.3939393939393939,1.7142857142857142
2026-06-21,824343,"Lowe, Brandon",664040,5,1,1,0,0,0,0,1,1,6.0,33.0,12.0,11.0,0.18181818181818182,0.36363636363636365,1.5714285714285714
2026-06-23,823365,"Lowe, Brandon",664040,5,2,1,1,0,0,1,3,1,7.0,33.0,11.0,12.0,0.21212121212121213,0.3333333333333333,1.7142857142857142
2026-06-24,823367,"Lowe, Brandon",664040,5,1,1,0,0,0,0,1,1,9.0,33.0,9.0,15.0,0.2727272727272727,0.2727272727272727,2.142857142857143
2026-06-25,823366,"Lowe, Brandon",664040,4,2,1,0,0,1,1,5,1,9.0,33.0,7.0,15.0,0.2727272727272727,0.21212121212121213,2.142857142857143
2026-06-26,823363,"Lowe, Brandon",664040,5,0,0,0,0,0,2,0,0,10.0,32.0,5.0,16.0,0.3125,0.15625,2.2857142857142856
2026-06-27,823364,"Lowe, Brandon",664040,5,1,0,0,0,1,1,4,1,9.0,32.0,7.0,15.0,0.28125,0.21875,2.142857142857143
2026-06-28,823362,"Lowe, Brandon",664040,5,0,0,0,0,0,3,0,0,9.0,33.0,6.0,17.0,0.2727272727272727,0.18181818181818182,2.4285714285714284
2026-06-29,823444,"Lowe, Brandon",664040,5,0,0,0,0,0,3,0,0,7.0,34.0,8.0,14.0,0.20588235294117646,0.23529411764705882,2.0
2026-07-01,823446,"Lowe, Brandon",664040,5,1,1,0,0,0,1,1,1,6.0,34.0,11.0,13.0,0.17647058823529413,0.3235294117647059,1.8571428571428572
2026-07-02,823442,"Lowe, Brandon",664040,5,2,2,0,0,0,1,2,1,5.0,34.0,11.0,11.0,0.14705882352941177,0.3235294117647059,1.5714285714285714
2026-07-03,822714,"Lowe, Brandon",664040,5,1,0,1,0,0,1,2,1,6.0,34.0,12.0,12.0,0.17647058823529413,0.35294117647058826,1.7142857142857142
2026-07-04,822716,"Lowe, Brandon",664040,5,1,1,0,0,0,2,1,1,5.0,35.0,12.0,9.0,0.14285714285714285,0.34285714285714286,1.2857142857142858
2026-07-05,822715,"Lowe, Brandon",664040,5,1,0,0,0,1,1,4,1,6.0,35.0,12.0,10.0,0.17142857142857143,0.34285714285714286,1.4285714285714286
2026-07-07,823361,"Lowe, Brandon",664040,5,3,3,0,0,0,1,3,1,6.0,35.0,12.0,10.0,0.17142857142857143,0.34285714285714286,1.4285714285714286
2026-07-08,823360,"Lowe, Brandon",664040,4,1,1,0,0,0,1,1,1,9.0,35.0,10.0,13.0,0.2571428571428571,0.2857142857142857,1.8571428571428572
2026-07-09,823359,"Lowe, Brandon",664040,5,0,0,0,0,0,2,0,0,10.0,34.0,8.0,14.0,0.29411764705882354,0.23529411764705882,2.0
2026-07-11,823356,"Lowe, Brandon",664040,4,2,1,1,0,0,2,3,1,9.0,34.0,9.0,13.0,0.2647058823529412,0.2647058823529412,1.8571428571428572
2026-07-11,823357,"Lowe, Brandon",664040,5,1,1,0,0,0,1,1,1,9.0,33.0,10.0,14.0,0.2727272727272727,0.30303030303030304,2.0
2026-07-12,823358,"Lowe, Brandon",664040,4,1,1,0,0,0,2,1,1,9.0,33.0,10.0,13.0,0.2727272727272727,0.30303030303030304,1.8571428571428572
2026-07-18,824412,"Lowe, Brandon",664040,4,0,0,0,0,0,1,0,0,9.0,32.0,10.0,13.0,0.28125,0.3125,1.8571428571428572
2026-07-18,824414,"Lowe, Brandon",664040,4,2,2,0,0,0,2,2,1,8.0,31.0,10.0,9.0,0.25806451612903225,0.3225806451612903,1.2857142857142858
2026-07-20,823522,"Lowe, Brandon",664040,5,0,0,0,0,0,3,0,0,7.0,30.0,11.0,8.0,0.23333333333333334,0.36666666666666664,1.1428571428571428
2026-07-22,823518,"Lowe, Brandon",664040,5,1,1,0,0,0,1,1,1,6.0,31.0,13.0,7.0,0.1935483870967742,0.41935483870967744,1.0
2026-07-22,823519,"Lowe, Brandon",664040,3,0,0,0,0,0,1,0,0,7.0,31.0,12.0,8.0,0.22580645161290322,0.3870967741935484,1.1428571428571428
2026-07-24,823352,"Lowe, Brandon",664040,4,0,0,0,0,0,1,0,0,5.0,30.0,11.0,5.0,0.16666666666666666,0.36666666666666664,0.7142857142857143
2026-07-26,823354,"Lowe, Brandon",664040,4,3,2,1,0,0,0,4,1,4.0,29.0,11.0,4.0,0.13793103448275862,0.3793103448275862,0.5714285714285714
2026-07-27,823353,"Lowe, Brandon",664040,5,3,2,1,0,0,2,4,1,6.0,29.0,9.0,7.0,0.20689655172413793,0.3103448275862069,1.0
2026-07-28,823350,"Lowe, Brandon",664040,6,2,0,1,0,1,0,6,1,9.0,30.0,10.0,11.0,0.3,0.3333333333333333,1.5714285714285714
2026-07-29,823351,"Lowe, Brandon",664040,4,1,1,0,0,0,2,1,1,9.0,32.0,8.0,15.0,0.28125,0.25,2.142857142857143
2026-07-30,824488,"Lowe, Brandon",664040,4,1,0,0,0,1,2,4,1,10.0,31.0,7.0,16.0,0.3225806451612903,0.22580645161290322,2.2857142857142856
2026-07-31,824486,"Lowe, Brandon",664040,5,3,2,1,0,0,2,4,1,10.0,30.0,8.0,19.0,0.3333333333333333,0.26666666666666666,2.7142857142857144
2026-08-01,824485,"Lowe, Brandon",664040,5,1,1,0,0,0,1,1,1,13.0,32.0,9.0,23.0,0.40625,0.28125,3.2857142857142856
2026-08-02,824483,"Lowe, Brandon",664040,3,0,0,0,0,0,1,0,0,14.0,33.0,9.0,24.0,0.42424242424242425,0.2727272727272727,3.4285714285714284
2026-08-03,823757,"Lowe, Brandon",664040,5,1,1,0,0,0,2,1,1,11.0,32.0,10.0,20.0,0.34375,0.3125,2.857142857142857
2026-08-04,823756,"Lowe, Brandon",664040,4,2,2,0,0,0,2,2,1,9.0,32.0,10.0,17.0,0.28125,0.3125,2.4285714285714284
2026-08-05,823753,"Lowe, Brandon",664040,4,0,0,0,0,0,2,0,0,9.0,30.0,12.0,13.0,0.3,0.4,1.8571428571428572
2026-08-06,823754,"Lowe, Brandon",664040,4,1,0,0,0,1,2,4,1,8.0,30.0,12.0,12.0,0.26666666666666666,0.4,1.7142857142857142
2026-08-07,823349,"Lowe, Brandon",664040,5,1,1,0,0,0,1,1,1,8.0,30.0,12.0,12.0,0.26666666666666666,0.4,1.7142857142857142
2026-08-08,823348,"Lowe, Brandon",664040,5,1,0,0,0,1,3,4,1,6.0,30.0,11.0,9.0,0.2,0.36666666666666664,1.2857142857142858
2026-04-07,823402,"Mangum, Jake",663968,1,1,1,0,0,0,0,1,1,5.0,26.0,5.0,6.0,0.19230769230769232,0.19230769230769232,0.8571428571428571
2026-04-08,823403,"Mangum, Jake",663968,4,0,0,0,0,0,1,0,0,4.0,22.0,5.0,4.0,0.18181818181818182,0.22727272727272727,0.5714285714285714
2026-04-11,824697,"Mangum, Jake",663968,1,0,0,0,0,0,1,0,0,4.0,21.0,3.0,4.0,0.19047619047619047,0.14285714285714285,0.5714285714285714
2026-04-13,823400,"Mangum, Jake",663968,5,1,1,0,0,0,0,1,1,3.0,17.0,4.0,3.0,0.17647058823529413,0.23529411764705882,0.42857142857142855
2026-04-14,823398,"Mangum, Jake",663968,2,1,1,0,0,0,0,1,1,4.0,17.0,2.0,4.0,0.23529411764705882,0.11764705882352941,0.5714285714285714
2026-04-16,823396,"Mangum, Jake",663968,6,3,3,0,0,0,0,3,1,5.0,18.0,2.0,5.0,0.2777777777777778,0.1111111111111111,0.7142857142857143
2026-04-18,823394,"Mangum, Jake",663968,2,0,0,0,0,0,1,0,0,6.0,20.0,2.0,6.0,0.3,0.1,0.8571428571428571
2026-04-19,823393,"Mangum, Jake",663968,5,2,1,1,0,0,1,3,1,6.0,21.0,3.0,6.0,0.2857142857142857,0.14285714285714285,0.8571428571428571
2026-04-21,822914,"Mangum, Jake",663968,4,2,2,0,0,0,0,2,1,7.0,25.0,4.0,8.0,0.28,0.16,1.1428571428571428
2026-04-22,822913,"Mangum, Jake",663968,1,0,0,0,0,0,0,0,0,9.0,25.0,3.0,10.0,0.36,0.12,1.4285714285714286
2026-04-25,823799,"Mangum, Jake",663968,4,0,0,0,0,0,2,0,0,9.0,25.0,2.0,10.0,0.36,0.08,1.4285714285714286
2026-04-26,823797,"Mangum, Jake",663968,4,0,0,0,0,0,3,0,0,8.0,24.0,4.0,9.0,0.3333333333333333,0.16666666666666666,1.2857142857142858
2026-04-27,823395,"Mangum, Jake",663968,3,2,2,0,0,0,1,2,1,7.0,26.0,7.0,8.0,0.2692307692307692,0.2692307692307692,1.1428571428571428
2026-04-28,823390,"Mangum, Jake",663968,4,1,1,0,0,0,1,1,1,6.0,23.0,8.0,7.0,0.2608695652173913,0.34782608695652173,1.0
2026-04-29,823392,"Mangum, Jake",663968,1,0,0,0,0,0,0,0,0,7.0,25.0,8.0,8.0,0.28,0.32,1.1428571428571428
2026-04-30,823391,"Mangum, Jake",663968,4,1,1,0,0,0,1,1,1,5.0,21.0,7.0,5.0,0.23809523809523808,0.3333333333333333,0.7142857142857143
2026-05-02,823388,"Mangum, Jake",663968,1,0,0,0,0,0,0,0,0,4.0,21.0,8.0,4.0,0.19047619047619047,0.38095238095238093,0.5714285714285714
2026-05-03,823387,"Mangum, Jake",663968,1,0,0,0,0,0,0,0,0,4.0,21.0,8.0,4.0,0.19047619047619047,0.38095238095238093,0.5714285714285714
2026-05-05,825092,"Mangum, Jake",663968,3,0,0,0,0,0,1,0,0,4.0,18.0,6.0,4.0,0.2222222222222222,0.3333333333333333,0.5714285714285714
2026-05-17,823381,"Mangum, Jake",663968,3,0,0,0,0,0,1,0,0,4.0,17.0,4.0,4.0,0.23529411764705882,0.23529411764705882,0.5714285714285714
2026-05-19,823059,"Mangum, Jake",663968,1,0,0,0,0,0,1,0,0,2.0,17.0,4.0,2.0,0.11764705882352941,0.23529411764705882,0.2857142857142857
2026-05-20,823057,"Mangum, Jake",663968,5,2,2,0,0,0,0,2,1,1.0,14.0,4.0,1.0,0.07142857142857142,0.2857142857142857,0.14285714285714285
2026-05-21,823056,"Mangum, Jake",663968,4,1,1,0,0,0,1,1,1,3.0,18.0,4.0,3.0,0.16666666666666666,0.2222222222222222,0.42857142857142855
2026-05-22,822816,"Mangum, Jake",663968,4,0,0,0,0,0,0,0,0,3.0,18.0,4.0,3.0,0.16666666666666666,0.2222222222222222,0.42857142857142855
2026-05-24,822813,"Mangum, Jake",663968,4,1,1,0,0,0,0,1,1,3.0,21.0,4.0,3.0,0.14285714285714285,0.19047619047619047,0.42857142857142855
2026-05-26,823379,"Mangum, Jake",663968,1,0,0,0,0,0,0,0,0,4.0,24.0,4.0,4.0,0.16666666666666666,0.16666666666666666,0.5714285714285714
2026-05-28,823378,"Mangum, Jake",663968,4,1,1,0,0,0,1,1,1,4.0,22.0,3.0,4.0,0.18181818181818182,0.13636363636363635,0.5714285714285714
2026-05-29,823377,"Mangum, Jake",663968,1,0,0,0,0,0,0,0,0,5.0,23.0,3.0,5.0,0.21739130434782608,0.13043478260869565,0.7142857142857143
2026-05-30,823375,"Mangum, Jake",663968,5,3,2,0,0,1,0,6,1,5.0,23.0,2.0,5.0,0.21739130434782608,0.08695652173913043,0.7142857142857143
2026-05-31,823373,"Mangum, Jake",663968,4,1,1,0,0,0,0,1,1,6.0,23.0,2.0,9.0,0.2608695652173913,0.08695652173913043,1.2857142857142858
2026-06-02,824189,"Mangum, Jake",663968,5,3,3,0,0,0,1,3,1,6.0,23.0,1.0,9.0,0.2608695652173913,0.043478260869565216,1.2857142857142858
2026-06-04,824185,"Mangum, Jake",663968,4,1,0,1,0,0,1,2,1,9.0,24.0,2.0,12.0,0.375,0.08333333333333333,1.7142857142857142
2026-06-06,824915,"Mangum, Jake",663968,1,1,1,0,0,0,0,1,1,9.0,24.0,3.0,13.0,0.375,0.125,1.8571428571428572
2026-06-07,824916,"Mangum, Jake",663968,4,1,1,0,0,0,0,1,1,10.0,24.0,3.0,14.0,0.4166666666666667,0.125,2.0
2026-06-09,823374,"Mangum, Jake",663968,4,0,0,0,0,0,1,0,0,10.0,24.0,2.0,14.0,0.4166666666666667,0.08333333333333333,2.0
2026-06-10,823372,"Mangum, Jake",663968,4,3,2,1,0,0,0,4,1,10.0,27.0,3.0,14.0,0.37037037037037035,0.1111111111111111,2.0
2026-06-11,823371,"Mangum, Jake",663968,4,1,0,1,0,0,1,2,1,10.0,26.0,3.0,12.0,0.38461538461538464,0.11538461538461539,1.7142857142857142
2026-06-12,823370,"Mangum, Jake",663968,3,0,0,0,0,0,0,0,0,10.0,26.0,4.0,13.0,0.38461538461538464,0.15384615384615385,1.8571428571428572
2026-06-13,823369,"Mangum, Jake",663968,4,2,2,0,0,0,1,2,1,7.0,24.0,3.0,10.0,0.2916666666666667,0.125,1.4285714285714286
2026-06-14,823368,"Mangum, Jake",663968,4,2,2,0,0,0,0,2,1,8.0,24.0,3.0,10.0,0.3333333333333333,0.125,1.4285714285714286
2026-06-15,824993,"Mangum, Jake",663968,4,1,1,0,0,0,0,1,1,9.0,27.0,3.0,11.0,0.3333333333333333,0.1111111111111111,1.5714285714285714
2026-06-16,824991,"Mangum, Jake",663968,4,1,1,0,0,0,0,1,1,9.0,27.0,3.0,11.0,0.3333333333333333,0.1111111111111111,1.5714285714285714
2026-06-17,824992,"Mangum, Jake",663968,5,1,1,0,0,0,1,1,1,10.0,27.0,2.0,12.0,0.37037037037037035,0.07407407407407407,1.7142857142857142
2026-06-20,824342,"Mangum, Jake",663968,4,1,0,1,0,0,1,2,1,8.0,28.0,3.0,9.0,0.2857142857142857,0.10714285714285714,1.2857142857142858
2026-06-21,824343,"Mangum, Jake",663968,4,3,2,1,0,0,0,4,1,8.0,28.0,3.0,9.0,0.2857142857142857,0.10714285714285714,1.2857142857142858
2026-06-23,823365,"Mangum, Jake",663968,4,1,1,0,0,0,1,1,1,11.0,29.0,3.0,13.0,0.3793103448275862,0.10344827586206896,1.8571428571428572
2026-06-24,823367,"Mangum, Jake",663968,4,1,1,0,0,0,1,1,1,10.0,29.0,3.0,12.0,0.3448275862068966,0.10344827586206896,1.7142857142857142
2026-06-25,823366,"Mangum, Jake",663968,4,0,0,0,0,0,2,0,0,9.0,29.0,4.0,11.0,0.3103448275862069,0.13793103448275862,1.5714285714285714
2026-06-26,823363,"Mangum, Jake",663968,4,2,2,0,0,0,1,2,1,8.0,29.0,6.0,10.0,0.27586206896551724,0.20689655172413793,1.4285714285714286
2026-06-27,823364,"Mangum, Jake",663968,5,2,2,0,0,0,1,2,1,9.0,29.0,7.0,11.0,0.3103448275862069,0.2413793103448276,1.5714285714285714
2026-06-28,823362,"Mangum, Jake",663968,5,0,0,0,0,0,2,0,0,10.0,29.0,7.0,12.0,0.3448275862068966,0.2413793103448276,1.7142857142857142
2026-06-29,823444,"Mangum, Jake",663968,4,1,0,1,0,0,1,2,1,9.0,30.0,8.0,10.0,0.3,0.26666666666666666,1.4285714285714286
2026-07-01,823446,"Mangum, Jake",663968,5,2,2,0,0,0,0,2,1,7.0,30.0,9.0,8.0,0.23333333333333334,0.3,1.1428571428571428
2026-07-02,823442,"Mangum, Jake",663968,5,3,2,1,0,0,1,4,1,8.0,31.0,8.0,9.0,0.25806451612903225,0.25806451612903225,1.2857142857142858
2026-07-03,822714,"Mangum, Jake",663968,5,2,2,0,0,0,0,2,1,10.0,32.0,8.0,12.0,0.3125,0.25,1.7142857142857142
2026-07-04,822716,"Mangum, Jake",663968,4,0,0,0,0,0,0,0,0,12.0,33.0,6.0,14.0,0.36363636363636365,0.18181818181818182,2.0
2026-07-05,822715,"Mangum, Jake",663968,5,1,1,0,0,0,2,1,1,10.0,33.0,5.0,12.0,0.30303030303030304,0.15151515151515152,1.7142857142857142
2026-07-07,823361,"Mangum, Jake",663968,5,1,1,0,0,0,0,1,1,9.0,33.0,6.0,11.0,0.2727272727272727,0.18181818181818182,1.5714285714285714
2026-07-08,823360,"Mangum, Jake",663968,4,0,0,0,0,0,1,0,0,10.0,33.0,4.0,12.0,0.30303030303030304,0.12121212121212122,1.7142857142857142
2026-07-09,823359,"Mangum, Jake",663968,5,4,2,1,0,1,0,8,1,9.0,33.0,4.0,10.0,0.2727272727272727,0.12121212121212122,1.4285714285714286
2026-07-11,823357,"Mangum, Jake",663968,4,1,1,0,0,0,0,1,1,11.0,33.0,4.0,16.0,0.3333333333333333,0.12121212121212122,2.2857142857142856
2026-07-12,823358,"Mangum, Jake",663968,5,1,0,0,1,0,0,3,1,9.0,32.0,3.0,13.0,0.28125,0.09375,1.8571428571428572
2026-07-18,824412,"Mangum, Jake",663968,6,1,1,0,0,0,1,1,1,8.0,32.0,3.0,14.0,0.25,0.09375,2.0
2026-07-18,824414,"Mangum, Jake",663968,5,0,0,0,0,0,1,0,0,9.0,34.0,4.0,15.0,0.2647058823529412,0.11764705882352941,2.142857142857143
2026-07-19,824411,"Mangum, Jake",663968,5,2,2,0,0,0,2,2,1,8.0,34.0,3.0,14.0,0.23529411764705882,0.08823529411764706,2.0
2026-07-20,823522,"Mangum, Jake",663968,2,0,0,0,0,0,0,0,0,9.0,34.0,5.0,15.0,0.2647058823529412,0.14705882352941177,2.142857142857143
2026-07-22,823518,"Mangum, Jake",663968,5,2,2,0,0,0,1,2,1,9.0,32.0,4.0,15.0,0.28125,0.125,2.142857142857143
2026-07-24,823352,"Mangum, Jake",663968,5,2,2,0,0,0,0,2,1,7.0,32.0,5.0,9.0,0.21875,0.15625,1.2857142857142858
2026-07-25,823355,"Mangum, Jake",663968,4,1,1,0,0,0,1,1,1,8.0,33.0,5.0,10.0,0.24242424242424243,0.15151515151515152,1.4285714285714286
2026-07-26,823354,"Mangum, Jake",663968,4,1,1,0,0,0,2,1,1,8.0,32.0,6.0,8.0,0.25,0.1875,1.1428571428571428
2026-07-27,823353,"Mangum, Jake",663968,5,1,1,0,0,0,1,1,1,8.0,30.0,7.0,8.0,0.26666666666666666,0.23333333333333334,1.1428571428571428
2026-07-28,823350,"Mangum, Jake",663968,6,2,1,1,0,0,1,3,1,9.0,30.0,7.0,9.0,0.3,0.23333333333333334,1.2857142857142858
2026-07-30,824488,"Mangum, Jake",663968,5,1,1,0,0,0,1,1,1,9.0,31.0,6.0,10.0,0.2903225806451613,0.1935483870967742,1.4285714285714286
2026-07-31,824486,"Mangum, Jake",663968,5,2,1,0,0,1,1,5,1,10.0,34.0,7.0,11.0,0.29411764705882354,0.20588235294117646,1.5714285714285714
2026-08-01,824485,"Mangum, Jake",663968,5,2,2,0,0,0,1,2,1,10.0,34.0,7.0,14.0,0.29411764705882354,0.20588235294117646,2.0
2026-08-02,824483,"Mangum, Jake",663968,4,0,0,0,0,0,2,0,0,10.0,34.0,8.0,14.0,0.29411764705882354,0.23529411764705882,2.0
2026-08-03,823757,"Mangum, Jake",663968,5,1,1,0,0,0,2,1,1,9.0,34.0,9.0,13.0,0.2647058823529412,0.2647058823529412,1.8571428571428572
2026-08-04,823756,"Mangum, Jake",663968,4,1,1,0,0,0,1,1,1,9.0,35.0,9.0,13.0,0.2571428571428571,0.2571428571428571,1.8571428571428572
2026-08-05,823753,"Mangum, Jake",663968,4,0,0,0,0,0,1,0,0,9.0,34.0,9.0,13.0,0.2647058823529412,0.2647058823529412,1.8571428571428572
2026-08-06,823754,"Mangum, Jake",663968,4,1,0,1,0,0,0,2,1,7.0,32.0,9.0,10.0,0.21875,0.28125,1.4285714285714286
2026-08-07,823349,"Mangum, Jake",663968,5,0,0,0,0,0,1,0,0,7.0,31.0,8.0,11.0,0.22580645161290322,0.25806451612903225,1.5714285714285714
2026-08-08,823348,"Mangum, Jake",663968,5,3,1,2,0,0,1,5,1,5.0,31.0,8.0,6.0,0.16129032258064516,0.25806451612903225,0.8571428571428571
2026-04-04,823404,"Reynolds, Bryan",668804,5,3,2,1,0,0,1,4,1,6.0,32.0,11.0,12.0,0.1875,0.34375,1.7142857142857142
2026-04-05,823405,"Reynolds, Bryan",668804,5,0,0,0,0,0,0,0,0,8.0,33.0,10.0,15.0,0.24242424242424243,0.30303030303030304,2.142857142857143
2026-04-06,823401,"Reynolds, Bryan",668804,4,1,1,0,0,0,1,1,1,6.0,32.0,8.0,13.0,0.1875,0.25,1.8571428571428572
2026-04-07,823402,"Reynolds, Bryan",668804,4,1,1,0,0,0,2,1,1,7.0,31.0,6.0,14.0,0.22580645161290322,0.1935483870967742,2.0
2026-04-08,823403,"Reynolds, Bryan",668804,4,0,0,0,0,0,0,0,0,8.0,31.0,7.0,15.0,0.25806451612903225,0.22580645161290322,2.142857142857143
2026-04-10,824695,"Reynolds, Bryan",668804,4,1,0,0,0,1,1,4,1,7.0,31.0,6.0,11.0,0.22580645161290322,0.1935483870967742,1.5714285714285714
2026-04-11,824697,"Reynolds, Bryan",668804,5,2,2,0,0,0,1,2,1,6.0,30.0,6.0,10.0,0.2,0.2,1.4285714285714286
2026-04-12,824696,"Reynolds, Bryan",668804,4,1,1,0,0,0,1,1,1,8.0,31.0,6.0,12.0,0.25806451612903225,0.1935483870967742,1.7142857142857142
2026-04-13,823400,"Reynolds, Bryan",668804,5,3,2,0,1,0,1,5,1,6.0,30.0,6.0,9.0,0.2,0.2,1.2857142857142858
2026-04-14,823398,"Reynolds, Bryan",668804,4,1,1,0,0,0,1,1,1,9.0,30.0,7.0,14.0,0.3,0.23333333333333334,2.0
2026-04-15,823399,"Reynolds, Bryan",668804,4,0,0,0,0,0,0,0,0,9.0,30.0,7.0,14.0,0.3,0.23333333333333334,2.0
2026-04-16,823396,"Reynolds, Bryan",668804,2,0,0,0,0,0,1,0,0,8.0,30.0,5.0,13.0,0.26666666666666666,0.16666666666666666,1.8571428571428572
2026-04-17,823397,"Reynolds, Bryan",668804,5,0,0,0,0,0,2,0,0,8.0,28.0,6.0,13.0,0.2857142857142857,0.21428571428571427,1.8571428571428572
2026-04-18,823394,"Reynolds, Bryan",668804,6,0,0,0,0,0,1,0,0,7.0,29.0,7.0,9.0,0.2413793103448276,0.2413793103448276,1.2857142857142858
2026-04-19,823393,"Reynolds, Bryan",668804,4,2,2,0,0,0,1,2,1,5.0,30.0,7.0,7.0,0.16666666666666666,0.23333333333333334,1.0
2026-04-21,822914,"Reynolds, Bryan",668804,4,0,0,0,0,0,2,0,0,6.0,30.0,7.0,8.0,0.2,0.23333333333333334,1.1428571428571428
2026-04-22,822913,"Reynolds, Bryan",668804,5,2,1,1,0,0,0,3,1,3.0,29.0,8.0,3.0,0.10344827586206896,0.27586206896551724,0.42857142857142855
2026-04-23,822912,"Reynolds, Bryan",668804,4,0,0,0,0,0,2,0,0,4.0,30.0,7.0,5.0,0.13333333333333333,0.23333333333333334,0.7142857142857143
2026-04-24,823800,"Reynolds, Bryan",668804,5,0,0,0,0,0,2,0,0,4.0,30.0,9.0,5.0,0.13333333333333333,0.3,0.7142857142857143
2026-04-25,823799,"Reynolds, Bryan",668804,5,1,1,0,0,0,2,1,1,4.0,33.0,10.0,5.0,0.12121212121212122,0.30303030303030304,0.7142857142857143
2026-04-26,823797,"Reynolds, Bryan",668804,4,0,0,0,0,0,1,0,0,5.0,33.0,10.0,6.0,0.15151515151515152,0.30303030303030304,0.8571428571428571
2026-04-27,823395,"Reynolds, Bryan",668804,4,0,0,0,0,0,0,0,0,5.0,31.0,10.0,6.0,0.16129032258064516,0.3225806451612903,0.8571428571428571
2026-04-28,823390,"Reynolds, Bryan",668804,4,2,2,0,0,0,1,2,1,3.0,31.0,9.0,4.0,0.0967741935483871,0.2903225806451613,0.5714285714285714
2026-04-29,823392,"Reynolds, Bryan",668804,5,0,0,0,0,0,2,0,0,5.0,31.0,8.0,6.0,0.16129032258064516,0.25806451612903225,0.8571428571428571
2026-04-30,823391,"Reynolds, Bryan",668804,5,2,0,2,0,0,1,4,1,3.0,31.0,10.0,3.0,0.0967741935483871,0.3225806451612903,0.42857142857142855
2026-05-01,823389,"Reynolds, Bryan",668804,5,2,0,0,1,1,1,7,1,5.0,32.0,9.0,7.0,0.15625,0.28125,1.0
2026-05-02,823388,"Reynolds, Bryan",668804,5,2,1,1,0,0,1,3,1,7.0,32.0,8.0,14.0,0.21875,0.25,2.0
2026-05-03,823387,"Reynolds, Bryan",668804,4,0,0,0,0,0,2,0,0,8.0,32.0,7.0,16.0,0.25,0.21875,2.2857142857142856
2026-05-05,825092,"Reynolds, Bryan",668804,4,0,0,0,0,0,1,0,0,8.0,32.0,8.0,16.0,0.25,0.25,2.2857142857142856
2026-05-06,825091,"Reynolds, Bryan",668804,4,2,2,0,0,0,1,2,1,8.0,32.0,9.0,16.0,0.25,0.28125,2.2857142857142856
2026-05-07,825090,"Reynolds, Bryan",668804,4,0,0,0,0,0,0,0,0,8.0,32.0,9.0,16.0,0.25,0.28125,2.2857142857142856
2026-05-08,823225,"Reynolds, Bryan",668804,4,0,0,0,0,0,0,0,0,8.0,31.0,7.0,16.0,0.25806451612903225,0.22580645161290322,2.2857142857142856
2026-05-09,823224,"Reynolds, Bryan",668804,5,1,1,0,0,0,1,1,1,6.0,30.0,6.0,12.0,0.2,0.2,1.7142857142857142
2026-05-10,823221,"Reynolds, Bryan",668804,1,0,0,0,0,0,0,0,0,5.0,30.0,6.0,6.0,0.16666666666666666,0.2,0.8571428571428571
2026-05-12,823385,"Reynolds, Bryan",668804,4,1,1,0,0,0,0,1,1,3.0,26.0,5.0,3.0,0.11538461538461539,0.19230769230769232,0.42857142857142855
2026-05-13,823386,"Reynolds, Bryan",668804,4,1,1,0,0,0,0,1,1,4.0,26.0,3.0,4.0,0.15384615384615385,0.11538461538461539,0.5714285714285714
2026-05-14,823383,"Reynolds, Bryan",668804,4,1,1,0,0,0,0,1,1,5.0,26.0,2.0,5.0,0.19230769230769232,0.07692307692307693,0.7142857142857143
2026-05-15,823384,"Reynolds, Bryan",668804,5,2,2,0,0,0,0,2,1,4.0,26.0,1.0,4.0,0.15384615384615385,0.038461538461538464,0.5714285714285714
2026-05-16,823382,"Reynolds, Bryan",668804,4,2,1,1,0,0,0,3,1,6.0,27.0,1.0,6.0,0.2222222222222222,0.037037037037037035,0.8571428571428571
2026-05-17,823381,"Reynolds, Bryan",668804,4,0,0,0,0,0,0,0,0,8.0,27.0,1.0,9.0,0.2962962962962963,0.037037037037037035,1.2857142857142858
2026-05-19,823059,"Reynolds, Bryan",668804,5,1,0,1,0,0,1,2,1,7.0,26.0,0.0,8.0,0.2692307692307692,0.0,1.1428571428571428
2026-05-20,823057,"Reynolds, Bryan",668804,5,1,0,1,0,0,1,2,1,8.0,30.0,1.0,10.0,0.26666666666666666,0.03333333333333333,1.4285714285714286
2026-05-21,823056,"Reynolds, Bryan",668804,5,0,0,0,0,0,3,0,0,8.0,31.0,2.0,11.0,0.25806451612903225,0.06451612903225806,1.5714285714285714
2026-05-22,822816,"Reynolds, Bryan",668804,1,0,0,0,0,0,0,0,0,7.0,32.0,5.0,10.0,0.21875,0.15625,1.4285714285714286
2026-05-23,822814,"Reynolds, Bryan",668804,4,2,2,0,0,0,1,2,1,6.0,29.0,5.0,9.0,0.20689655172413793,0.1724137931034483,1.2857142857142858
2026-05-24,822813,"Reynolds, Bryan",668804,4,1,1,0,0,0,1,1,1,6.0,28.0,6.0,9.0,0.21428571428571427,0.21428571428571427,1.2857142857142858
2026-05-25,823380,"Reynolds, Bryan",668804,4,1,1,0,0,0,1,1,1,5.0,28.0,7.0,7.0,0.17857142857142858,0.25,1.0
2026-05-26,823379,"Reynolds, Bryan",668804,4,2,0,2,0,0,0,4,1,6.0,28.0,8.0,8.0,0.21428571428571427,0.2857142857142857,1.1428571428571428
2026-05-27,823376,"Reynolds, Bryan",668804,4,3,2,1,0,0,0,4,1,7.0,27.0,7.0,10.0,0.25925925925925924,0.25925925925925924,1.4285714285714286
2026-05-28,823378,"Reynolds, Bryan",668804,4,2,0,1,0,1,0,6,1,9.0,26.0,6.0,12.0,0.34615384615384615,0.23076923076923078,1.7142857142857142
2026-05-29,823377,"Reynolds, Bryan",668804,5,1,0,0,0,1,0,4,1,11.0,25.0,3.0,18.0,0.44,0.12,2.5714285714285716
2026-05-30,823375,"Reynolds, Bryan",668804,5,2,2,0,0,0,0,2,1,12.0,29.0,3.0,22.0,0.41379310344827586,0.10344827586206896,3.142857142857143
2026-05-31,823373,"Reynolds, Bryan",668804,5,0,0,0,0,0,2,0,0,12.0,30.0,2.0,22.0,0.4,0.06666666666666667,3.142857142857143
2026-06-02,824189,"Reynolds, Bryan",668804,5,0,0,0,0,0,1,0,0,11.0,31.0,3.0,21.0,0.3548387096774194,0.0967741935483871,3.0
2026-06-03,824188,"Reynolds, Bryan",668804,5,1,1,0,0,0,2,1,1,10.0,32.0,3.0,20.0,0.3125,0.09375,2.857142857142857
2026-06-04,824185,"Reynolds, Bryan",668804,4,1,1,0,0,0,1,1,1,9.0,33.0,5.0,17.0,0.2727272727272727,0.15151515151515152,2.4285714285714284
2026-06-05,824914,"Reynolds, Bryan",668804,4,0,0,0,0,0,0,0,0,7.0,33.0,6.0,14.0,0.21212121212121213,0.18181818181818182,2.0
2026-06-06,824915,"Reynolds, Bryan",668804,4,1,0,1,0,0,0,2,1,5.0,33.0,6.0,8.0,0.15151515151515152,0.18181818181818182,1.1428571428571428
2026-06-07,824916,"Reynolds, Bryan",668804,4,0,0,0,0,0,1,0,0,5.0,32.0,6.0,6.0,0.15625,0.1875,0.8571428571428571
2026-06-09,823374,"Reynolds, Bryan",668804,4,2,0,1,0,1,2,6,1,3.0,31.0,7.0,4.0,0.0967741935483871,0.22580645161290322,0.5714285714285714
2026-06-10,823372,"Reynolds, Bryan",668804,5,1,1,0,0,0,1,1,1,5.0,30.0,7.0,10.0,0.16666666666666666,0.23333333333333334,1.4285714285714286
2026-06-11,823371,"Reynolds, Bryan",668804,5,1,1,0,0,0,2,1,1,6.0,30.0,7.0,11.0,0.2,0.23333333333333334,1.5714285714285714
2026-06-12,823370,"Reynolds, Bryan",668804,4,1,1,0,0,0,0,1,1,6.0,30.0,7.0,11.0,0.2,0.23333333333333334,1.5714285714285714
2026-06-13,823369,"Reynolds, Bryan",668804,4,1,0,1,0,0,1,2,1,6.0,30.0,6.0,11.0,0.2,0.2,1.5714285714285714
2026-06-14,823368,"Reynolds, Bryan",668804,5,2,0,1,0,1,0,6,1,7.0,30.0,7.0,13.0,0.23333333333333334,0.23333333333333334,1.8571428571428572
2026-06-15,824993,"Reynolds, Bryan",668804,4,1,1,0,0,0,1,1,1,8.0,31.0,7.0,17.0,0.25806451612903225,0.22580645161290322,2.4285714285714284
2026-06-16,824991,"Reynolds, Bryan",668804,5,4,2,0,0,2,0,10,1,9.0,31.0,7.0,18.0,0.2903225806451613,0.22580645161290322,2.5714285714285716
2026-06-17,824992,"Reynolds, Bryan",668804,5,2,1,1,0,0,2,3,1,11.0,32.0,5.0,22.0,0.34375,0.15625,3.142857142857143
2026-06-19,824345,"Reynolds, Bryan",668804,1,1,1,0,0,0,0,1,1,12.0,32.0,6.0,24.0,0.375,0.1875,3.4285714285714284
2026-06-20,824342,"Reynolds, Bryan",668804,4,1,1,0,0,0,1,1,1,12.0,28.0,4.0,24.0,0.42857142857142855,0.14285714285714285,3.4285714285714284
2026-06-21,824343,"Reynolds, Bryan",668804,5,2,0,1,0,1,1,6,1,12.0,28.0,5.0,24.0,0.42857142857142855,0.17857142857142858,3.4285714285714284
2026-06-23,823365,"Reynolds, Bryan",668804,4,1,1,0,0,0,0,1,1,13.0,29.0,5.0,28.0,0.4482758620689655,0.1724137931034483,4.0
2026-06-24,823367,"Reynolds, Bryan",668804,5,2,1,1,0,0,1,3,1,12.0,28.0,5.0,23.0,0.42857142857142855,0.17857142857142858,3.2857142857142856
2026-06-25,823366,"Reynolds, Bryan",668804,4,1,1,0,0,0,2,1,1,13.0,29.0,5.0,25.0,0.4482758620689655,0.1724137931034483,3.5714285714285716
2026-06-26,823363,"Reynolds, Bryan",668804,5,1,1,0,0,0,1,1,1,10.0,28.0,7.0,16.0,0.35714285714285715,0.25,2.2857142857142856
2026-06-27,823364,"Reynolds, Bryan",668804,5,1,1,0,0,0,2,1,1,9.0,28.0,6.0,14.0,0.32142857142857145,0.21428571428571427,2.0
2026-06-28,823362,"Reynolds, Bryan",668804,5,0,0,0,0,0,1,0,0,9.0,32.0,8.0,14.0,0.28125,0.25,2.0
2026-06-29,823444,"Reynolds, Bryan",668804,5,1,0,1,0,0,1,2,1,8.0,33.0,8.0,13.0,0.24242424242424243,0.24242424242424243,1.8571428571428572
2026-06-30,823445,"Reynolds, Bryan",668804,4,0,0,0,0,0,2,0,0,7.0,33.0,8.0,9.0,0.21212121212121213,0.24242424242424243,1.2857142857142858
2026-07-01,823446,"Reynolds, Bryan",668804,5,1,1,0,0,0,3,1,1,6.0,33.0,10.0,8.0,0.18181818181818182,0.30303030303030304,1.1428571428571428
2026-07-02,823442,"Reynolds, Bryan",668804,5,1,1,0,0,0,2,1,1,5.0,33.0,12.0,6.0,0.15151515151515152,0.36363636363636365,0.8571428571428571
2026-07-03,822714,"Reynolds, Bryan",668804,5,2,0,1,0,1,2,6,1,5.0,34.0,12.0,6.0,0.14705882352941177,0.35294117647058826,0.8571428571428571
2026-07-04,822716,"Reynolds, Bryan",668804,5,2,2,0,0,0,0,2,1,6.0,34.0,13.0,11.0,0.17647058823529413,0.38235294117647056,1.5714285714285714
2026-07-05,822715,"Reynolds, Bryan",668804,5,1,0,0,0,1,1,4,1,7.0,34.0,11.0,12.0,0.20588235294117646,0.3235294117647059,1.7142857142857142
2026-07-07,823361,"Reynolds, Bryan",668804,4,0,0,0,0,0,0,0,0,8.0,34.0,11.0,16.0,0.23529411764705882,0.3235294117647059,2.2857142857142856
2026-07-08,823360,"Reynolds, Bryan",668804,4,1,1,0,0,0,2,1,1,7.0,33.0,10.0,14.0,0.21212121212121213,0.30303030303030304,2.0
2026-07-09,823359,"Reynolds, Bryan",668804,5,1,0,0,0,1,0,4,1,8.0,33.0,10.0,15.0,0.24242424242424243,0.30303030303030304,2.142857142857143
2026-07-11,823356,"Reynolds, Bryan",668804,4,2,1,1,0,0,0,3,1,8.0,33.0,7.0,18.0,0.24242424242424243,0.21212121212121213,2.5714285714285716
2026-07-11,823357,"Reynolds, Bryan",668804,4,0,0,0,0,0,2,0,0,9.0,32.0,5.0,20.0,0.28125,0.15625,2.857142857142857
2026-07-12,823358,"Reynolds, Bryan",668804,4,1,1,0,0,0,1,1,1,7.0,31.0,5.0,14.0,0.22580645161290322,0.16129032258064516,2.0
2026-07-18,824412,"Reynolds, Bryan",668804,4,1,0,1,0,0,1,2,1,6.0,30.0,6.0,13.0,0.2,0.2,1.8571428571428572
2026-07-18,824414,"Reynolds, Bryan",668804,4,2,1,1,0,0,2,3,1,6.0,29.0,6.0,11.0,0.20689655172413793,0.20689655172413793,1.5714285714285714
2026-07-19,824411,"Reynolds, Bryan",668804,5,0,0,0,0,0,4,0,0,8.0,29.0,8.0,14.0,0.27586206896551724,0.27586206896551724,2.0
2026-07-20,823522,"Reynolds, Bryan",668804,4,1,1,0,0,0,1,1,1,7.0,30.0,10.0,13.0,0.23333333333333334,0.3333333333333333,1.8571428571428572
2026-07-22,823518,"Reynolds, Bryan",668804,5,0,0,0,0,0,2,0,0,7.0,29.0,11.0,10.0,0.2413793103448276,0.3793103448275862,1.4285714285714286
2026-07-22,823519,"Reynolds, Bryan",668804,4,0,0,0,0,0,3,0,0,5.0,30.0,13.0,7.0,0.16666666666666666,0.43333333333333335,1.0
2026-07-24,823352,"Reynolds, Bryan",668804,5,0,0,0,0,0,2,0,0,5.0,30.0,14.0,7.0,0.16666666666666666,0.4666666666666667,1.0
2026-07-25,823355,"Reynolds, Bryan",668804,3,0,0,0,0,0,0,0,0,4.0,31.0,15.0,6.0,0.12903225806451613,0.4838709677419355,0.8571428571428571
2026-07-26,823354,"Reynolds, Bryan",668804,4,1,0,1,0,0,1,2,1,3.0,30.0,14.0,4.0,0.1,0.4666666666666667,0.5714285714285714
2026-07-27,823353,"Reynolds, Bryan",668804,4,1,0,1,0,0,1,2,1,2.0,30.0,13.0,3.0,0.06666666666666667,0.43333333333333335,0.42857142857142855
2026-07-28,823350,"Reynolds, Bryan",668804,6,1,0,0,0,1,1,4,1,3.0,29.0,10.0,5.0,0.10344827586206896,0.3448275862068966,0.7142857142857143
2026-07-29,823351,"Reynolds, Bryan",668804,4,1,1,0,0,0,1,1,1,3.0,31.0,10.0,8.0,0.0967741935483871,0.3225806451612903,1.1428571428571428
2026-07-30,824488,"Reynolds, Bryan",668804,4,0,0,0,0,0,2,0,0,4.0,30.0,9.0,9.0,0.13333333333333333,0.3,1.2857142857142858
2026-07-31,824486,"Reynolds, Bryan",668804,5,2,2,0,0,0,1,2,1,4.0,30.0,8.0,9.0,0.13333333333333333,0.26666666666666666,1.2857142857142858
2026-08-01,824485,"Reynolds, Bryan",668804,5,1,1,0,0,0,0,1,1,6.0,30.0,7.0,11.0,0.2,0.23333333333333334,1.5714285714285714
2026-08-02,824483,"Reynolds, Bryan",668804,4,1,1,0,0,0,1,1,1,7.0,32.0,7.0,12.0,0.21875,0.21875,1.7142857142857142
2026-08-03,823757,"Reynolds, Bryan",668804,5,2,2,0,0,0,1,2,1,7.0,32.0,7.0,11.0,0.21875,0.21875,1.5714285714285714
2026-08-04,823756,"Reynolds, Bryan",668804,4,0,0,0,0,0,2,0,0,8.0,33.0,7.0,11.0,0.24242424242424243,0.21212121212121213,1.5714285714285714
2026-08-05,823753,"Reynolds, Bryan",668804,4,1,1,0,0,0,2,1,1,7.0,31.0,8.0,7.0,0.22580645161290322,0.25806451612903225,1.0
2026-08-06,823754,"Reynolds, Bryan",668804,4,0,0,0,0,0,3,0,0,7.0,31.0,9.0,7.0,0.22580645161290322,0.2903225806451613,1.0
2026-08-07,823349,"Reynolds, Bryan",668804,6,2,1,1,0,0,1,3,1,7.0,31.0,10.0,7.0,0.22580645161290322,0.3225806451612903,1.0
2026-08-08,823348,"Reynolds, Bryan",668804,5,1,1,0,0,0,1,1,1,7.0,32.0,10.0,8.0,0.21875,0.3125,1.1428571428571428
2026-06-15,824993,"Valdez, Esmerlyn",699013,4,0,0,0,0,0,1,0,0,2.0,21.0,10.0,8.0,0.09523809523809523,0.47619047619047616,1.1428571428571428
2026-06-17,824992,"Valdez, Esmerlyn",699013,1,0,0,0,0,0,1,0,0,2.0,21.0,9.0,8.0,0.09523809523809523,0.42857142857142855,1.1428571428571428
2026-06-19,824345,"Valdez, Esmerlyn",699013,3,1,0,1,0,0,1,2,1,2.0,20.0,9.0,8.0,0.1,0.45,1.1428571428571428
2026-06-24,823367,"Valdez, Esmerlyn",699013,3,2,1,1,0,0,1,3,1,2.0,20.0,8.0,6.0,0.1,0.4,0.8571428571428571
2026-06-25,823366,"Valdez, Esmerlyn",699013,3,0,0,0,0,0,3,0,0,3.0,18.0,7.0,5.0,0.16666666666666666,0.3888888888888889,0.7142857142857143
2026-06-26,823363,"Valdez, Esmerlyn",699013,4,2,1,0,0,1,1,5,1,3.0,17.0,8.0,5.0,0.17647058823529413,0.47058823529411764,0.7142857142857143
2026-06-27,823364,"Valdez, Esmerlyn",699013,1,1,0,0,0,1,0,4,1,5.0,19.0,9.0,10.0,0.2631578947368421,0.47368421052631576,1.4285714285714286
2026-06-28,823362,"Valdez, Esmerlyn",699013,5,3,1,1,0,1,0,7,1,6.0,19.0,8.0,14.0,0.3157894736842105,0.42105263157894735,2.0
2026-06-29,823444,"Valdez, Esmerlyn",699013,5,2,0,1,0,1,1,6,1,9.0,20.0,7.0,21.0,0.45,0.35,3.0
2026-06-30,823445,"Valdez, Esmerlyn",699013,4,2,2,0,0,0,0,2,1,11.0,24.0,7.0,27.0,0.4583333333333333,0.2916666666666667,3.857142857142857
2026-07-01,823446,"Valdez, Esmerlyn",699013,5,1,1,0,0,0,1,1,1,12.0,25.0,6.0,27.0,0.48,0.24,3.857142857142857
2026-07-02,823442,"Valdez, Esmerlyn",699013,5,2,1,0,1,0,1,4,1,11.0,27.0,6.0,25.0,0.4074074074074074,0.2222222222222222,3.5714285714285716
2026-07-03,822714,"Valdez, Esmerlyn",699013,5,3,2,1,0,0,1,4,1,13.0,29.0,4.0,29.0,0.4482758620689655,0.13793103448275862,4.142857142857143
2026-07-04,822716,"Valdez, Esmerlyn",699013,4,1,1,0,0,0,2,1,1,14.0,30.0,4.0,28.0,0.4666666666666667,0.13333333333333333,4.0
2026-07-05,822715,"Valdez, Esmerlyn",699013,5,0,0,0,0,0,4,0,0,14.0,33.0,6.0,25.0,0.42424242424242425,0.18181818181818182,3.5714285714285716
2026-07-07,823361,"Valdez, Esmerlyn",699013,5,1,1,0,0,0,1,1,1,11.0,33.0,10.0,18.0,0.3333333333333333,0.30303030303030304,2.5714285714285716
2026-07-08,823360,"Valdez, Esmerlyn",699013,4,0,0,0,0,0,3,0,0,10.0,33.0,10.0,13.0,0.30303030303030304,0.30303030303030304,1.8571428571428572
2026-07-09,823359,"Valdez, Esmerlyn",699013,5,1,0,0,0,1,1,4,1,8.0,33.0,13.0,11.0,0.24242424242424243,0.3939393939393939,1.5714285714285714
2026-07-11,823356,"Valdez, Esmerlyn",699013,4,1,0,0,0,1,2,4,1,8.0,33.0,13.0,14.0,0.24242424242424243,0.3939393939393939,2.0
2026-07-11,823357,"Valdez, Esmerlyn",699013,4,3,1,0,0,2,1,9,1,7.0,32.0,14.0,14.0,0.21875,0.4375,2.0
2026-07-12,823358,"Valdez, Esmerlyn",699013,5,1,0,1,0,0,2,2,1,7.0,31.0,14.0,19.0,0.22580645161290322,0.45161290322580644,2.7142857142857144
2026-07-18,824412,"Valdez, Esmerlyn",699013,4,1,0,1,0,0,2,2,1,7.0,32.0,14.0,20.0,0.21875,0.4375,2.857142857142857
2026-07-18,824414,"Valdez, Esmerlyn",699013,4,1,0,0,0,1,2,4,1,8.0,31.0,12.0,22.0,0.25806451612903225,0.3870967741935484,3.142857142857143
2026-07-19,824411,"Valdez, Esmerlyn",699013,5,1,0,0,0,1,2,4,1,8.0,30.0,13.0,25.0,0.26666666666666666,0.43333333333333335,3.5714285714285716
2026-07-20,823522,"Valdez, Esmerlyn",699013,4,1,0,0,0,1,2,4,1,9.0,31.0,12.0,29.0,0.2903225806451613,0.3870967741935484,4.142857142857143
2026-07-22,823518,"Valdez, Esmerlyn",699013,5,0,0,0,0,0,3,0,0,9.0,30.0,13.0,29.0,0.3,0.43333333333333335,4.142857142857143
2026-07-22,823519,"Valdez, Esmerlyn",699013,4,0,0,0,0,0,1,0,0,8.0,31.0,14.0,25.0,0.25806451612903225,0.45161290322580644,3.5714285714285716
2026-07-24,823352,"Valdez, Esmerlyn",699013,4,0,0,0,0,0,1,0,0,5.0,31.0,14.0,16.0,0.16129032258064516,0.45161290322580644,2.2857142857142856
2026-07-25,823355,"Valdez, Esmerlyn",699013,4,1,1,0,0,0,2,1,1,4.0,30.0,13.0,14.0,0.13333333333333333,0.43333333333333335,2.0
2026-07-26,823354,"Valdez, Esmerlyn",699013,4,2,1,0,0,1,1,5,1,4.0,30.0,13.0,13.0,0.13333333333333333,0.43333333333333335,1.8571428571428572
2026-07-27,823353,"Valdez, Esmerlyn",699013,2,0,0,0,0,0,0,0,0,5.0,30.0,12.0,14.0,0.16666666666666666,0.4,2.0
2026-07-28,823350,"Valdez, Esmerlyn",699013,6,1,0,1,0,0,2,2,1,4.0,27.0,10.0,10.0,0.14814814814814814,0.37037037037037035,1.4285714285714286
2026-07-29,823351,"Valdez, Esmerlyn",699013,4,0,0,0,0,0,0,0,0,4.0,29.0,10.0,8.0,0.13793103448275862,0.3448275862068966,1.1428571428571428
2026-07-30,824488,"Valdez, Esmerlyn",699013,4,1,0,1,0,0,0,2,1,4.0,28.0,7.0,8.0,0.14285714285714285,0.25,1.1428571428571428
2026-07-31,824486,"Valdez, Esmerlyn",699013,5,0,0,0,0,0,1,0,0,5.0,28.0,6.0,10.0,0.17857142857142858,0.21428571428571427,1.4285714285714286
2026-08-01,824485,"Valdez, Esmerlyn",699013,4,0,0,0,0,0,0,0,0,5.0,29.0,6.0,10.0,0.1724137931034483,0.20689655172413793,1.4285714285714286
2026-08-02,824483,"Valdez, Esmerlyn",699013,4,0,0,0,0,0,3,0,0,4.0,29.0,4.0,9.0,0.13793103448275862,0.13793103448275862,1.2857142857142858
2026-08-03,823757,"Valdez, Esmerlyn",699013,4,0,0,0,0,0,1,0,0,2.0,29.0,6.0,4.0,0.06896551724137931,0.20689655172413793,0.5714285714285714
2026-08-04,823756,"Valdez, Esmerlyn",699013,4,0,0,0,0,0,4,0,0,2.0,31.0,7.0,4.0,0.06451612903225806,0.22580645161290322,0.5714285714285714
2026-08-05,823753,"Valdez, Esmerlyn",699013,4,0,0,0,0,0,3,0,0,1.0,29.0,9.0,2.0,0.034482758620689655,0.3103448275862069,0.2857142857142857
2026-08-07,823349,"Valdez, Esmerlyn",699013,4,0,0,0,0,0,0,0,0,1.0,29.0,12.0,2.0,0.034482758620689655,0.41379310344827586,0.2857142857142857
2026-08-08,823348,"Valdez, Esmerlyn",699013,5,1,1,0,0,0,1,1,1,0.0,29.0,12.0,0.0,0.0,0.41379310344827586,0.0
