player,age,team,league,war,games,plate_appearances,at_bats,runs,hits,homeruns,runs_batted_in,stolen_bases,bases_on_balls,strikeouts,on_base_percentage,slugging_percentage,on_base_plus_slugging_percentage,adjusted_on_base_plus_slugging_percentage,total_bases,sacrifice_hits,sacrifice_flys,position
James Wood*,23.0,WSN,NL,2.7,82.0,382.0,315.0,70.0,82.0,20.0,49.0,13.0,61.0,115.0,0.385,0.511,0.896,150.0,161.0,0.0,2.0,*9D7
Taylor Ward,32.0,BAL,AL,1.8,81.0,373.0,304.0,52.0,78.0,5.0,22.0,2.0,64.0,78.0,0.389,0.365,0.754,114.0,111.0,0.0,2.0,*7D
Gunnar Henderson*,25.0,BAL,AL,1.2,81.0,371.0,335.0,45.0,76.0,16.0,39.0,6.0,30.0,88.0,0.299,0.424,0.723,101.0,142.0,0.0,1.0,*6/D
Nick Kurtz*,23.0,ATH,AL,3.7,80.0,366.0,291.0,56.0,81.0,19.0,62.0,7.0,73.0,111.0,0.426,0.533,0.959,160.0,155.0,0.0,0.0,*3/D
Alex Bregman,32.0,CHC,NL,2.1,79.0,361.0,312.0,37.0,76.0,6.0,26.0,2.0,40.0,58.0,0.338,0.343,0.681,96.0,107.0,0.0,3.0,*5/DH
Nico Hoerner,29.0,CHC,NL,1.4,79.0,360.0,318.0,34.0,76.0,4.0,35.0,12.0,34.0,26.0,0.317,0.343,0.659,89.0,109.0,0.0,4.0,*4/6H
Yordan Alvarez*,29.0,HOU,AL,3.7,82.0,358.0,296.0,57.0,94.0,25.0,56.0,1.0,55.0,60.0,0.43,0.625,1.055,191.0,185.0,0.0,2.0,*D7
Zach Neto,25.0,LAA,AL,2.0,79.0,358.0,311.0,56.0,71.0,17.0,39.0,11.0,39.0,117.0,0.327,0.457,0.783,119.0,142.0,0.0,1.0,*6/H
Michael Busch*,28.0,CHC,NL,1.7,80.0,357.0,292.0,32.0,70.0,9.0,44.0,2.0,54.0,80.0,0.37,0.39,0.76,119.0,114.0,0.0,3.0,*3/H
Pete Alonso,31.0,BAL,AL,1.9,82.0,355.0,308.0,51.0,78.0,18.0,55.0,2.0,40.0,83.0,0.341,0.474,0.815,127.0,146.0,0.0,4.0,*3/D
Bo Bichette,28.0,NYM,NL,-0.1,81.0,354.0,327.0,42.0,83.0,10.0,45.0,1.0,21.0,65.0,0.299,0.388,0.688,91.0,127.0,0.0,4.0,65/D
Iván Herrera,26.0,STL,NL,2.4,78.0,354.0,283.0,53.0,74.0,10.0,35.0,5.0,48.0,55.0,0.404,0.42,0.824,135.0,119.0,0.0,2.0,D2
Julio Rodríguez,25.0,SEA,AL,2.0,81.0,354.0,324.0,42.0,80.0,14.0,38.0,11.0,26.0,74.0,0.308,0.423,0.731,107.0,137.0,0.0,1.0,*8/D
Pete Crow-Armstrong*,24.0,CHC,NL,5.1,81.0,350.0,307.0,49.0,88.0,17.0,45.0,18.0,32.0,90.0,0.367,0.521,0.888,151.0,160.0,1.0,2.0,*8/H
Bryan Reynolds#,31.0,PIT,NL,3.1,81.0,348.0,289.0,54.0,84.0,11.0,52.0,5.0,52.0,74.0,0.405,0.484,0.89,144.0,140.0,0.0,2.0,*79/DH
Trea Turner,33.0,PHI,NL,-0.2,79.0,348.0,324.0,50.0,75.0,7.0,23.0,15.0,21.0,79.0,0.282,0.336,0.618,68.0,109.0,0.0,1.0,*6/DH
Daylen Lile*,23.0,WSN,NL,1.0,80.0,346.0,314.0,43.0,79.0,8.0,38.0,7.0,24.0,58.0,0.309,0.401,0.711,98.0,126.0,0.0,4.0,*7D/9
Matt Olson*,32.0,ATL,NL,3.0,79.0,345.0,307.0,53.0,83.0,20.0,52.0,2.0,34.0,79.0,0.342,0.528,0.87,142.0,162.0,0.0,3.0,*3/9
Kevin McGonigle*,21.0,DET,AL,4.0,78.0,344.0,294.0,47.0,83.0,6.0,28.0,9.0,48.0,46.0,0.387,0.425,0.812,125.0,125.0,0.0,0.0,65/D
Andy Pages,25.0,LAD,NL,3.7,80.0,343.0,312.0,46.0,83.0,15.0,58.0,8.0,23.0,69.0,0.318,0.474,0.792,119.0,148.0,0.0,5.0,*8/H
Kyle Schwarber*,33.0,PHI,NL,2.5,77.0,343.0,290.0,52.0,74.0,29.0,52.0,1.0,49.0,117.0,0.37,0.593,0.963,157.0,172.0,0.0,0.0,*D/37H
Sal Stewart,22.0,CIN,NL,1.1,79.0,343.0,297.0,41.0,74.0,14.0,55.0,11.0,42.0,74.0,0.341,0.448,0.789,115.0,133.0,0.0,3.0,35/D4
Junior Caminero,22.0,TBR,AL,2.7,78.0,342.0,295.0,49.0,84.0,19.0,43.0,0.0,45.0,61.0,0.377,0.519,0.896,145.0,153.0,0.0,2.0,*5/3
Jo Adell,27.0,LAA,AL,-0.1,81.0,341.0,319.0,37.0,79.0,10.0,41.0,3.0,10.0,79.0,0.29,0.386,0.676,89.0,123.0,0.0,2.0,*9/7D8
Freddie Freeman*,36.0,LAD,NL,2.2,78.0,341.0,294.0,45.0,83.0,13.0,43.0,2.0,41.0,57.0,0.372,0.486,0.859,139.0,143.0,0.0,3.0,*3
Cody Bellinger*,30.0,NYY,AL,4.0,79.0,340.0,288.0,46.0,77.0,11.0,49.0,10.0,47.0,46.0,0.365,0.458,0.823,128.0,132.0,0.0,5.0,*78/93DH
Rafael Devers*,29.0,SFG,NL,0.5,80.0,340.0,310.0,36.0,73.0,12.0,38.0,0.0,27.0,101.0,0.297,0.432,0.729,106.0,134.0,0.0,2.0,*3D
Otto Lopez,27.0,MIA,NL,3.8,80.0,340.0,315.0,51.0,107.0,6.0,35.0,16.0,16.0,48.0,0.374,0.483,0.856,141.0,152.0,0.0,5.0,*6/DH
Brandon Nimmo*,33.0,TEX,AL,1.6,79.0,340.0,306.0,32.0,81.0,8.0,28.0,3.0,26.0,70.0,0.332,0.425,0.757,121.0,130.0,0.0,2.0,*9/D8H
Shohei Ohtani*,31.0,LAD,NL,2.9,73.0,340.0,275.0,56.0,81.0,17.0,46.0,6.0,54.0,78.0,0.414,0.549,0.963,168.0,151.0,0.0,4.0,*D1/H
Ozzie Albies#,29.0,ATL,NL,2.2,79.0,339.0,303.0,51.0,85.0,12.0,42.0,1.0,24.0,39.0,0.333,0.446,0.779,118.0,135.0,0.0,8.0,*4
Riley Greene*,25.0,DET,AL,1.5,81.0,339.0,291.0,40.0,85.0,9.0,34.0,1.0,44.0,92.0,0.386,0.44,0.826,129.0,128.0,0.0,2.0,*7/DH
Xavier Edwards#,26.0,MIA,NL,2.5,81.0,338.0,294.0,44.0,86.0,6.0,28.0,11.0,40.0,43.0,0.374,0.425,0.799,127.0,125.0,1.0,3.0,*4/D
Bryce Harper*,33.0,PHI,NL,2.1,81.0,338.0,283.0,54.0,76.0,18.0,47.0,5.0,50.0,64.0,0.373,0.523,0.896,141.0,148.0,0.0,5.0,*3/D
Fernando Tatis Jr.,27.0,SDP,NL,1.0,78.0,338.0,300.0,35.0,85.0,3.0,28.0,19.0,30.0,68.0,0.347,0.367,0.714,101.0,110.0,1.0,5.0,94/HD
JJ Wetherholt*,23.0,STL,NL,3.6,74.0,338.0,290.0,49.0,76.0,12.0,34.0,8.0,35.0,53.0,0.361,0.414,0.775,120.0,120.0,0.0,2.0,*4/6H
Jonathan Aranda*,28.0,TBR,AL,1.0,77.0,337.0,282.0,40.0,81.0,12.0,54.0,0.0,44.0,78.0,0.386,0.457,0.843,133.0,129.0,0.0,6.0,*3/DH
Alec Burleson*,27.0,STL,NL,1.8,77.0,337.0,302.0,42.0,87.0,13.0,57.0,2.0,29.0,49.0,0.353,0.49,0.843,137.0,148.0,0.0,3.0,*3/HD
Ian Happ#,31.0,CHC,NL,2.1,77.0,337.0,288.0,54.0,66.0,16.0,38.0,4.0,44.0,106.0,0.338,0.462,0.8,127.0,133.0,0.0,1.0,*7/D
Miguel Vargas,26.0,CHW,AL,2.8,78.0,337.0,283.0,52.0,68.0,17.0,45.0,10.0,46.0,58.0,0.354,0.47,0.824,129.0,133.0,0.0,2.0,*53/DH
Christian Walker,35.0,HOU,AL,1.5,81.0,337.0,304.0,43.0,71.0,18.0,52.0,0.0,28.0,75.0,0.306,0.464,0.769,111.0,141.0,0.0,1.0,*3/DH
Bobby Witt Jr.,26.0,KCR,AL,4.3,76.0,337.0,299.0,40.0,88.0,10.0,32.0,28.0,35.0,57.0,0.368,0.465,0.833,134.0,139.0,0.0,2.0,*6
Brice Turang*,26.0,MIL,NL,3.1,74.0,336.0,283.0,58.0,75.0,11.0,47.0,13.0,49.0,87.0,0.371,0.459,0.831,129.0,130.0,2.0,2.0,*4/6
Ketel Marte#,32.0,ARI,NL,1.4,76.0,335.0,306.0,42.0,81.0,13.0,47.0,1.0,25.0,47.0,0.319,0.461,0.78,114.0,141.0,0.0,3.0,*4D/H
Mike Trout,34.0,LAA,AL,2.8,74.0,335.0,265.0,54.0,62.0,17.0,36.0,7.0,66.0,83.0,0.394,0.472,0.866,144.0,125.0,0.0,0.0,*8D
Shea Langeliers,28.0,ATH,AL,3.0,73.0,334.0,303.0,49.0,80.0,19.0,42.0,1.0,26.0,64.0,0.329,0.505,0.834,124.0,153.0,0.0,1.0,*2D
CJ Abrams*,25.0,WSN,NL,3.0,79.0,333.0,290.0,51.0,83.0,17.0,57.0,13.0,30.0,67.0,0.369,0.528,0.897,149.0,153.0,0.0,3.0,*6/HD
Wilyer Abreu*,27.0,BOS,AL,3.0,77.0,333.0,298.0,35.0,81.0,10.0,38.0,6.0,30.0,64.0,0.335,0.44,0.775,118.0,131.0,1.0,3.0,*9
Matt Chapman,33.0,SFG,NL,2.8,79.0,333.0,289.0,35.0,70.0,7.0,42.0,0.0,36.0,74.0,0.333,0.381,0.714,105.0,110.0,0.0,3.0,*5/D
Luis Arraez*,29.0,SFG,NL,2.4,75.0,332.0,299.0,40.0,96.0,3.0,30.0,6.0,18.0,13.0,0.358,0.445,0.803,129.0,133.0,5.0,7.0,*4/DH
Willy Adames,30.0,SFG,NL,1.1,78.0,331.0,311.0,40.0,70.0,14.0,32.0,1.0,18.0,91.0,0.269,0.428,0.697,96.0,133.0,0.0,1.0,*6
Brandon Lowe*,31.0,PIT,NL,2.8,75.0,331.0,293.0,50.0,73.0,19.0,51.0,0.0,33.0,83.0,0.326,0.515,0.842,128.0,151.0,0.0,3.0,*4/DH
Yandy Díaz,34.0,TBR,AL,2.5,75.0,330.0,287.0,41.0,95.0,12.0,51.0,1.0,32.0,44.0,0.412,0.512,0.924,155.0,147.0,0.0,2.0,*D
Tyler Soderstrom*,24.0,ATH,AL,2.3,78.0,330.0,285.0,41.0,70.0,13.0,41.0,1.0,42.0,58.0,0.345,0.467,0.812,119.0,133.0,0.0,1.0,*7/HD
Jordan Walker,24.0,STL,NL,3.0,77.0,330.0,303.0,46.0,88.0,18.0,58.0,10.0,23.0,84.0,0.342,0.521,0.864,141.0,158.0,0.0,2.0,*9/DH
Corbin Carroll*,25.0,ARI,NL,3.5,77.0,329.0,287.0,48.0,80.0,13.0,42.0,9.0,36.0,70.0,0.365,0.537,0.901,147.0,154.0,0.0,2.0,*9/D
Cole Young*,22.0,SEA,AL,2.3,82.0,328.0,295.0,34.0,74.0,7.0,37.0,2.0,22.0,58.0,0.315,0.369,0.684,96.0,109.0,1.0,3.0,*4/6
Jakob Marsee*,25.0,MIA,NL,-0.2,79.0,327.0,273.0,40.0,54.0,4.0,19.0,18.0,43.0,77.0,0.321,0.3,0.621,78.0,82.0,3.0,1.0,*8/HD
Vladimir Guerrero Jr.,27.0,TOR,AL,0.7,77.0,326.0,282.0,44.0,77.0,4.0,32.0,6.0,35.0,35.0,0.356,0.358,0.714,96.0,101.0,0.0,5.0,*3/DH
Chase Meidroth,24.0,CHW,AL,1.4,77.0,325.0,289.0,44.0,77.0,6.0,25.0,2.0,27.0,81.0,0.331,0.377,0.708,99.0,109.0,4.0,2.0,*4/6H5
Geraldo Perdomo#,26.0,ARI,NL,2.2,77.0,325.0,266.0,35.0,62.0,4.0,27.0,11.0,48.0,40.0,0.349,0.338,0.687,93.0,90.0,4.0,5.0,*6/H
Ben Rice*,27.0,NYY,AL,2.0,75.0,325.0,281.0,56.0,79.0,22.0,53.0,2.0,40.0,76.0,0.372,0.584,0.956,162.0,164.0,0.0,2.0,3D/H
Josh Naylor*,29.0,SEA,AL,-0.3,75.0,324.0,295.0,28.0,76.0,8.0,33.0,14.0,25.0,42.0,0.319,0.373,0.692,98.0,110.0,0.0,1.0,*3
Kazuma Okamoto,30.0,TOR,AL,1.9,79.0,324.0,286.0,42.0,69.0,18.0,51.0,0.0,32.0,102.0,0.324,0.469,0.793,113.0,134.0,0.0,2.0,*5/3D
William Contreras,28.0,MIL,NL,1.6,74.0,323.0,288.0,45.0,87.0,8.0,48.0,1.0,30.0,42.0,0.365,0.427,0.792,119.0,123.0,0.0,4.0,*2D/H
Manny Machado,33.0,SDP,NL,-0.4,77.0,323.0,283.0,37.0,52.0,14.0,43.0,1.0,34.0,72.0,0.267,0.378,0.645,79.0,107.0,1.0,5.0,*5/D
Jarren Duran*,29.0,BOS,AL,0.6,73.0,322.0,295.0,37.0,59.0,12.0,38.0,11.0,21.0,96.0,0.258,0.366,0.624,75.0,108.0,0.0,3.0,*7/8DH
Willson Contreras,34.0,BOS,AL,2.7,77.0,321.0,275.0,38.0,76.0,16.0,46.0,1.0,29.0,83.0,0.371,0.513,0.883,148.0,141.0,0.0,3.0,*3/D
Josh Jung,28.0,TEX,AL,1.4,75.0,321.0,291.0,36.0,86.0,8.0,31.0,1.0,24.0,54.0,0.355,0.436,0.792,131.0,127.0,0.0,2.0,*5
Jackson Merrill*,23.0,SDP,NL,0.8,76.0,321.0,293.0,34.0,62.0,8.0,31.0,15.0,24.0,79.0,0.274,0.352,0.625,74.0,103.0,3.0,0.0,*8
Austin Riley,29.0,ATL,NL,0.5,79.0,321.0,285.0,32.0,61.0,8.0,36.0,4.0,28.0,93.0,0.296,0.347,0.643,82.0,99.0,0.0,2.0,*5/H
Salvador Perez,36.0,KCR,AL,-1.0,76.0,320.0,298.0,29.0,60.0,10.0,30.0,0.0,12.0,61.0,0.244,0.332,0.576,61.0,99.0,0.0,4.0,2D/3
Isaac Paredes,27.0,HOU,AL,1.3,76.0,318.0,273.0,31.0,67.0,10.0,41.0,0.0,31.0,53.0,0.343,0.41,0.753,110.0,112.0,0.0,3.0,*53/D4H
Marcus Semien,35.0,NYM,NL,-0.6,80.0,318.0,290.0,30.0,62.0,9.0,29.0,6.0,23.0,68.0,0.271,0.341,0.613,71.0,99.0,1.0,3.0,*4
Kyle Tucker*,29.0,LAD,NL,0.7,75.0,318.0,273.0,44.0,64.0,6.0,40.0,6.0,40.0,65.0,0.333,0.374,0.707,98.0,102.0,0.0,3.0,*9/H
Carson Benge*,23.0,NYM,NL,1.3,78.0,316.0,289.0,43.0,74.0,9.0,30.0,11.0,23.0,69.0,0.32,0.398,0.718,100.0,115.0,0.0,0.0,*978/HD
Colson Montgomery*,24.0,CHW,AL,2.0,76.0,316.0,278.0,36.0,61.0,20.0,46.0,1.0,29.0,99.0,0.313,0.486,0.799,120.0,135.0,0.0,0.0,*65/HD
Byron Buxton,32.0,MIN,AL,3.0,70.0,315.0,289.0,54.0,78.0,25.0,41.0,7.0,22.0,80.0,0.327,0.585,0.912,146.0,169.0,0.0,1.0,8D
Jake Burger,30.0,TEX,AL,1.8,78.0,314.0,286.0,36.0,73.0,14.0,48.0,1.0,24.0,82.0,0.315,0.451,0.766,122.0,129.0,0.0,2.0,*3/HD
Hunter Goodman,26.0,COL,NL,1.8,75.0,314.0,284.0,48.0,68.0,21.0,39.0,5.0,25.0,104.0,0.309,0.504,0.812,112.0,143.0,0.0,1.0,2D/H
José Ramírez#,33.0,CLE,AL,2.5,72.0,314.0,268.0,42.0,64.0,10.0,33.0,24.0,41.0,44.0,0.339,0.418,0.757,112.0,112.0,0.0,3.0,*5D
TJ Rumfield*,26.0,COL,NL,1.9,78.0,314.0,278.0,35.0,79.0,12.0,43.0,0.0,28.0,47.0,0.36,0.482,0.842,122.0,134.0,0.0,2.0,*3D/H
Randy Arozarena,31.0,SEA,AL,2.5,74.0,313.0,271.0,47.0,77.0,7.0,33.0,19.0,29.0,71.0,0.371,0.435,0.806,131.0,118.0,0.0,3.0,*7/D
Josh Bell#,33.0,MIN,AL,0.1,79.0,313.0,286.0,40.0,70.0,9.0,49.0,1.0,23.0,71.0,0.304,0.392,0.695,91.0,112.0,0.0,2.0,*D3/H
Jazz Chisholm Jr.*,28.0,NYY,AL,1.0,77.0,313.0,276.0,42.0,63.0,12.0,33.0,24.0,34.0,87.0,0.313,0.409,0.723,100.0,113.0,0.0,2.0,*4/HD
Ernie Clement,30.0,TOR,AL,1.0,78.0,311.0,299.0,36.0,88.0,7.0,28.0,2.0,10.0,32.0,0.315,0.438,0.753,103.0,131.0,0.0,2.0,*46/5H
Spencer Torkelson,26.0,DET,AL,-0.4,80.0,310.0,268.0,30.0,56.0,12.0,31.0,0.0,35.0,101.0,0.307,0.407,0.714,96.0,109.0,0.0,2.0,*3/H
Alec Bohm,29.0,PHI,NL,-0.3,77.0,309.0,282.0,24.0,63.0,9.0,42.0,1.0,20.0,44.0,0.278,0.355,0.633,71.0,100.0,0.0,4.0,*5/3H
Dillon Dingler,27.0,DET,AL,2.9,74.0,309.0,276.0,42.0,74.0,19.0,57.0,0.0,23.0,65.0,0.336,0.543,0.879,139.0,150.0,0.0,2.0,*2D/H
Brooks Lee#,25.0,MIN,AL,0.5,78.0,309.0,283.0,38.0,68.0,13.0,45.0,4.0,22.0,48.0,0.299,0.431,0.73,99.0,122.0,1.0,1.0,65/H
Cam Smith,23.0,HOU,AL,1.1,81.0,307.0,271.0,31.0,60.0,8.0,28.0,9.0,28.0,79.0,0.301,0.362,0.662,84.0,98.0,0.0,3.0,*9/H
Nick Gonzales,27.0,PIT,NL,0.9,75.0,305.0,283.0,42.0,84.0,3.0,35.0,4.0,16.0,55.0,0.344,0.375,0.719,99.0,106.0,0.0,1.0,*54/6H
Casey Schmitt,27.0,SFG,NL,1.4,72.0,305.0,289.0,35.0,85.0,16.0,42.0,7.0,7.0,60.0,0.321,0.519,0.84,136.0,150.0,0.0,3.0,7D3/465
Chandler Simpson*,25.0,TBR,AL,0.6,76.0,303.0,280.0,33.0,74.0,0.0,16.0,19.0,17.0,31.0,0.304,0.314,0.619,72.0,88.0,4.0,2.0,*7/H8
Mauricio Dubón,31.0,ATL,NL,1.8,75.0,302.0,280.0,32.0,74.0,8.0,43.0,1.0,19.0,44.0,0.316,0.418,0.733,106.0,117.0,0.0,0.0,678/5HD
Luke Keaschall,23.0,MIN,AL,0.2,76.0,302.0,265.0,38.0,66.0,2.0,24.0,11.0,29.0,47.0,0.331,0.325,0.656,83.0,86.0,0.0,3.0,*4/H9
Spencer Steer,28.0,CIN,NL,0.0,76.0,301.0,267.0,45.0,64.0,13.0,33.0,3.0,29.0,68.0,0.319,0.434,0.753,105.0,116.0,0.0,2.0,3794/H5D
Xander Bogaerts,33.0,SDP,NL,1.2,75.0,299.0,261.0,32.0,60.0,8.0,30.0,10.0,33.0,55.0,0.321,0.337,0.658,85.0,88.0,0.0,2.0,*6
Steven Kwan*,28.0,CLE,AL,0.8,73.0,299.0,251.0,32.0,53.0,1.0,13.0,3.0,39.0,32.0,0.322,0.259,0.581,67.0,65.0,3.0,2.0,*87/H
Ceddanne Rafaela,25.0,BOS,AL,3.7,75.0,299.0,277.0,33.0,79.0,7.0,35.0,10.0,15.0,61.0,0.336,0.448,0.783,120.0,124.0,1.0,0.0,*8/H
Dansby Swanson,32.0,CHC,NL,2.3,77.0,299.0,256.0,48.0,51.0,11.0,46.0,10.0,37.0,71.0,0.299,0.379,0.678,93.0,97.0,1.0,4.0,*6/DH
Brandon Marsh*,28.0,PHI,NL,2.1,76.0,297.0,278.0,46.0,90.0,12.0,41.0,8.0,14.0,74.0,0.357,0.518,0.875,135.0,144.0,0.0,3.0,*789/H
Masyn Winn,24.0,STL,NL,1.2,70.0,297.0,261.0,32.0,64.0,3.0,31.0,6.0,25.0,58.0,0.32,0.337,0.657,87.0,88.0,0.0,5.0,*6
Brayan Rocchio#,25.0,CLE,AL,2.2,78.0,296.0,260.0,31.0,70.0,5.0,33.0,12.0,24.0,40.0,0.344,0.388,0.732,106.0,101.0,2.0,3.0,*64
Spencer Horwitz*,28.0,PIT,NL,1.2,74.0,295.0,246.0,36.0,69.0,10.0,33.0,1.0,40.0,40.0,0.386,0.455,0.842,131.0,112.0,0.0,4.0,*3/HD
Maikel Garcia,26.0,KCR,AL,1.7,69.0,294.0,268.0,32.0,70.0,3.0,30.0,5.0,24.0,45.0,0.32,0.373,0.693,96.0,100.0,0.0,2.0,*5/6HD
Jung Hoo Lee*,27.0,SFG,NL,1.5,72.0,293.0,274.0,41.0,91.0,5.0,30.0,5.0,13.0,27.0,0.365,0.478,0.843,140.0,131.0,0.0,3.0,*98/H
Vinnie Pasquantino*,28.0,KCR,AL,0.3,68.0,291.0,254.0,28.0,57.0,6.0,32.0,3.0,32.0,51.0,0.309,0.35,0.66,87.0,89.0,0.0,4.0,*3/H
Jac Caglianone*,23.0,KCR,AL,2.1,76.0,289.0,261.0,39.0,70.0,14.0,30.0,3.0,24.0,87.0,0.339,0.483,0.822,130.0,126.0,0.0,0.0,*93/DH
Nolan Arenado,35.0,ARI,NL,1.1,75.0,288.0,256.0,34.0,61.0,8.0,33.0,3.0,23.0,58.0,0.313,0.387,0.699,93.0,99.0,0.0,3.0,*5/DH
Liam Hicks*,27.0,MIA,NL,2.1,73.0,288.0,248.0,40.0,69.0,13.0,53.0,1.0,29.0,28.0,0.359,0.472,0.831,134.0,117.0,1.0,5.0,2D3H
Matt McLain,26.0,CIN,NL,0.2,75.0,288.0,250.0,31.0,50.0,8.0,25.0,11.0,34.0,75.0,0.303,0.348,0.651,79.0,87.0,1.0,0.0,*46/H
Carter Jensen*,22.0,KCR,AL,0.9,75.0,287.0,254.0,39.0,62.0,11.0,42.0,1.0,27.0,76.0,0.314,0.437,0.751,110.0,111.0,0.0,5.0,2D/H
Bryson Stott*,28.0,PHI,NL,0.3,75.0,286.0,261.0,30.0,62.0,7.0,40.0,15.0,20.0,49.0,0.296,0.398,0.694,87.0,104.0,2.0,1.0,*4/H
Ezequiel Tovar,24.0,COL,NL,-0.5,75.0,284.0,264.0,24.0,55.0,6.0,25.0,4.0,15.0,81.0,0.254,0.33,0.583,54.0,87.0,0.0,3.0,*6/H
Oneil Cruz*,27.0,PIT,NL,1.2,64.0,283.0,250.0,45.0,66.0,14.0,44.0,21.0,30.0,98.0,0.35,0.472,0.822,124.0,118.0,0.0,0.0,*8/DH
Max Muncy*,35.0,LAD,NL,3.2,75.0,282.0,244.0,47.0,65.0,16.0,34.0,1.0,35.0,68.0,0.365,0.508,0.873,142.0,124.0,0.0,0.0,*5/H
Michael Harris II*,25.0,ATL,NL,2.5,73.0,279.0,265.0,37.0,81.0,14.0,42.0,4.0,12.0,57.0,0.337,0.513,0.85,136.0,136.0,0.0,1.0,*8/HD7
Jake Bauers*,30.0,MIL,NL,1.5,69.0,276.0,236.0,45.0,64.0,14.0,48.0,5.0,37.0,69.0,0.377,0.508,0.885,143.0,120.0,0.0,0.0,*37/9HD
Seiya Suzuki,31.0,CHC,NL,2.3,65.0,275.0,240.0,36.0,62.0,10.0,31.0,0.0,31.0,74.0,0.349,0.425,0.774,121.0,102.0,0.0,1.0,9D/H
Andrés Giménez*,27.0,TOR,AL,0.5,77.0,272.0,251.0,22.0,58.0,7.0,33.0,10.0,8.0,53.0,0.274,0.371,0.645,74.0,93.0,2.0,3.0,*6/H
Troy Johnston*,29.0,COL,NL,0.2,73.0,271.0,242.0,30.0,76.0,3.0,35.0,4.0,22.0,47.0,0.378,0.442,0.82,118.0,107.0,1.0,2.0,973D/H
Willi Castro#,29.0,COL,NL,1.2,69.0,270.0,241.0,36.0,68.0,6.0,33.0,6.0,25.0,68.0,0.356,0.411,0.766,104.0,99.0,0.0,1.0,4563/7H8
Chase DeLauter*,24.0,CLE,AL,0.6,66.0,270.0,240.0,24.0,63.0,7.0,34.0,2.0,28.0,36.0,0.337,0.408,0.745,109.0,98.0,0.0,2.0,9D/H
Ryan O'Hearn*,32.0,PIT,NL,0.3,66.0,270.0,246.0,35.0,70.0,11.0,45.0,1.0,20.0,60.0,0.341,0.463,0.804,119.0,114.0,0.0,2.0,93D/H
Isaac Collins#,28.0,KCR,AL,-0.4,72.0,269.0,227.0,28.0,51.0,3.0,23.0,4.0,33.0,65.0,0.333,0.313,0.646,85.0,71.0,2.0,2.0,*7/H4D
J.P. Crawford*,31.0,SEA,AL,0.7,64.0,268.0,224.0,33.0,50.0,10.0,24.0,1.0,38.0,50.0,0.347,0.379,0.726,109.0,85.0,0.0,1.0,6/5HD
Kody Clemens*,30.0,MIN,AL,1.3,68.0,266.0,241.0,32.0,58.0,11.0,30.0,6.0,18.0,58.0,0.307,0.461,0.767,109.0,111.0,2.0,0.0,379/84H
Elly De La Cruz#,24.0,CIN,NL,2.2,60.0,266.0,239.0,41.0,66.0,12.0,37.0,10.0,24.0,78.0,0.346,0.498,0.844,128.0,119.0,0.0,1.0,*6/D
Brett Baty*,26.0,NYM,NL,0.0,77.0,265.0,235.0,26.0,51.0,3.0,26.0,3.0,24.0,75.0,0.295,0.302,0.598,68.0,71.0,0.0,2.0,593/H4D6
Ezequiel Durán,27.0,TEX,AL,1.5,72.0,265.0,241.0,32.0,63.0,6.0,40.0,5.0,20.0,64.0,0.318,0.415,0.733,113.0,100.0,1.0,2.0,6475/9H38
Cedric Mullins*,31.0,TBR,AL,-0.1,68.0,265.0,230.0,26.0,47.0,6.0,22.0,13.0,23.0,52.0,0.29,0.309,0.598,66.0,71.0,4.0,1.0,*8/H
Nasim Nuñez#,25.0,WSN,NL,1.6,76.0,265.0,229.0,31.0,55.0,0.0,27.0,31.0,28.0,60.0,0.324,0.284,0.608,74.0,65.0,6.0,1.0,*46/HD
Nolan Schanuel*,24.0,LAA,AL,1.1,64.0,265.0,237.0,28.0,62.0,6.0,30.0,0.0,21.0,40.0,0.332,0.392,0.724,104.0,93.0,0.0,2.0,*3/H
Trent Grisham*,29.0,NYY,AL,0.9,66.0,264.0,224.0,40.0,52.0,8.0,35.0,6.0,38.0,42.0,0.341,0.406,0.747,108.0,91.0,0.0,2.0,*8/H
Juan Soto*,27.0,NYM,NL,2.3,62.0,264.0,224.0,36.0,67.0,17.0,38.0,6.0,38.0,34.0,0.399,0.567,0.966,167.0,127.0,0.0,1.0,7D
Ildemaro Vargas#,34.0,ARI,NL,1.2,70.0,264.0,245.0,38.0,64.0,7.0,44.0,1.0,14.0,24.0,0.305,0.408,0.714,96.0,100.0,1.0,1.0,34/H5D716
Sal Frelick*,26.0,MIL,NL,-0.4,73.0,262.0,228.0,28.0,53.0,3.0,29.0,5.0,23.0,25.0,0.302,0.32,0.622,73.0,73.0,1.0,3.0,*9H/D
George Springer,36.0,TOR,AL,-0.1,59.0,262.0,228.0,26.0,50.0,8.0,21.0,6.0,27.0,50.0,0.309,0.373,0.682,85.0,85.0,0.0,1.0,*D/H
Aaron Judge,34.0,NYY,AL,2.1,59.0,261.0,214.0,43.0,53.0,17.0,38.0,5.0,42.0,72.0,0.375,0.533,0.907,150.0,114.0,0.0,1.0,9/D
Jeff McNeil*,34.0,ATH,AL,-0.2,74.0,260.0,232.0,21.0,55.0,3.0,20.0,1.0,21.0,35.0,0.309,0.319,0.628,72.0,74.0,1.0,2.0,*4/H395
Jacob Young,26.0,WSN,NL,0.8,77.0,260.0,243.0,31.0,55.0,8.0,30.0,8.0,12.0,49.0,0.274,0.374,0.649,81.0,91.0,1.0,0.0,*8/HD
Adolis García,33.0,PHI,NL,-0.7,67.0,259.0,231.0,21.0,45.0,7.0,21.0,3.0,21.0,84.0,0.27,0.329,0.599,63.0,76.0,0.0,3.0,*9/H8
Luis García Jr.*,26.0,WSN,NL,1.0,75.0,259.0,247.0,34.0,65.0,13.0,49.0,2.0,11.0,41.0,0.293,0.494,0.787,117.0,122.0,0.0,1.0,*3H/D
Jose Altuve,36.0,HOU,AL,0.0,60.0,257.0,230.0,36.0,54.0,8.0,21.0,1.0,24.0,58.0,0.309,0.391,0.7,94.0,90.0,1.0,1.0,*4/D
Gavin Sheets*,30.0,SDP,NL,0.2,73.0,257.0,228.0,29.0,51.0,12.0,33.0,4.0,27.0,61.0,0.311,0.439,0.75,108.0,100.0,0.0,0.0,37D/H9
Jorge Soler,34.0,LAA,AL,0.2,61.0,256.0,223.0,30.0,49.0,11.0,37.0,0.0,25.0,81.0,0.305,0.422,0.726,103.0,94.0,0.0,4.0,D/9H
Caleb Durbin,26.0,BOS,AL,1.4,72.0,255.0,232.0,27.0,52.0,6.0,32.0,7.0,15.0,36.0,0.281,0.379,0.66,86.0,88.0,2.0,2.0,*5/H
Daulton Varsho*,29.0,TOR,AL,1.5,68.0,255.0,229.0,31.0,61.0,7.0,22.0,7.0,23.0,50.0,0.337,0.441,0.778,110.0,101.0,0.0,1.0,*8/HD
Kyle Karros,23.0,COL,NL,0.6,76.0,254.0,221.0,35.0,55.0,4.0,21.0,2.0,30.0,54.0,0.339,0.371,0.71,89.0,82.0,0.0,2.0,*5/H
Kyle Manzardo*,25.0,CLE,AL,0.7,71.0,253.0,219.0,26.0,51.0,9.0,27.0,0.0,28.0,80.0,0.328,0.397,0.725,104.0,87.0,0.0,2.0,*3DH
Joc Pederson*,34.0,TEX,AL,1.3,76.0,253.0,214.0,32.0,53.0,12.0,28.0,0.0,32.0,52.0,0.349,0.467,0.816,137.0,100.0,0.0,3.0,*DH/39
Leody Taveras#,27.0,BAL,AL,0.8,70.0,252.0,219.0,30.0,56.0,2.0,30.0,9.0,24.0,60.0,0.331,0.374,0.705,99.0,82.0,7.0,1.0,*89/H5
Drake Baldwin*,25.0,ATL,NL,1.8,56.0,249.0,220.0,42.0,59.0,14.0,39.0,1.0,24.0,63.0,0.349,0.486,0.836,134.0,107.0,0.0,1.0,2D/H
Samuel Basallo*,21.0,BAL,AL,1.5,68.0,249.0,226.0,29.0,58.0,12.0,35.0,0.0,21.0,65.0,0.317,0.465,0.782,117.0,105.0,0.0,2.0,2DH/3
Garrett Mitchell*,27.0,MIL,NL,1.0,68.0,249.0,214.0,32.0,53.0,5.0,34.0,6.0,31.0,85.0,0.347,0.402,0.749,107.0,86.0,1.0,1.0,*8/HD
Austin Martin,27.0,MIN,AL,0.9,73.0,248.0,211.0,29.0,51.0,2.0,17.0,8.0,31.0,45.0,0.351,0.322,0.673,89.0,68.0,0.0,1.0,*97H/8
Oswald Peraza,26.0,LAA,AL,1.9,73.0,247.0,231.0,23.0,59.0,7.0,21.0,9.0,9.0,69.0,0.301,0.411,0.712,99.0,95.0,1.0,0.0,45H/6D3
José Caballero,29.0,NYY,AL,1.3,68.0,246.0,224.0,31.0,58.0,8.0,28.0,18.0,15.0,50.0,0.317,0.411,0.728,102.0,92.0,0.0,2.0,6/7594H8D
Munetaka Murakami*,26.0,CHW,AL,2.0,57.0,246.0,200.0,43.0,48.0,20.0,41.0,1.0,44.0,80.0,0.378,0.56,0.938,159.0,112.0,0.0,1.0,3/DH
Justin Crawford*,22.0,PHI,NL,-0.4,75.0,244.0,226.0,22.0,55.0,2.0,16.0,9.0,16.0,52.0,0.299,0.336,0.635,73.0,76.0,0.0,0.0,*8/H
Sam Antonacci*,23.0,CHW,AL,1.5,61.0,243.0,206.0,37.0,59.0,4.0,22.0,11.0,18.0,37.0,0.386,0.413,0.799,125.0,85.0,2.0,1.0,*74/H
Andrew Benintendi*,31.0,CHW,AL,-0.3,71.0,243.0,220.0,30.0,51.0,9.0,38.0,1.0,19.0,63.0,0.289,0.418,0.707,96.0,92.0,1.0,3.0,*DH/79
Angel Martínez#,24.0,CLE,AL,0.6,66.0,243.0,226.0,28.0,54.0,11.0,33.0,9.0,7.0,53.0,0.276,0.442,0.719,99.0,100.0,4.0,1.0,*79/8H
Kyle Stowers*,28.0,MIA,NL,0.2,57.0,240.0,210.0,25.0,47.0,8.0,29.0,1.0,23.0,75.0,0.314,0.424,0.738,107.0,89.0,1.0,1.0,793/DH
Curtis Mead,25.0,WSN,NL,1.1,66.0,237.0,206.0,36.0,46.0,14.0,39.0,3.0,27.0,44.0,0.325,0.476,0.801,122.0,98.0,0.0,0.0,35H/4D
Ronald Acuña Jr.,28.0,ATL,NL,0.9,53.0,236.0,195.0,31.0,49.0,7.0,22.0,15.0,35.0,52.0,0.373,0.421,0.793,124.0,82.0,0.0,2.0,9/D
Trevor Larnach*,29.0,MIN,AL,0.9,66.0,236.0,203.0,35.0,56.0,5.0,24.0,2.0,29.0,44.0,0.374,0.419,0.793,120.0,85.0,1.0,0.0,*7H/D
Mark Vientos,26.0,NYM,NL,-0.8,67.0,235.0,221.0,24.0,48.0,10.0,33.0,0.0,10.0,54.0,0.255,0.394,0.649,79.0,87.0,0.0,2.0,*3H/D5
Jake McCarthy*,28.0,COL,NL,0.3,66.0,234.0,213.0,27.0,63.0,5.0,32.0,12.0,14.0,43.0,0.338,0.465,0.802,111.0,99.0,3.0,3.0,*879/HD
Rhys Hoskins,33.0,CLE,AL,-0.6,65.0,233.0,189.0,25.0,33.0,7.0,27.0,0.0,37.0,71.0,0.313,0.349,0.663,87.0,66.0,0.0,4.0,3DH/7
Connor Norby,26.0,MIA,NL,-0.2,65.0,233.0,200.0,17.0,41.0,4.0,16.0,6.0,24.0,70.0,0.313,0.325,0.638,82.0,65.0,0.0,1.0,35D/H
Jesús Sánchez*,28.0,TOR,AL,-0.3,72.0,232.0,213.0,22.0,59.0,7.0,29.0,1.0,10.0,51.0,0.319,0.441,0.76,105.0,94.0,0.0,4.0,*97H/D
Colt Keith*,24.0,DET,AL,0.1,73.0,230.0,215.0,28.0,54.0,4.0,17.0,4.0,11.0,45.0,0.296,0.363,0.658,82.0,78.0,0.0,1.0,5DH/3
Evan Carter*,23.0,TEX,AL,1.4,66.0,229.0,193.0,26.0,34.0,6.0,21.0,10.0,29.0,54.0,0.292,0.321,0.613,80.0,62.0,3.0,1.0,*8/H
Nolan Gorman*,26.0,STL,NL,-0.3,62.0,229.0,201.0,19.0,39.0,7.0,26.0,0.0,25.0,74.0,0.279,0.318,0.598,70.0,64.0,0.0,3.0,5D/H
Zack Gelof,26.0,ATH,AL,2.2,62.0,228.0,209.0,40.0,59.0,11.0,29.0,8.0,14.0,55.0,0.336,0.498,0.834,124.0,104.0,2.0,0.0,584/H9
Marcelo Mayer*,23.0,BOS,AL,0.0,70.0,228.0,205.0,19.0,45.0,3.0,22.0,3.0,16.0,44.0,0.282,0.312,0.594,69.0,64.0,0.0,3.0,46/H
Adley Rutschman#,28.0,BAL,AL,1.6,54.0,228.0,201.0,26.0,51.0,8.0,40.0,0.0,23.0,33.0,0.329,0.458,0.787,119.0,92.0,0.0,3.0,2D/H
Daniel Schneemann*,29.0,CLE,AL,1.1,65.0,227.0,206.0,24.0,43.0,6.0,26.0,4.0,21.0,68.0,0.282,0.34,0.622,74.0,70.0,0.0,0.0,854H/69
Victor Caratini#,32.0,MIN,AL,0.0,59.0,222.0,186.0,19.0,45.0,6.0,30.0,0.0,21.0,42.0,0.333,0.371,0.704,95.0,69.0,0.0,7.0,23/HD
Luke Raley*,31.0,SEA,AL,0.3,71.0,222.0,202.0,25.0,48.0,14.0,35.0,1.0,12.0,72.0,0.3,0.49,0.79,122.0,99.0,2.0,0.0,*9H/7D8
Marcell Ozuna,35.0,PIT,NL,-0.8,54.0,221.0,199.0,16.0,40.0,6.0,25.0,0.0,20.0,65.0,0.281,0.317,0.597,65.0,63.0,0.0,0.0,D/H
Lawrence Butler*,25.0,ATH,AL,-1.2,73.0,220.0,198.0,28.0,39.0,5.0,21.0,6.0,22.0,59.0,0.277,0.308,0.585,60.0,61.0,0.0,0.0,*98H/D
Coby Mayo,24.0,BAL,AL,-0.8,64.0,220.0,201.0,27.0,38.0,10.0,30.0,1.0,16.0,74.0,0.255,0.373,0.628,74.0,75.0,0.0,1.0,5/D3H
Tristan Peters*,26.0,CHW,AL,2.0,75.0,220.0,196.0,25.0,56.0,3.0,24.0,4.0,16.0,40.0,0.347,0.439,0.786,119.0,86.0,4.0,1.0,*89/H7
JJ Bleday*,28.0,CIN,NL,1.2,51.0,219.0,185.0,28.0,45.0,13.0,35.0,2.0,29.0,43.0,0.349,0.524,0.873,136.0,97.0,0.0,2.0,7/D9H
Matt Vierling,29.0,DET,AL,-1.1,68.0,219.0,198.0,17.0,40.0,5.0,27.0,2.0,17.0,36.0,0.26,0.343,0.604,66.0,68.0,0.0,4.0,*8H/97
Cal Raleigh#,29.0,SEA,AL,-0.3,50.0,218.0,191.0,18.0,32.0,8.0,21.0,2.0,25.0,68.0,0.261,0.319,0.581,66.0,61.0,0.0,2.0,2D/H
Owen Caissie*,23.0,MIA,NL,-0.3,69.0,217.0,193.0,24.0,44.0,9.0,43.0,4.0,16.0,85.0,0.286,0.425,0.711,99.0,82.0,0.0,6.0,*9/HD
Tyler Stephenson,29.0,CIN,NL,0.4,62.0,217.0,189.0,15.0,40.0,6.0,22.0,0.0,26.0,57.0,0.304,0.344,0.648,78.0,65.0,0.0,2.0,*2/H
Mike Yastrzemski*,35.0,ATL,NL,0.5,71.0,217.0,193.0,27.0,44.0,4.0,19.0,1.0,20.0,54.0,0.313,0.347,0.661,87.0,67.0,0.0,0.0,*79H/8D
Paul Goldschmidt,38.0,NYY,AL,1.8,55.0,216.0,196.0,31.0,59.0,14.0,40.0,1.0,16.0,44.0,0.361,0.571,0.933,156.0,112.0,0.0,1.0,3D/H
Taylor Walls#,29.0,TBR,AL,1.7,61.0,215.0,179.0,29.0,40.0,0.0,18.0,12.0,26.0,54.0,0.325,0.296,0.621,74.0,53.0,6.0,2.0,*6/H
David Hamilton*,28.0,MIL,NL,0.8,65.0,214.0,184.0,31.0,42.0,3.0,12.0,16.0,20.0,50.0,0.307,0.315,0.623,73.0,58.0,8.0,0.0,56/4H
Jacob Wilson,24.0,ATH,AL,0.2,50.0,214.0,202.0,23.0,56.0,4.0,26.0,2.0,10.0,25.0,0.31,0.386,0.696,89.0,78.0,1.0,1.0,6
Travis Bazzana*,23.0,CLE,AL,1.5,50.0,213.0,184.0,24.0,48.0,7.0,24.0,12.0,26.0,43.0,0.357,0.446,0.802,125.0,82.0,0.0,1.0,4/DH
Edouard Julien*,27.0,COL,NL,-0.8,68.0,211.0,184.0,23.0,41.0,2.0,17.0,4.0,26.0,57.0,0.322,0.293,0.616,66.0,54.0,0.0,0.0,4H3/D
J.T. Realmuto,35.0,PHI,NL,0.3,56.0,211.0,187.0,21.0,38.0,5.0,24.0,3.0,17.0,41.0,0.284,0.326,0.611,66.0,61.0,0.0,2.0,*2
Gabriel Moreno,26.0,ARI,NL,2.1,53.0,210.0,180.0,26.0,50.0,6.0,26.0,4.0,23.0,35.0,0.362,0.444,0.806,123.0,80.0,0.0,4.0,2/DH
Carson Kelly,31.0,CHC,NL,1.5,59.0,209.0,185.0,30.0,52.0,4.0,29.0,0.0,21.0,34.0,0.364,0.395,0.758,118.0,73.0,0.0,0.0,2/H3D1
Luis Rengifo#,29.0,MIL,NL,-0.4,57.0,209.0,185.0,19.0,38.0,0.0,19.0,3.0,19.0,24.0,0.28,0.254,0.534,50.0,47.0,2.0,2.0,5H/34D
Corey Seager*,32.0,TEX,AL,0.8,48.0,209.0,180.0,26.0,33.0,9.0,24.0,1.0,25.0,54.0,0.287,0.367,0.654,91.0,66.0,0.0,2.0,6
Konnor Griffin,20.0,PIT,NL,1.5,51.0,208.0,189.0,30.0,51.0,4.0,22.0,14.0,14.0,56.0,0.327,0.402,0.729,100.0,76.0,0.0,2.0,6/DH
Carlos Cortes*,29.0,ATH,AL,0.2,62.0,206.0,181.0,17.0,50.0,6.0,22.0,1.0,21.0,23.0,0.359,0.436,0.796,116.0,79.0,0.0,1.0,9DH/71
Ramón Laureano,31.0,SDP,NL,0.0,53.0,206.0,182.0,23.0,37.0,7.0,21.0,7.0,20.0,65.0,0.286,0.374,0.66,84.0,68.0,0.0,2.0,7/9HD
Lane Thomas,30.0,KCR,AL,0.0,67.0,206.0,173.0,19.0,38.0,5.0,22.0,3.0,29.0,43.0,0.335,0.347,0.682,94.0,60.0,0.0,2.0,*89H7/D
Christian Yelich*,34.0,MIL,NL,0.5,46.0,206.0,183.0,36.0,47.0,5.0,24.0,5.0,20.0,57.0,0.335,0.399,0.734,103.0,73.0,0.0,1.0,D/7H
Miguel Andujar,31.0,SDP,NL,-0.4,58.0,205.0,195.0,18.0,48.0,5.0,17.0,2.0,8.0,34.0,0.283,0.405,0.688,90.0,79.0,0.0,0.0,D/H53
Dominic Canzone*,28.0,SEA,AL,1.5,71.0,205.0,182.0,28.0,50.0,12.0,33.0,1.0,18.0,41.0,0.346,0.549,0.896,152.0,100.0,0.0,2.0,DH9
Jackson Chourio,22.0,MIL,NL,1.7,44.0,205.0,189.0,31.0,56.0,10.0,30.0,5.0,14.0,50.0,0.346,0.524,0.87,137.0,99.0,0.0,1.0,78/9H
Eugenio Suárez,34.0,CIN,NL,-0.6,52.0,205.0,187.0,16.0,39.0,7.0,26.0,0.0,16.0,68.0,0.273,0.369,0.642,75.0,69.0,0.0,1.0,D5/H
Teoscar Hernández,33.0,LAD,NL,0.8,51.0,204.0,181.0,30.0,50.0,7.0,31.0,2.0,19.0,55.0,0.348,0.436,0.785,119.0,79.0,0.0,2.0,7/D
Brent Rooker,31.0,ATH,AL,-0.4,48.0,203.0,180.0,20.0,36.0,10.0,29.0,2.0,19.0,65.0,0.281,0.389,0.67,80.0,70.0,0.0,2.0,D/97H
Tyler Freeman,27.0,COL,NL,-0.5,52.0,202.0,175.0,25.0,49.0,3.0,22.0,5.0,9.0,25.0,0.36,0.371,0.732,96.0,65.0,5.0,0.0,9/4DH8
Jeremiah Jackson,26.0,BAL,AL,0.7,65.0,202.0,195.0,22.0,49.0,7.0,32.0,2.0,4.0,40.0,0.267,0.4,0.667,85.0,78.0,0.0,2.0,*4/HD79
Ryan McMahon*,31.0,NYY,AL,0.0,69.0,202.0,186.0,19.0,39.0,8.0,23.0,3.0,15.0,62.0,0.269,0.36,0.629,74.0,67.0,1.0,0.0,*5/H6
Colton Cowser*,26.0,BAL,AL,0.9,71.0,201.0,175.0,26.0,40.0,8.0,27.0,2.0,22.0,58.0,0.315,0.383,0.698,96.0,67.0,1.0,2.0,*89H7/D
Brice Matthews,24.0,HOU,AL,0.2,70.0,201.0,185.0,19.0,37.0,6.0,18.0,2.0,13.0,66.0,0.251,0.335,0.586,62.0,62.0,2.0,1.0,*784H/5
Will Smith,31.0,LAD,NL,1.1,52.0,201.0,173.0,23.0,43.0,6.0,23.0,0.0,23.0,34.0,0.338,0.382,0.72,102.0,66.0,0.0,3.0,2/HD
Mookie Betts,33.0,LAD,NL,1.5,46.0,200.0,183.0,28.0,42.0,9.0,21.0,1.0,15.0,27.0,0.29,0.415,0.705,95.0,76.0,0.0,1.0,6
Nathan Church*,25.0,STL,NL,1.3,60.0,199.0,184.0,25.0,49.0,5.0,20.0,5.0,11.0,43.0,0.312,0.408,0.719,103.0,75.0,0.0,2.0,*78/H9
Nathaniel Lowe*,30.0,CIN,NL,0.6,62.0,197.0,172.0,19.0,44.0,9.0,25.0,0.0,25.0,48.0,0.35,0.477,0.827,125.0,82.0,0.0,0.0,D3H
Michael Massey*,28.0,KCR,AL,1.1,63.0,196.0,184.0,24.0,49.0,7.0,27.0,2.0,7.0,32.0,0.289,0.457,0.745,107.0,84.0,2.0,3.0,*4/H759
Blaze Alexander,27.0,BAL,AL,1.2,68.0,194.0,174.0,22.0,53.0,3.0,23.0,8.0,12.0,42.0,0.358,0.437,0.795,123.0,76.0,2.0,1.0,546/87H9
Nick Fortes,29.0,TBR,AL,-0.3,61.0,194.0,179.0,19.0,45.0,1.0,15.0,0.0,5.0,23.0,0.297,0.324,0.621,72.0,58.0,2.0,1.0,*2H/D
Royce Lewis,27.0,MIN,AL,0.3,48.0,192.0,170.0,19.0,35.0,7.0,21.0,5.0,18.0,53.0,0.286,0.365,0.651,79.0,62.0,0.0,2.0,53/4
Logan O'Hoppe,26.0,LAA,AL,0.4,56.0,190.0,171.0,19.0,41.0,4.0,21.0,0.0,14.0,46.0,0.307,0.357,0.664,87.0,61.0,1.0,1.0,*2/H
Javier Sanoja,23.0,MIA,NL,0.4,64.0,190.0,177.0,14.0,44.0,2.0,25.0,3.0,11.0,20.0,0.291,0.356,0.647,83.0,63.0,1.0,1.0,57/46H198
Dominic Smith*,31.0,ATL,NL,0.5,65.0,190.0,172.0,26.0,48.0,6.0,31.0,0.0,11.0,25.0,0.317,0.424,0.742,108.0,73.0,1.0,5.0,DH/37
Gleyber Torres,29.0,DET,AL,1.8,43.0,190.0,157.0,26.0,44.0,4.0,18.0,0.0,29.0,33.0,0.395,0.395,0.79,120.0,62.0,0.0,2.0,4/D
Ben Williamson,25.0,TBR,AL,0.6,58.0,189.0,170.0,23.0,40.0,1.0,19.0,5.0,17.0,37.0,0.309,0.312,0.62,73.0,53.0,1.0,0.0,46H/51D
Alex Freeland#,24.0,LAD,NL,1.1,58.0,188.0,162.0,20.0,39.0,3.0,17.0,1.0,20.0,52.0,0.324,0.34,0.664,87.0,55.0,3.0,2.0,*4/H6
Jake Mangum#,30.0,PIT,NL,0.4,61.0,188.0,172.0,22.0,50.0,1.0,14.0,14.0,10.0,33.0,0.335,0.349,0.684,89.0,60.0,3.0,1.0,*789H
Joey Ortiz,27.0,MIL,NL,0.0,66.0,188.0,162.0,18.0,32.0,1.0,15.0,5.0,20.0,34.0,0.281,0.247,0.528,48.0,40.0,3.0,3.0,*6/H5D
Richie Palacios*,29.0,TBR,AL,0.3,57.0,188.0,162.0,23.0,39.0,1.0,21.0,7.0,22.0,37.0,0.34,0.321,0.661,85.0,52.0,0.0,1.0,*4H/579D
Jeremy Peña,28.0,HOU,AL,2.0,45.0,188.0,169.0,31.0,49.0,6.0,19.0,8.0,15.0,30.0,0.356,0.45,0.806,124.0,76.0,0.0,1.0,6/H
Zach McKinstry*,31.0,DET,AL,-0.5,56.0,186.0,162.0,11.0,29.0,2.0,12.0,1.0,20.0,35.0,0.266,0.265,0.532,48.0,43.0,2.0,2.0,469/H58
Victor Scott II*,25.0,STL,NL,-0.6,61.0,184.0,155.0,19.0,30.0,2.0,9.0,9.0,16.0,44.0,0.276,0.258,0.534,53.0,40.0,10.0,1.0,*8/DH
Francisco Alvarez,24.0,NYM,NL,0.3,51.0,183.0,163.0,17.0,42.0,8.0,18.0,0.0,15.0,44.0,0.326,0.436,0.762,111.0,71.0,0.0,1.0,2/DH
Kyle Isbel*,29.0,KCR,AL,0.3,56.0,183.0,164.0,16.0,40.0,3.0,11.0,5.0,10.0,41.0,0.298,0.354,0.651,84.0,58.0,5.0,1.0,*8/H
Kerry Carpenter*,28.0,DET,AL,0.1,58.0,182.0,160.0,18.0,35.0,10.0,29.0,0.0,15.0,56.0,0.297,0.456,0.753,105.0,73.0,0.0,3.0,9DH/7
Drew Gilbert*,25.0,SFG,NL,0.2,61.0,182.0,159.0,18.0,37.0,3.0,15.0,0.0,17.0,33.0,0.322,0.365,0.687,97.0,58.0,2.0,0.0,*87H/9
Austin Wells*,26.0,NYY,AL,-0.3,52.0,182.0,158.0,16.0,26.0,4.0,8.0,0.0,23.0,50.0,0.269,0.253,0.522,47.0,40.0,0.0,1.0,2/H
TJ Friedl*,30.0,CIN,NL,-0.6,47.0,178.0,156.0,15.0,28.0,2.0,8.0,5.0,13.0,42.0,0.259,0.256,0.515,42.0,40.0,4.0,1.0,87/H
José Fernández,22.0,ARI,NL,-0.2,55.0,177.0,165.0,23.0,42.0,3.0,15.0,7.0,7.0,40.0,0.289,0.352,0.641,77.0,58.0,4.0,0.0,D35H/6
Brady House,23.0,WSN,NL,0.1,44.0,177.0,163.0,22.0,37.0,7.0,25.0,1.0,13.0,50.0,0.282,0.399,0.681,89.0,65.0,0.0,1.0,5/DH
Ty France,31.0,SDP,NL,1.3,57.0,176.0,163.0,19.0,41.0,9.0,26.0,1.0,9.0,45.0,0.297,0.485,0.782,115.0,79.0,0.0,1.0,*3/H5D
Vaughn Grissom,25.0,LAA,AL,0.0,46.0,176.0,153.0,17.0,36.0,4.0,30.0,0.0,15.0,20.0,0.314,0.379,0.693,95.0,58.0,0.0,3.0,345/HD
Heliot Ramos,26.0,SFG,NL,0.3,44.0,176.0,165.0,19.0,44.0,4.0,20.0,0.0,10.0,47.0,0.307,0.424,0.731,107.0,70.0,0.0,1.0,7/H
Keibert Ruiz#,27.0,WSN,NL,0.9,52.0,176.0,167.0,22.0,46.0,6.0,29.0,2.0,5.0,24.0,0.301,0.473,0.774,114.0,79.0,0.0,2.0,2/H
Trevor Story,33.0,BOS,AL,-0.1,41.0,176.0,165.0,16.0,34.0,3.0,19.0,4.0,8.0,57.0,0.244,0.303,0.547,55.0,50.0,0.0,2.0,6/D
Moisés Ballesteros*,22.0,CHC,NL,0.3,59.0,175.0,156.0,16.0,36.0,6.0,23.0,1.0,17.0,36.0,0.303,0.385,0.687,96.0,60.0,0.0,2.0,DH/2
Wenceel Pérez#,26.0,DET,AL,-0.7,53.0,175.0,161.0,22.0,29.0,7.0,17.0,3.0,14.0,29.0,0.246,0.348,0.594,62.0,56.0,0.0,0.0,98/H7D
Heriberto Hernández,26.0,MIA,NL,0.7,52.0,174.0,157.0,17.0,36.0,8.0,29.0,5.0,15.0,43.0,0.299,0.414,0.713,100.0,65.0,0.0,1.0,7H/9D
Masataka Yoshida*,32.0,BOS,AL,-0.2,53.0,173.0,152.0,16.0,36.0,1.0,10.0,2.0,17.0,21.0,0.324,0.316,0.639,83.0,48.0,0.0,1.0,DH/7
Edgar Quero#,23.0,CHW,AL,-0.9,55.0,172.0,150.0,12.0,28.0,2.0,15.0,1.0,12.0,41.0,0.253,0.233,0.486,38.0,35.0,2.0,5.0,2H/D
Christian Vázquez,35.0,HOU,AL,0.4,54.0,171.0,155.0,16.0,33.0,4.0,19.0,0.0,13.0,28.0,0.274,0.329,0.603,68.0,51.0,3.0,0.0,2/HD
Mickey Moniak*,28.0,COL,NL,0.9,46.0,170.0,156.0,22.0,44.0,12.0,28.0,1.0,10.0,43.0,0.335,0.596,0.931,141.0,93.0,0.0,1.0,789D/H
Wyatt Langford,24.0,TEX,AL,1.6,39.0,168.0,157.0,22.0,42.0,8.0,20.0,5.0,10.0,37.0,0.315,0.49,0.806,132.0,77.0,0.0,0.0,78/D
Jorbit Vivas*,25.0,WSN,NL,0.0,59.0,168.0,145.0,20.0,37.0,3.0,14.0,0.0,14.0,22.0,0.333,0.366,0.699,97.0,53.0,2.0,2.0,54H/D1
Brandon Valenzuela#,25.0,TOR,AL,1.3,51.0,164.0,144.0,17.0,36.0,7.0,19.0,1.0,18.0,40.0,0.331,0.438,0.769,108.0,63.0,1.0,1.0,2/H
Jared Triolo,28.0,PIT,NL,0.1,48.0,162.0,145.0,14.0,33.0,0.0,9.0,5.0,13.0,39.0,0.3,0.269,0.569,59.0,39.0,1.0,0.0,65/39HD
Patrick Bailey#,27.0,2TM,2LG,0.0,54.0,162.0,149.0,13.0,27.0,2.0,12.0,2.0,12.0,41.0,0.241,0.255,0.496,41.0,38.0,0.0,1.0,2/H
Patrick Bailey#,27.0,SFG,NL,-0.3,30.0,89.0,82.0,5.0,12.0,1.0,5.0,2.0,7.0,22.0,0.213,0.183,0.396,15.0,15.0,0.0,0.0,2
Patrick Bailey#,27.0,CLE,AL,0.3,24.0,73.0,67.0,8.0,15.0,1.0,7.0,0.0,5.0,19.0,0.274,0.343,0.617,73.0,23.0,0.0,1.0,2/H
A.J. Ewing*,21.0,NYM,NL,1.2,41.0,159.0,138.0,16.0,36.0,3.0,15.0,8.0,18.0,41.0,0.344,0.391,0.735,106.0,54.0,2.0,1.0,8/H
Nathan Lukes*,31.0,TOR,AL,0.9,47.0,159.0,145.0,17.0,43.0,3.0,15.0,0.0,7.0,26.0,0.344,0.414,0.758,106.0,60.0,2.0,1.0,978/H
Nick Loftin,27.0,KCR,AL,0.2,46.0,158.0,133.0,21.0,33.0,3.0,24.0,1.0,17.0,20.0,0.344,0.421,0.765,115.0,56.0,1.0,3.0,45/H367
Dalton Rushing*,25.0,LAD,NL,1.1,47.0,157.0,139.0,21.0,34.0,8.0,22.0,0.0,14.0,43.0,0.331,0.468,0.799,121.0,65.0,0.0,0.0,2/H3D
José Tena*,25.0,WSN,NL,-0.4,60.0,157.0,145.0,20.0,32.0,3.0,16.0,2.0,11.0,52.0,0.28,0.366,0.646,80.0,53.0,0.0,0.0,DH/4795
Bryce Eldridge*,21.0,SFG,NL,0.8,39.0,156.0,133.0,21.0,37.0,6.0,16.0,0.0,22.0,34.0,0.378,0.481,0.859,145.0,64.0,0.0,1.0,D3/H
Henry Davis,26.0,PIT,NL,0.2,51.0,155.0,135.0,16.0,20.0,6.0,19.0,2.0,14.0,32.0,0.247,0.319,0.565,55.0,43.0,1.0,1.0,2/HD
Blake Dunn,27.0,CIN,NL,1.0,37.0,152.0,140.0,20.0,39.0,2.0,6.0,6.0,10.0,32.0,0.336,0.386,0.721,98.0,54.0,0.0,0.0,89/H7D
Adrian Del Castillo*,26.0,ARI,NL,-0.5,47.0,150.0,137.0,11.0,26.0,4.0,20.0,0.0,12.0,44.0,0.253,0.307,0.56,55.0,42.0,0.0,1.0,D2/H31
Tristan Gray*,30.0,MIN,AL,-0.5,52.0,150.0,137.0,14.0,34.0,4.0,28.0,2.0,8.0,46.0,0.289,0.372,0.661,82.0,51.0,1.0,3.0,65/H43
Carlos Narváez,27.0,BOS,AL,-0.1,46.0,149.0,132.0,15.0,27.0,2.0,4.0,1.0,11.0,47.0,0.279,0.295,0.574,64.0,39.0,2.0,1.0,2/DH
Gary Sánchez,33.0,MIL,NL,0.3,46.0,149.0,121.0,22.0,26.0,7.0,21.0,0.0,25.0,30.0,0.356,0.438,0.794,119.0,53.0,0.0,1.0,2DH/3
Kyle Higashioka,36.0,TEX,AL,0.5,44.0,148.0,133.0,16.0,31.0,5.0,14.0,0.0,14.0,40.0,0.311,0.368,0.679,99.0,49.0,0.0,0.0,2/DH1
Ryan Jeffers,29.0,MIN,AL,1.8,37.0,148.0,122.0,26.0,36.0,7.0,26.0,1.0,23.0,23.0,0.408,0.541,0.949,161.0,66.0,0.0,1.0,2/DH
Tyler O'Neill,31.0,BAL,AL,-0.6,48.0,148.0,131.0,15.0,24.0,2.0,8.0,1.0,15.0,41.0,0.277,0.267,0.544,55.0,35.0,0.0,0.0,9H/D
Max Muncy,23.0,ATH,AL,-0.8,39.0,147.0,131.0,20.0,30.0,5.0,20.0,3.0,9.0,47.0,0.293,0.42,0.712,92.0,55.0,0.0,3.0,5/DH6
Freddy Fermin,31.0,SDP,NL,0.2,52.0,146.0,124.0,14.0,18.0,3.0,11.0,0.0,15.0,30.0,0.245,0.258,0.503,42.0,32.0,3.0,2.0,2
Luis Torrens,30.0,NYM,NL,0.7,49.0,146.0,134.0,15.0,29.0,1.0,15.0,0.0,6.0,32.0,0.271,0.306,0.577,62.0,41.0,2.0,0.0,2/H3D
Luisangel Acuña,24.0,CHW,AL,-0.5,57.0,145.0,133.0,14.0,28.0,1.0,10.0,14.0,7.0,26.0,0.252,0.248,0.5,41.0,33.0,2.0,2.0,86H/14D
Jonny DeLuca,27.0,TBR,AL,0.7,47.0,145.0,137.0,19.0,37.0,4.0,23.0,7.0,6.0,30.0,0.301,0.453,0.753,105.0,62.0,2.0,0.0,98H/D7
MJ Melendez*,27.0,NYM,NL,-0.3,56.0,144.0,120.0,14.0,23.0,4.0,11.0,0.0,17.0,50.0,0.315,0.35,0.665,87.0,42.0,1.0,1.0,D7H/9
Alejandro Osuna*,23.0,TEX,AL,0.4,47.0,144.0,123.0,14.0,32.0,0.0,12.0,4.0,13.0,21.0,0.364,0.293,0.656,96.0,36.0,1.0,0.0,78/9H
Henry Bolte,22.0,ATH,AL,1.5,39.0,143.0,122.0,12.0,39.0,2.0,10.0,9.0,13.0,39.0,0.406,0.418,0.824,126.0,51.0,0.0,2.0,8/H
Pedro Pagés,27.0,STL,NL,-0.2,44.0,143.0,129.0,12.0,28.0,4.0,11.0,2.0,6.0,35.0,0.259,0.357,0.616,73.0,46.0,4.0,2.0,2/3
Myles Straw,31.0,TOR,AL,0.0,70.0,143.0,126.0,24.0,31.0,2.0,12.0,2.0,13.0,21.0,0.312,0.341,0.653,78.0,43.0,2.0,2.0,*H798/D1
Danny Jansen,31.0,TEX,AL,0.5,41.0,142.0,123.0,11.0,21.0,3.0,12.0,1.0,13.0,40.0,0.277,0.309,0.586,72.0,38.0,1.0,0.0,2/HD
Carlos Correa,31.0,HOU,AL,1.3,32.0,141.0,122.0,22.0,34.0,3.0,16.0,1.0,18.0,26.0,0.369,0.418,0.787,120.0,51.0,0.0,1.0,65
Matt Shaw,24.0,CHC,NL,0.6,53.0,140.0,126.0,18.0,31.0,4.0,20.0,4.0,9.0,26.0,0.309,0.421,0.73,107.0,53.0,1.0,1.0,9HD/45378
Edmundo Sosa,30.0,PHI,NL,0.1,46.0,139.0,129.0,17.0,30.0,5.0,24.0,2.0,3.0,31.0,0.268,0.403,0.671,80.0,52.0,0.0,2.0,4756/HD
Ryan Vilade,27.0,TBR,AL,0.7,47.0,139.0,123.0,12.0,34.0,5.0,27.0,3.0,12.0,28.0,0.333,0.463,0.797,118.0,57.0,1.0,3.0,9H37/4D
Josh Lowe*,28.0,LAA,AL,-1.1,46.0,138.0,129.0,8.0,24.0,5.0,14.0,1.0,6.0,41.0,0.226,0.318,0.544,52.0,41.0,1.0,1.0,7/H89
Yohendrick Piñango*,24.0,TOR,AL,-0.1,43.0,136.0,127.0,10.0,36.0,4.0,18.0,0.0,9.0,30.0,0.331,0.433,0.764,106.0,55.0,0.0,0.0,79/HD
Matt Wallner*,28.0,MIN,AL,-1.3,34.0,135.0,120.0,14.0,20.0,4.0,10.0,0.0,10.0,53.0,0.259,0.292,0.551,53.0,35.0,0.0,0.0,9/H
Darell Hernaiz,24.0,ATH,AL,-0.2,47.0,134.0,118.0,12.0,28.0,1.0,7.0,3.0,13.0,23.0,0.318,0.288,0.606,67.0,34.0,2.0,0.0,654/H9
Jake Meyers,30.0,HOU,AL,0.0,46.0,134.0,123.0,13.0,25.0,3.0,11.0,1.0,9.0,28.0,0.261,0.317,0.578,61.0,39.0,0.0,1.0,8/H
Miguel Amaya,27.0,CHC,NL,0.9,45.0,133.0,108.0,18.0,24.0,3.0,10.0,0.0,16.0,27.0,0.359,0.352,0.711,105.0,38.0,1.0,0.0,2D/H3
Andruw Monasterio,29.0,BOS,AL,-0.3,47.0,133.0,125.0,14.0,28.0,3.0,12.0,1.0,8.0,33.0,0.271,0.376,0.647,82.0,47.0,0.0,0.0,4H6D/35
Lourdes Gurriel Jr.,32.0,ARI,NL,-0.3,32.0,132.0,121.0,8.0,27.0,1.0,16.0,1.0,8.0,24.0,0.273,0.298,0.57,59.0,36.0,0.0,2.0,7/D
Isiah Kiner-Falefa,31.0,BOS,AL,1.3,47.0,132.0,119.0,19.0,33.0,2.0,13.0,7.0,12.0,18.0,0.344,0.361,0.705,101.0,43.0,1.0,0.0,46/5HD3
Amed Rosario,30.0,NYY,AL,0.0,43.0,132.0,121.0,16.0,30.0,7.0,22.0,1.0,8.0,29.0,0.288,0.471,0.759,108.0,57.0,0.0,3.0,5/H497D
Hyeseong Kim*,27.0,LAD,NL,0.5,43.0,131.0,116.0,16.0,30.0,1.0,11.0,5.0,12.0,31.0,0.323,0.328,0.651,84.0,38.0,0.0,2.0,64/7H
Roman Anthony*,22.0,BOS,AL,0.8,30.0,130.0,109.0,12.0,25.0,1.0,5.0,2.0,20.0,33.0,0.354,0.321,0.675,94.0,35.0,0.0,0.0,7D/9H
Drew Millas#,28.0,WSN,NL,-0.5,44.0,130.0,113.0,16.0,20.0,2.0,9.0,0.0,10.0,30.0,0.262,0.265,0.527,49.0,30.0,2.0,0.0,2/H
Yoán Moncada#,31.0,LAA,AL,-0.3,41.0,130.0,111.0,9.0,21.0,3.0,10.0,1.0,17.0,45.0,0.308,0.297,0.605,73.0,33.0,0.0,0.0,5/HD
Miguel Rojas,37.0,LAD,NL,0.6,52.0,130.0,114.0,12.0,31.0,2.0,13.0,0.0,9.0,14.0,0.328,0.377,0.705,98.0,43.0,2.0,3.0,H46/513D
Andrew Vaughn,28.0,MIL,NL,1.3,40.0,130.0,111.0,16.0,39.0,2.0,24.0,0.0,16.0,14.0,0.438,0.532,0.97,167.0,59.0,0.0,1.0,3H/D5
Yainer Diaz,27.0,HOU,AL,-0.2,32.0,129.0,122.0,9.0,30.0,3.0,16.0,0.0,5.0,20.0,0.271,0.369,0.64,77.0,45.0,0.0,2.0,2/DH
Dane Myers,30.0,CIN,NL,0.2,60.0,129.0,110.0,17.0,28.0,3.0,13.0,5.0,16.0,32.0,0.357,0.382,0.738,103.0,42.0,0.0,1.0,8H/D
Agustín Ramírez,24.0,MIA,NL,-0.2,31.0,129.0,113.0,14.0,26.0,2.0,14.0,3.0,13.0,28.0,0.318,0.345,0.663,89.0,39.0,0.0,1.0,2D/H
Dylan Crews,24.0,WSN,NL,0.5,32.0,128.0,122.0,19.0,28.0,5.0,17.0,3.0,2.0,26.0,0.266,0.385,0.651,81.0,47.0,0.0,0.0,98/7HD
David Fry,30.0,CLE,AL,0.0,51.0,128.0,109.0,14.0,23.0,4.0,9.0,0.0,19.0,39.0,0.328,0.358,0.686,94.0,39.0,0.0,0.0,H9D7/253
Ke'Bryan Hayes,29.0,CIN,NL,-0.2,44.0,128.0,120.0,10.0,17.0,2.0,5.0,1.0,8.0,20.0,0.195,0.225,0.42,15.0,27.0,0.0,0.0,5/H
Joe Mack*,23.0,MIA,NL,0.8,38.0,128.0,116.0,18.0,30.0,4.0,18.0,0.0,9.0,33.0,0.317,0.405,0.723,104.0,47.0,2.0,0.0,2/H
Alex Call,31.0,LAD,NL,0.8,49.0,124.0,103.0,19.0,27.0,1.0,16.0,1.0,16.0,18.0,0.371,0.34,0.711,102.0,35.0,0.0,2.0,7H/98D
Michael Conforto*,33.0,CHC,NL,0.2,50.0,124.0,107.0,14.0,24.0,4.0,15.0,1.0,16.0,38.0,0.323,0.43,0.752,114.0,46.0,0.0,1.0,DH97
Jonah Heim#,31.0,2TM,2LG,0.6,37.0,124.0,111.0,15.0,27.0,6.0,18.0,0.0,11.0,21.0,0.306,0.477,0.784,113.0,53.0,0.0,2.0,2/HD35
Jonah Heim#,31.0,ATL,NL,-0.2,12.0,45.0,39.0,4.0,9.0,1.0,8.0,0.0,5.0,5.0,0.311,0.41,0.721,102.0,16.0,0.0,1.0,2
Jonah Heim#,31.0,ATH,AL,0.8,25.0,79.0,72.0,11.0,18.0,5.0,10.0,0.0,6.0,16.0,0.304,0.514,0.818,118.0,37.0,0.0,1.0,2/HD35
José Fermín,27.0,STL,NL,0.0,45.0,123.0,112.0,13.0,31.0,3.0,15.0,3.0,9.0,18.0,0.328,0.402,0.73,106.0,45.0,0.0,1.0,7H8/54693
Nick Castellanos,34.0,SDP,NL,-1.0,39.0,122.0,115.0,9.0,22.0,4.0,20.0,2.0,5.0,34.0,0.221,0.339,0.56,54.0,39.0,0.0,2.0,9/DH73
Brenton Doyle,28.0,COL,NL,-0.4,43.0,122.0,111.0,21.0,23.0,1.0,4.0,9.0,11.0,40.0,0.279,0.27,0.549,47.0,30.0,0.0,0.0,8/H
Ryan Waldschmidt,23.0,ARI,NL,0.3,33.0,122.0,112.0,11.0,29.0,0.0,8.0,5.0,8.0,40.0,0.314,0.357,0.671,87.0,40.0,0.0,0.0,87/DH
Hao-Yu Lee,23.0,DET,AL,-0.2,43.0,121.0,115.0,8.0,29.0,2.0,10.0,1.0,5.0,34.0,0.283,0.365,0.649,78.0,42.0,1.0,0.0,45/HD
Anthony Volpe,25.0,NYY,AL,0.9,32.0,121.0,104.0,16.0,27.0,1.0,13.0,7.0,17.0,27.0,0.364,0.356,0.719,102.0,37.0,0.0,0.0,6/H
Austin Hedges,33.0,CLE,AL,0.6,38.0,120.0,105.0,12.0,28.0,1.0,9.0,1.0,10.0,20.0,0.333,0.362,0.695,96.0,38.0,3.0,1.0,2/1H
Leo Rivas#,28.0,SEA,AL,-0.1,38.0,120.0,99.0,9.0,13.0,0.0,7.0,2.0,15.0,36.0,0.263,0.172,0.434,28.0,17.0,2.0,1.0,56/DH
Jorge Barrosa#,25.0,ARI,NL,0.0,56.0,119.0,105.0,15.0,19.0,2.0,9.0,0.0,9.0,35.0,0.252,0.352,0.605,66.0,37.0,4.0,0.0,*897/H
Dylan Beavers*,24.0,BAL,AL,-0.2,33.0,119.0,103.0,16.0,25.0,2.0,12.0,3.0,14.0,28.0,0.331,0.369,0.699,97.0,38.0,1.0,1.0,9/D87H
Randal Grichuk,34.0,2TM,AL,0.4,52.0,118.0,111.0,21.0,30.0,9.0,22.0,0.0,5.0,28.0,0.305,0.586,0.891,142.0,65.0,0.0,1.0,HD7/9
Randal Grichuk,34.0,NYY,AL,-0.3,16.0,33.0,31.0,8.0,6.0,0.0,2.0,0.0,1.0,10.0,0.212,0.323,0.535,47.0,10.0,0.0,1.0,7/DH9
Randal Grichuk,34.0,CHW,AL,0.8,36.0,85.0,80.0,13.0,24.0,9.0,20.0,0.0,4.0,18.0,0.341,0.688,1.029,180.0,55.0,0.0,0.0,HD/97
Davis Schneider,27.0,TOR,AL,-0.4,48.0,117.0,97.0,16.0,15.0,3.0,12.0,1.0,18.0,38.0,0.284,0.299,0.583,60.0,29.0,1.0,1.0,7H4/D
Josh Smith*,28.0,TEX,AL,-0.3,34.0,117.0,101.0,6.0,22.0,0.0,6.0,2.0,14.0,22.0,0.316,0.248,0.564,69.0,25.0,0.0,1.0,4/HD5
Lenyn Sosa,26.0,2TM,AL,-0.9,40.0,117.0,113.0,11.0,22.0,1.0,9.0,0.0,1.0,25.0,0.207,0.283,0.49,33.0,32.0,1.0,1.0,43/DH
Lenyn Sosa,26.0,CHW,AL,-0.3,12.0,33.0,33.0,2.0,7.0,0.0,3.0,0.0,0.0,7.0,0.212,0.303,0.515,43.0,10.0,0.0,0.0,/DH34
Lenyn Sosa,26.0,TOR,AL,-0.6,28.0,84.0,80.0,9.0,15.0,1.0,6.0,0.0,1.0,18.0,0.205,0.275,0.48,29.0,22.0,1.0,1.0,43/HD
Mitch Garver,35.0,SEA,AL,0.4,38.0,116.0,97.0,15.0,18.0,3.0,11.0,0.0,18.0,36.0,0.319,0.299,0.618,79.0,29.0,0.0,0.0,2/DH
Rob Refsnyder,35.0,SEA,AL,-1.0,48.0,116.0,102.0,8.0,14.0,3.0,9.0,0.0,7.0,31.0,0.209,0.225,0.434,25.0,23.0,1.0,3.0,DH9/7
Mickey Gasper#,30.0,BOS,AL,0.2,33.0,115.0,103.0,11.0,26.0,0.0,6.0,0.0,9.0,21.0,0.316,0.32,0.636,82.0,33.0,1.0,1.0,2D/H3
Daniel Susac,25.0,SFG,NL,0.3,37.0,115.0,103.0,5.0,27.0,0.0,14.0,1.0,6.0,27.0,0.31,0.33,0.64,84.0,34.0,2.0,2.0,2/H5
Will Benson*,28.0,CIN,NL,-0.3,51.0,114.0,96.0,11.0,18.0,3.0,6.0,1.0,16.0,38.0,0.31,0.333,0.643,77.0,32.0,0.0,0.0,9H/78D
Jake Cronenworth*,32.0,SDP,NL,-0.3,32.0,114.0,97.0,13.0,14.0,1.0,4.0,1.0,14.0,23.0,0.272,0.196,0.468,35.0,19.0,0.0,0.0,4/56H
Derek Hill,30.0,2TM,2LG,0.4,61.0,114.0,104.0,15.0,26.0,6.0,13.0,7.0,7.0,39.0,0.304,0.442,0.746,105.0,46.0,2.0,0.0,*9H87/D
Derek Hill,30.0,CHW,AL,-0.1,50.0,90.0,80.0,11.0,17.0,4.0,8.0,7.0,7.0,29.0,0.284,0.375,0.659,83.0,30.0,2.0,0.0,9H78/D
Derek Hill,30.0,PHI,NL,0.5,11.0,24.0,24.0,4.0,9.0,2.0,5.0,0.0,0.0,10.0,0.375,0.667,1.042,176.0,16.0,0.0,0.0,/98H7
Jorge Mateo,31.0,ATL,NL,0.7,51.0,113.0,107.0,25.0,28.0,4.0,11.0,7.0,6.0,33.0,0.301,0.421,0.721,102.0,45.0,0.0,0.0,6H/D14
Brett Sullivan*,32.0,COL,NL,-0.4,40.0,113.0,104.0,8.0,22.0,4.0,13.0,0.0,5.0,22.0,0.25,0.385,0.635,66.0,40.0,1.0,2.0,2/H1D3
Colt Emerson*,20.0,SEA,AL,0.6,32.0,112.0,102.0,13.0,21.0,6.0,16.0,1.0,8.0,36.0,0.277,0.451,0.728,105.0,46.0,0.0,0.0,65/DH
Harrison Bader,32.0,SFG,NL,0.2,30.0,111.0,106.0,10.0,18.0,5.0,14.0,0.0,4.0,34.0,0.198,0.358,0.557,55.0,38.0,0.0,1.0,8/H
Francisco Lindor#,32.0,NYM,NL,0.2,25.0,110.0,98.0,14.0,21.0,2.0,5.0,2.0,11.0,19.0,0.3,0.337,0.637,79.0,33.0,0.0,0.0,6
Eli White,32.0,ATL,NL,0.7,49.0,110.0,102.0,12.0,22.0,3.0,14.0,3.0,6.0,23.0,0.264,0.363,0.626,75.0,37.0,0.0,1.0,97H8/D
Hunter Feduccia*,29.0,TBR,AL,0.0,43.0,108.0,93.0,11.0,21.0,1.0,8.0,0.0,11.0,33.0,0.311,0.29,0.602,68.0,27.0,2.0,1.0,2/HD
Drew Romo#,24.0,CHW,AL,-0.1,30.0,106.0,93.0,9.0,13.0,5.0,11.0,1.0,10.0,27.0,0.229,0.344,0.573,58.0,32.0,1.0,1.0,2/3
Jared Young*,30.0,NYM,NL,0.8,36.0,106.0,95.0,13.0,23.0,6.0,13.0,0.0,9.0,23.0,0.311,0.474,0.785,116.0,45.0,0.0,1.0,3/DH79
Joey Loperfido*,27.0,HOU,AL,0.2,34.0,105.0,89.0,13.0,21.0,1.0,11.0,1.0,13.0,24.0,0.337,0.371,0.707,98.0,33.0,0.0,1.0,7/H89
Tyrone Taylor,32.0,NYM,NL,-0.5,43.0,104.0,97.0,8.0,18.0,3.0,14.0,0.0,3.0,19.0,0.21,0.32,0.53,46.0,31.0,4.0,0.0,H897/D
Connor Wong,30.0,BOS,AL,0.9,33.0,103.0,89.0,12.0,24.0,1.0,12.0,2.0,9.0,22.0,0.356,0.393,0.75,113.0,35.0,2.0,0.0,2/HD
Brendan Donovan*,29.0,SEA,AL,0.6,25.0,101.0,84.0,9.0,23.0,3.0,8.0,1.0,11.0,15.0,0.386,0.452,0.839,140.0,38.0,0.0,1.0,5/DH
Wade Meckler*,26.0,LAA,AL,0.7,30.0,101.0,90.0,13.0,26.0,2.0,15.0,2.0,11.0,22.0,0.366,0.422,0.789,123.0,38.0,0.0,0.0,7/H9D
Jahmai Jones,28.0,DET,AL,-1.1,53.0,100.0,91.0,7.0,13.0,2.0,7.0,0.0,9.0,32.0,0.22,0.231,0.451,25.0,21.0,0.0,0.0,DH/79
Ryan Kreidler,28.0,MIN,AL,0.6,39.0,100.0,89.0,16.0,25.0,4.0,20.0,0.0,10.0,17.0,0.36,0.494,0.854,134.0,44.0,0.0,0.0,68H/57
Alek Thomas*,26.0,ARI,NL,-0.1,28.0,100.0,94.0,12.0,17.0,2.0,10.0,4.0,3.0,23.0,0.222,0.34,0.563,54.0,32.0,1.0,0.0,8
Jackson Holliday*,22.0,BAL,AL,-0.2,30.0,99.0,86.0,14.0,17.0,4.0,12.0,3.0,11.0,30.0,0.283,0.384,0.667,86.0,33.0,0.0,2.0,4/H56D
Starling Marte,37.0,KCR,AL,0.1,36.0,99.0,88.0,9.0,23.0,1.0,7.0,0.0,7.0,26.0,0.323,0.341,0.664,89.0,30.0,0.0,2.0,9DH/7
Luis Robert Jr.,28.0,NYM,NL,0.1,24.0,98.0,85.0,10.0,19.0,2.0,8.0,2.0,13.0,17.0,0.327,0.329,0.656,85.0,28.0,0.0,0.0,8/H
Brandon Lockridge,29.0,MIL,NL,0.4,28.0,96.0,85.0,9.0,25.0,0.0,12.0,5.0,10.0,25.0,0.368,0.341,0.71,99.0,29.0,1.0,0.0,7/8H3
Blake Perkins#,29.0,MIL,NL,0.3,48.0,96.0,85.0,12.0,13.0,1.0,11.0,3.0,9.0,22.0,0.242,0.247,0.489,36.0,21.0,1.0,0.0,8H9/7D
Giancarlo Stanton,36.0,NYY,AL,0.2,24.0,96.0,90.0,8.0,23.0,3.0,14.0,1.0,6.0,29.0,0.302,0.422,0.724,100.0,38.0,0.0,0.0,D/H
Endy Rodríguez#,26.0,PIT,NL,0.6,28.0,94.0,76.0,12.0,20.0,3.0,11.0,2.0,17.0,23.0,0.398,0.447,0.845,133.0,34.0,0.0,0.0,2/H3
Tyler Heineman#,35.0,2TM,AL,-0.2,34.0,94.0,84.0,7.0,14.0,1.0,6.0,0.0,3.0,20.0,0.222,0.226,0.448,23.0,19.0,4.0,0.0,2/1HD
Tyler Heineman#,35.0,TOR,AL,-0.3,31.0,87.0,78.0,6.0,12.0,1.0,6.0,0.0,2.0,19.0,0.205,0.205,0.41,12.0,16.0,4.0,0.0,2/1HD
Tyler Heineman#,35.0,LAA,AL,0.1,3.0,7.0,6.0,1.0,2.0,0.0,0.0,0.0,1.0,1.0,0.429,0.5,0.929,162.0,3.0,0.0,0.0,/2
Adam Frazier*,34.0,LAA,AL,0.1,40.0,93.0,81.0,15.0,17.0,1.0,6.0,0.0,9.0,28.0,0.297,0.333,0.63,78.0,27.0,2.0,0.0,4H/71D
Tommy Troy,24.0,ARI,NL,0.5,27.0,93.0,83.0,17.0,20.0,3.0,7.0,0.0,10.0,19.0,0.323,0.41,0.732,102.0,34.0,0.0,0.0,7/8DH
J.C. Escarra*,31.0,NYY,AL,0.0,32.0,92.0,85.0,8.0,16.0,0.0,7.0,0.0,6.0,18.0,0.239,0.271,0.51,42.0,23.0,0.0,1.0,2/H
Leo Jiménez,25.0,MIA,NL,-0.9,31.0,92.0,79.0,7.0,14.0,0.0,1.0,1.0,7.0,21.0,0.283,0.203,0.485,41.0,16.0,0.0,1.0,5/4DH6
Graham Pauley*,25.0,MIA,NL,-0.6,33.0,91.0,85.0,8.0,14.0,1.0,9.0,1.0,5.0,22.0,0.211,0.271,0.482,36.0,23.0,1.0,0.0,5/3H
James Outman*,29.0,2TM,AL,-0.2,59.0,91.0,83.0,11.0,13.0,1.0,5.0,5.0,7.0,41.0,0.231,0.265,0.496,37.0,22.0,0.0,0.0,87H/9D
James Outman*,29.0,MIN,AL,-0.3,49.0,70.0,64.0,9.0,10.0,0.0,3.0,4.0,5.0,29.0,0.229,0.25,0.479,33.0,16.0,0.0,0.0,87H/9D
James Outman*,29.0,DET,AL,0.1,10.0,21.0,19.0,2.0,3.0,1.0,2.0,1.0,2.0,12.0,0.238,0.316,0.554,52.0,6.0,0.0,0.0,/8H
Jake Fraley*,31.0,TBR,AL,0.0,28.0,90.0,82.0,6.0,19.0,2.0,5.0,3.0,8.0,25.0,0.3,0.39,0.69,90.0,32.0,0.0,0.0,9/HD
Bo Naylor*,26.0,CLE,AL,-0.5,28.0,90.0,84.0,4.0,12.0,2.0,7.0,0.0,6.0,21.0,0.2,0.238,0.438,23.0,20.0,0.0,0.0,2/H
Taylor Trammell*,28.0,HOU,AL,0.4,32.0,90.0,82.0,11.0,23.0,2.0,9.0,1.0,6.0,32.0,0.337,0.439,0.776,115.0,36.0,1.0,0.0,87/HD9
Jordan Beck,25.0,COL,NL,-0.4,30.0,88.0,82.0,7.0,15.0,1.0,10.0,2.0,5.0,22.0,0.227,0.305,0.532,40.0,25.0,0.0,1.0,79/H
Esteury Ruiz,27.0,MIA,NL,0.7,46.0,88.0,74.0,19.0,19.0,4.0,9.0,14.0,8.0,25.0,0.356,0.541,0.897,151.0,40.0,0.0,1.0,97H/8D
Justin Foscue,27.0,TEX,AL,0.1,35.0,87.0,78.0,10.0,20.0,4.0,10.0,0.0,6.0,21.0,0.322,0.462,0.783,127.0,36.0,0.0,1.0,4H/D3
Noelvi Marté,24.0,CIN,NL,-0.6,27.0,87.0,80.0,9.0,16.0,3.0,4.0,4.0,7.0,23.0,0.264,0.363,0.627,70.0,29.0,0.0,0.0,9/H8
Nick Yorke,24.0,PIT,NL,-0.5,27.0,86.0,76.0,6.0,15.0,1.0,6.0,0.0,7.0,17.0,0.279,0.276,0.555,54.0,21.0,0.0,1.0,5/H937D
Andrew McCutchen,39.0,TEX,AL,-0.4,37.0,83.0,73.0,8.0,14.0,1.0,5.0,0.0,9.0,22.0,0.277,0.26,0.537,59.0,19.0,0.0,1.0,DH/79
Donovan Walton*,32.0,LAA,AL,0.7,26.0,83.0,79.0,13.0,26.0,3.0,11.0,0.0,3.0,14.0,0.354,0.532,0.885,147.0,42.0,1.0,0.0,5/DH4
Joey Wiemer,27.0,WSN,NL,0.6,32.0,83.0,70.0,16.0,20.0,3.0,12.0,1.0,12.0,29.0,0.398,0.514,0.912,155.0,36.0,0.0,0.0,98H/D1
Javier Báez,33.0,DET,AL,-0.4,24.0,82.0,78.0,10.0,20.0,2.0,6.0,1.0,2.0,16.0,0.28,0.397,0.678,85.0,31.0,0.0,1.0,68/4
Thomas Saggese,24.0,STL,NL,-0.7,32.0,82.0,76.0,9.0,14.0,1.0,4.0,1.0,6.0,26.0,0.244,0.276,0.52,48.0,21.0,0.0,0.0,7/6H54D
Nicky Lopez*,31.0,2TM,2LG,0.1,28.0,80.0,74.0,8.0,23.0,1.0,6.0,2.0,3.0,11.0,0.346,0.365,0.711,109.0,27.0,2.0,0.0,4/6H579
Nicky Lopez*,31.0,CHC,NL,-0.1,4.0,5.0,5.0,1.0,0.0,0.0,0.0,0.0,0.0,2.0,0.0,0.0,0.0,-100.0,0.0,0.0,0.0,/5H4
Nicky Lopez*,31.0,TEX,AL,0.2,24.0,75.0,69.0,7.0,23.0,1.0,6.0,2.0,3.0,9.0,0.37,0.391,0.761,124.0,27.0,2.0,0.0,4/6H79
Braden Shewmake*,28.0,HOU,AL,0.4,28.0,79.0,74.0,8.0,18.0,3.0,8.0,0.0,2.0,13.0,0.26,0.405,0.665,82.0,30.0,2.0,1.0,56/4H
Jose Siri,30.0,LAA,AL,0.9,32.0,79.0,69.0,17.0,20.0,4.0,16.0,1.0,6.0,19.0,0.351,0.507,0.858,139.0,35.0,2.0,1.0,78/H9
Jasson Domínguez#,23.0,NYY,AL,0.4,20.0,78.0,74.0,7.0,17.0,3.0,8.0,4.0,2.0,17.0,0.26,0.432,0.692,89.0,32.0,0.0,0.0,9/D7
Rafael Marchán#,27.0,PHI,NL,-0.4,26.0,78.0,75.0,4.0,8.0,2.0,6.0,0.0,1.0,14.0,0.141,0.187,0.328,-12.0,14.0,0.0,0.0,2/H
Jake Rogers,31.0,DET,AL,-0.1,24.0,78.0,67.0,6.0,10.0,1.0,6.0,1.0,7.0,25.0,0.234,0.254,0.487,35.0,17.0,1.0,2.0,2/1H
Everson Pereira,25.0,CHW,AL,-0.1,21.0,77.0,69.0,7.0,16.0,3.0,7.0,1.0,5.0,23.0,0.299,0.42,0.719,99.0,29.0,0.0,1.0,9/D8H7
Sterlin Thompson*,25.0,COL,NL,-0.3,27.0,77.0,69.0,7.0,16.0,2.0,10.0,0.0,5.0,21.0,0.312,0.377,0.688,82.0,26.0,0.0,0.0,7D/9H
Tim Tawa,27.0,ARI,NL,-0.6,33.0,76.0,64.0,6.0,11.0,1.0,8.0,0.0,9.0,18.0,0.27,0.266,0.536,50.0,17.0,2.0,1.0,7/H358D4
Austin Slater,33.0,3TM,2LG,0.0,28.0,74.0,65.0,6.0,15.0,0.0,3.0,4.0,8.0,21.0,0.311,0.277,0.588,67.0,18.0,0.0,1.0,9H/7D
Austin Slater,33.0,2TM,NL,-0.2,21.0,49.0,43.0,4.0,9.0,0.0,2.0,1.0,5.0,15.0,0.286,0.233,0.518,49.0,10.0,0.0,1.0,9H/7D
Austin Slater,33.0,MIA,NL,0.0,12.0,28.0,23.0,1.0,4.0,0.0,1.0,1.0,4.0,9.0,0.286,0.174,0.46,35.0,4.0,0.0,1.0,/9H
Austin Slater,33.0,NYM,NL,-0.1,9.0,21.0,20.0,3.0,5.0,0.0,1.0,0.0,1.0,6.0,0.286,0.3,0.586,65.0,6.0,0.0,0.0,/H7D9
Austin Slater,33.0,TBR,AL,0.1,7.0,25.0,22.0,2.0,6.0,0.0,1.0,3.0,3.0,6.0,0.36,0.364,0.724,102.0,8.0,0.0,0.0,/97H
Christopher Morel,27.0,MIA,NL,-0.5,22.0,73.0,68.0,3.0,11.0,0.0,1.0,1.0,4.0,28.0,0.219,0.206,0.425,22.0,14.0,0.0,0.0,3/DH
Colby Thomas,25.0,ATH,AL,-0.5,35.0,73.0,68.0,8.0,14.0,2.0,6.0,0.0,4.0,21.0,0.25,0.324,0.574,55.0,22.0,1.0,0.0,9H/7D8
Joey Bart,29.0,2TM,NL,0.1,25.0,73.0,69.0,10.0,17.0,3.0,9.0,0.0,2.0,21.0,0.274,0.391,0.665,82.0,27.0,0.0,1.0,2/HD
Joey Bart,29.0,PIT,NL,0.0,21.0,62.0,58.0,9.0,15.0,2.0,6.0,0.0,2.0,21.0,0.29,0.379,0.67,83.0,22.0,0.0,1.0,2/HD
Joey Bart,29.0,ATL,NL,0.1,4.0,11.0,11.0,1.0,2.0,1.0,3.0,0.0,0.0,0.0,0.182,0.455,0.636,72.0,5.0,0.0,0.0,/2
Ha-Seong Kim,30.0,ATL,NL,-1.0,23.0,72.0,65.0,4.0,5.0,0.0,3.0,1.0,7.0,18.0,0.167,0.077,0.244,-28.0,5.0,0.0,0.0,6/H
Nick Allen,27.0,HOU,AL,0.5,37.0,70.0,64.0,12.0,16.0,1.0,5.0,1.0,3.0,14.0,0.29,0.328,0.618,73.0,21.0,1.0,1.0,64/H5
Lars Nootbaar*,28.0,STL,NL,0.5,17.0,70.0,59.0,12.0,17.0,2.0,7.0,0.0,10.0,15.0,0.386,0.492,0.877,147.0,29.0,0.0,1.0,7/89HD
Spencer Jones*,25.0,NYY,AL,0.2,25.0,68.0,59.0,5.0,13.0,2.0,7.0,1.0,9.0,29.0,0.324,0.356,0.679,90.0,21.0,0.0,0.0,8/9DH
Jhonny Pereda,30.0,SEA,AL,0.1,19.0,68.0,63.0,8.0,17.0,2.0,4.0,0.0,4.0,11.0,0.324,0.365,0.689,97.0,23.0,0.0,0.0,2
Ramón Urías,32.0,STL,NL,0.1,25.0,68.0,57.0,9.0,9.0,2.0,5.0,0.0,6.0,12.0,0.279,0.316,0.595,69.0,18.0,0.0,1.0,5/H36
Rodolfo Durán,28.0,SDP,NL,0.2,26.0,67.0,59.0,7.0,8.0,3.0,7.0,0.0,7.0,17.0,0.239,0.339,0.578,60.0,20.0,0.0,0.0,2/H
Jarred Kelenic*,26.0,2TM,AL,-0.4,23.0,67.0,60.0,4.0,13.0,1.0,4.0,0.0,7.0,24.0,0.299,0.3,0.599,70.0,18.0,0.0,0.0,9/H7
Jarred Kelenic*,26.0,CHW,AL,-0.3,19.0,59.0,53.0,3.0,12.0,1.0,4.0,0.0,6.0,20.0,0.305,0.321,0.626,76.0,17.0,0.0,0.0,9/H
Jarred Kelenic*,26.0,TEX,AL,0.0,4.0,8.0,7.0,1.0,1.0,0.0,0.0,0.0,1.0,4.0,0.25,0.143,0.393,19.0,1.0,0.0,0.0,/7H
Eric Haase,33.0,SFG,NL,0.0,23.0,66.0,60.0,8.0,12.0,4.0,9.0,0.0,4.0,20.0,0.25,0.45,0.7,96.0,27.0,2.0,0.0,2/7H
Samad Taylor,27.0,SDP,NL,0.8,16.0,66.0,58.0,11.0,22.0,1.0,11.0,6.0,6.0,18.0,0.438,0.448,0.886,150.0,26.0,2.0,0.0,7/9H
Víctor Robles,29.0,SEA,AL,-0.6,27.0,64.0,61.0,4.0,14.0,0.0,2.0,3.0,3.0,10.0,0.266,0.262,0.528,52.0,16.0,0.0,0.0,9/78HD
James McCann,36.0,ARI,NL,-0.6,21.0,62.0,59.0,3.0,12.0,0.0,6.0,0.0,1.0,17.0,0.217,0.254,0.471,31.0,15.0,2.0,0.0,2/13DH
Edwin Arroyo#,22.0,CIN,NL,0.2,20.0,61.0,55.0,6.0,13.0,0.0,2.0,0.0,3.0,14.0,0.295,0.273,0.568,58.0,15.0,0.0,1.0,4/6H
Denzer Guzmán,22.0,LAA,AL,0.1,14.0,61.0,55.0,7.0,13.0,3.0,11.0,1.0,6.0,13.0,0.311,0.436,0.748,109.0,24.0,0.0,0.0,5
Jorge Polanco#,32.0,NYM,NL,-0.3,14.0,61.0,56.0,3.0,10.0,1.0,2.0,0.0,5.0,11.0,0.246,0.286,0.532,49.0,16.0,0.0,0.0,D/3
Denzel Clarke,26.0,ATH,AL,-0.4,22.0,60.0,53.0,4.0,9.0,0.0,6.0,2.0,4.0,24.0,0.228,0.189,0.417,16.0,10.0,3.0,0.0,8/H
Santiago Espinal,31.0,LAD,NL,0.2,36.0,60.0,56.0,5.0,15.0,1.0,7.0,0.0,1.0,8.0,0.276,0.375,0.651,81.0,21.0,2.0,1.0,54H/3D
Jacob Gonzalez*,24.0,CHW,AL,-0.1,19.0,60.0,53.0,5.0,10.0,1.0,5.0,0.0,5.0,16.0,0.283,0.245,0.529,50.0,13.0,0.0,0.0,3/H5
Víctor Mesa Jr.*,24.0,TBR,AL,0.1,20.0,60.0,50.0,8.0,9.0,3.0,8.0,0.0,9.0,15.0,0.305,0.36,0.665,84.0,18.0,1.0,0.0,9/HD8
Sung-Mun Song*,29.0,SDP,NL,-0.1,29.0,60.0,53.0,7.0,11.0,0.0,6.0,6.0,7.0,12.0,0.3,0.245,0.545,56.0,13.0,0.0,0.0,4/6H5
Ryan Ward*,28.0,LAD,NL,0.2,19.0,59.0,54.0,8.0,11.0,3.0,11.0,0.0,5.0,17.0,0.271,0.444,0.716,96.0,24.0,0.0,0.0,7/3DH
Luis Campusano,27.0,SDP,NL,0.7,18.0,58.0,52.0,9.0,15.0,3.0,10.0,0.0,5.0,15.0,0.362,0.596,0.958,163.0,31.0,0.0,0.0,2
Cole Carrigg#,24.0,COL,NL,0.5,14.0,58.0,48.0,9.0,13.0,3.0,11.0,1.0,8.0,12.0,0.379,0.542,0.921,142.0,26.0,0.0,1.0,8/6
Jonathan India,29.0,KCR,AL,0.2,17.0,58.0,48.0,8.0,8.0,2.0,8.0,0.0,8.0,13.0,0.31,0.313,0.623,77.0,15.0,0.0,0.0,4/H
Pavin Smith*,30.0,ARI,NL,-0.4,19.0,58.0,48.0,4.0,8.0,1.0,5.0,0.0,9.0,12.0,0.293,0.229,0.522,48.0,11.0,0.0,1.0,D/3H
Sebastián Rivero,27.0,LAA,AL,0.2,24.0,57.0,53.0,5.0,13.0,0.0,8.0,0.0,3.0,12.0,0.286,0.283,0.569,62.0,15.0,1.0,0.0,2/H
Austin Wynns,35.0,2TM,2LG,-0.6,20.0,57.0,53.0,3.0,4.0,0.0,0.0,0.0,3.0,14.0,0.125,0.075,0.2,-43.0,4.0,1.0,0.0,2
Austin Wynns,35.0,ATH,AL,-0.4,14.0,43.0,39.0,3.0,3.0,0.0,0.0,0.0,3.0,10.0,0.143,0.077,0.22,-38.0,3.0,1.0,0.0,2
Austin Wynns,35.0,ATL,NL,-0.1,6.0,14.0,14.0,0.0,1.0,0.0,0.0,0.0,0.0,4.0,0.071,0.071,0.143,-59.0,1.0,0.0,0.0,/2
Juan Brito#,24.0,CLE,AL,-0.4,15.0,56.0,51.0,7.0,9.0,0.0,3.0,0.0,4.0,17.0,0.25,0.255,0.505,43.0,13.0,0.0,0.0,4/H
Tyler Callihan*,26.0,PIT,NL,0.1,19.0,56.0,47.0,8.0,12.0,2.0,9.0,1.0,7.0,16.0,0.357,0.511,0.868,136.0,24.0,0.0,1.0,/95H4713
Alejandro Kirk,27.0,TOR,AL,-0.1,14.0,56.0,51.0,4.0,10.0,1.0,6.0,0.0,4.0,8.0,0.25,0.294,0.544,48.0,15.0,0.0,1.0,2/H
Zack Short,31.0,2TM,2LG,-0.3,26.0,55.0,44.0,4.0,7.0,0.0,2.0,0.0,7.0,17.0,0.278,0.205,0.482,37.0,9.0,1.0,2.0,6/H14
Zack Short,31.0,DET,AL,0.1,23.0,46.0,36.0,3.0,6.0,0.0,2.0,0.0,7.0,12.0,0.304,0.222,0.527,49.0,8.0,0.0,2.0,6/H4
Zack Short,31.0,NYM,NL,-0.4,3.0,9.0,8.0,1.0,1.0,0.0,0.0,0.0,0.0,5.0,0.125,0.125,0.25,-29.0,1.0,1.0,0.0,/61H
Gabriel Arias,26.0,CLE,AL,0.1,16.0,54.0,52.0,2.0,10.0,2.0,5.0,0.0,2.0,25.0,0.222,0.346,0.568,57.0,18.0,0.0,0.0,6/5
Zach Cole*,25.0,HOU,AL,-0.1,19.0,53.0,51.0,4.0,8.0,3.0,8.0,0.0,1.0,21.0,0.189,0.353,0.542,47.0,18.0,0.0,0.0,7/8H9D
Jimmy Crooks*,24.0,STL,NL,-0.4,17.0,53.0,47.0,2.0,8.0,1.0,7.0,0.0,5.0,14.0,0.264,0.277,0.541,54.0,13.0,0.0,0.0,2/DH
Braden Montgomery#,23.0,CHW,AL,0.3,14.0,53.0,48.0,8.0,12.0,2.0,7.0,0.0,4.0,14.0,0.302,0.479,0.781,115.0,23.0,0.0,1.0,9/8H
Pedro Ramírez#,22.0,CHC,NL,0.3,20.0,53.0,49.0,7.0,13.0,1.0,6.0,2.0,3.0,8.0,0.308,0.388,0.695,98.0,19.0,1.0,0.0,/4H5D
Weston Wilson,31.0,2TM,AL,-0.1,22.0,53.0,46.0,7.0,10.0,1.0,3.0,3.0,6.0,11.0,0.321,0.304,0.625,78.0,14.0,0.0,0.0,5/17H
Weston Wilson,31.0,BAL,AL,-0.1,19.0,46.0,39.0,6.0,9.0,1.0,3.0,2.0,6.0,11.0,0.348,0.333,0.681,94.0,13.0,0.0,0.0,5/1H7
Weston Wilson,31.0,SEA,AL,-0.1,3.0,7.0,7.0,1.0,1.0,0.0,0.0,1.0,0.0,0.0,0.143,0.143,0.286,-18.0,1.0,0.0,0.0,/57
Nick Madrigal,29.0,LAA,AL,0.5,15.0,52.0,44.0,7.0,12.0,0.0,2.0,1.0,7.0,3.0,0.385,0.295,0.68,96.0,13.0,0.0,0.0,/45DH
Alika Williams,27.0,ATH,AL,0.6,24.0,52.0,49.0,8.0,15.0,1.0,6.0,0.0,2.0,14.0,0.333,0.49,0.823,121.0,24.0,1.0,0.0,6/4H
Dustin Harris*,26.0,2TM,AL,0.0,17.0,52.0,43.0,6.0,10.0,0.0,5.0,4.0,6.0,7.0,0.333,0.302,0.636,80.0,13.0,1.0,1.0,7/9H
Dustin Harris*,26.0,CHW,AL,0.2,6.0,16.0,12.0,2.0,3.0,0.0,1.0,2.0,4.0,1.0,0.438,0.333,0.771,121.0,4.0,0.0,0.0,/9H7
Dustin Harris*,26.0,HOU,AL,-0.2,11.0,36.0,31.0,4.0,7.0,0.0,4.0,2.0,2.0,6.0,0.286,0.29,0.576,62.0,9.0,1.0,1.0,7/9H
Elias Díaz,35.0,2TM,AL,0.5,23.0,52.0,50.0,7.0,14.0,2.0,10.0,0.0,1.0,10.0,0.288,0.48,0.768,117.0,24.0,0.0,1.0,2/DH
Elias Díaz,35.0,KCR,AL,0.3,10.0,23.0,22.0,3.0,5.0,2.0,5.0,0.0,1.0,5.0,0.261,0.591,0.852,132.0,13.0,0.0,0.0,2
Elias Díaz,35.0,TEX,AL,0.2,13.0,29.0,28.0,4.0,9.0,0.0,5.0,0.0,0.0,5.0,0.31,0.393,0.703,105.0,11.0,0.0,1.0,2/DH
Zach Dezenzo,26.0,HOU,AL,0.2,21.0,51.0,47.0,5.0,9.0,1.0,2.0,0.0,4.0,19.0,0.255,0.34,0.595,65.0,16.0,0.0,0.0,7/H
Petey Halpin*,24.0,CLE,AL,-0.1,26.0,51.0,48.0,8.0,9.0,0.0,1.0,2.0,1.0,15.0,0.204,0.25,0.454,27.0,12.0,2.0,0.0,8/H9
Bryce Teodosio,27.0,LAA,AL,-0.3,34.0,51.0,47.0,5.0,10.0,0.0,2.0,4.0,3.0,18.0,0.26,0.255,0.515,47.0,12.0,1.0,0.0,7/8H9
Orlando Arcia,31.0,MIN,AL,0.0,19.0,50.0,48.0,6.0,13.0,1.0,2.0,0.0,2.0,8.0,0.3,0.354,0.654,81.0,17.0,0.0,0.0,6/4H351
LuJames Groover,24.0,ARI,NL,0.0,13.0,49.0,43.0,4.0,8.0,1.0,4.0,0.0,5.0,8.0,0.286,0.302,0.588,64.0,13.0,0.0,0.0,/3D5
Bryce Johnson#,30.0,SDP,NL,-0.2,32.0,49.0,45.0,5.0,8.0,0.0,2.0,5.0,3.0,18.0,0.229,0.222,0.451,28.0,10.0,1.0,0.0,H/978D
Bryan Torres*,28.0,STL,NL,0.3,18.0,49.0,43.0,6.0,10.0,2.0,5.0,1.0,5.0,8.0,0.313,0.419,0.731,106.0,18.0,1.0,0.0,7/H458D
Andrés Chaparro,27.0,WSN,NL,0.1,22.0,48.0,38.0,7.0,7.0,0.0,5.0,0.0,9.0,11.0,0.354,0.263,0.617,78.0,10.0,0.0,0.0,3/HD
Jose Trevino,33.0,CIN,NL,0.0,16.0,48.0,45.0,4.0,8.0,0.0,2.0,0.0,1.0,7.0,0.196,0.2,0.396,9.0,9.0,2.0,0.0,2/1
Braxton Fulford,27.0,COL,NL,0.1,25.0,47.0,39.0,10.0,9.0,1.0,7.0,4.0,6.0,17.0,0.319,0.385,0.704,87.0,15.0,0.0,2.0,DH/2
Sam Haggerty#,32.0,TEX,AL,-0.4,35.0,47.0,44.0,3.0,7.0,0.0,1.0,2.0,2.0,16.0,0.213,0.182,0.395,18.0,8.0,0.0,0.0,7H/81D
Blaze Jordan,23.0,STL,NL,0.4,12.0,47.0,42.0,5.0,12.0,1.0,12.0,0.0,2.0,4.0,0.298,0.476,0.774,116.0,20.0,0.0,3.0,5/3
Connor Joe,33.0,SEA,AL,0.0,21.0,45.0,39.0,2.0,7.0,1.0,3.0,2.0,6.0,15.0,0.289,0.308,0.597,72.0,12.0,0.0,0.0,9/H37
Austin Hays,30.0,CHW,AL,-0.4,12.0,44.0,43.0,3.0,10.0,1.0,7.0,0.0,1.0,13.0,0.25,0.326,0.576,60.0,14.0,0.0,0.0,7/9DH
Jordan Lawlar,23.0,ARI,NL,0.6,12.0,44.0,38.0,6.0,12.0,1.0,4.0,4.0,3.0,10.0,0.409,0.447,0.856,139.0,17.0,0.0,0.0,/78
Sandy León#,37.0,ATL,NL,-0.5,21.0,44.0,44.0,0.0,4.0,0.0,0.0,0.0,0.0,18.0,0.091,0.091,0.182,-48.0,4.0,0.0,0.0,2
Patrick Wisdom,34.0,SEA,AL,-0.6,15.0,44.0,41.0,3.0,5.0,1.0,4.0,0.0,3.0,18.0,0.182,0.22,0.401,15.0,9.0,0.0,0.0,/53HD
Alex Jackson,30.0,MIN,AL,0.1,16.0,43.0,41.0,5.0,13.0,0.0,3.0,0.0,0.0,13.0,0.349,0.39,0.739,105.0,16.0,0.0,0.0,2/1H
Jesús Rodríguez,24.0,SFG,NL,-0.1,14.0,43.0,39.0,3.0,9.0,2.0,7.0,1.0,3.0,5.0,0.302,0.385,0.687,96.0,15.0,0.0,0.0,/27H94
Max Schuemann,29.0,NYY,AL,0.0,22.0,42.0,32.0,9.0,6.0,0.0,3.0,2.0,9.0,10.0,0.381,0.313,0.693,97.0,10.0,0.0,0.0,H/7961458D
Nick Sogard#,28.0,BOS,AL,0.2,12.0,41.0,35.0,3.0,9.0,0.0,2.0,0.0,5.0,6.0,0.35,0.371,0.721,106.0,13.0,1.0,0.0,/4563H
Travis d'Arnaud,37.0,LAA,AL,0.2,14.0,40.0,35.0,5.0,7.0,1.0,3.0,0.0,3.0,7.0,0.3,0.314,0.614,74.0,11.0,0.0,0.0,2
Nelson Velázquez,27.0,STL,NL,0.1,15.0,40.0,36.0,6.0,10.0,2.0,6.0,0.0,3.0,10.0,0.35,0.5,0.85,138.0,18.0,0.0,0.0,/7HD9
Parker Meadows*,26.0,DET,AL,0.1,12.0,39.0,36.0,3.0,9.0,0.0,2.0,3.0,2.0,10.0,0.308,0.333,0.641,78.0,12.0,0.0,0.0,8/H
Félix Reyes,25.0,PHI,NL,-0.5,12.0,38.0,38.0,2.0,6.0,1.0,2.0,0.0,0.0,9.0,0.158,0.263,0.421,12.0,10.0,0.0,0.0,/7359H
George Valera*,25.0,CLE,AL,-0.2,13.0,38.0,37.0,1.0,8.0,0.0,6.0,0.0,1.0,8.0,0.237,0.297,0.534,50.0,11.0,0.0,0.0,/79HD
Gage Workman*,26.0,DET,AL,-0.5,16.0,38.0,38.0,3.0,6.0,2.0,5.0,0.0,0.0,16.0,0.158,0.395,0.553,47.0,15.0,0.0,0.0,5/H4D
Jhostynxon García,23.0,PIT,NL,-0.4,13.0,37.0,35.0,2.0,7.0,0.0,2.0,0.0,1.0,10.0,0.243,0.229,0.472,31.0,8.0,0.0,0.0,/879DH
Ronny Mauricio#,25.0,NYM,NL,-0.3,11.0,37.0,37.0,3.0,8.0,1.0,2.0,0.0,0.0,13.0,0.216,0.324,0.541,49.0,12.0,0.0,0.0,/65DH
Will Wagner*,27.0,SDP,NL,0.1,13.0,37.0,29.0,4.0,8.0,0.0,0.0,0.0,8.0,7.0,0.432,0.31,0.743,114.0,9.0,0.0,0.0,D/4H5
Griffin Conine*,28.0,MIA,NL,0.3,14.0,36.0,33.0,6.0,7.0,2.0,5.0,2.0,2.0,12.0,0.278,0.455,0.732,104.0,15.0,0.0,0.0,/79HD3
Rece Hinds,25.0,CIN,NL,-0.4,12.0,36.0,33.0,2.0,4.0,0.0,5.0,0.0,1.0,18.0,0.167,0.212,0.379,3.0,7.0,0.0,1.0,9/HD
Jerar Encarnacion,28.0,SFG,NL,-0.4,17.0,35.0,34.0,1.0,6.0,0.0,0.0,0.0,1.0,8.0,0.2,0.206,0.406,17.0,7.0,0.0,0.0,/9H3D7
Michael Helman,30.0,TEX,AL,-0.2,15.0,35.0,30.0,2.0,5.0,1.0,2.0,0.0,1.0,6.0,0.235,0.3,0.535,56.0,9.0,1.0,1.0,/86H79
Eloy Jiménez,29.0,TOR,AL,-0.1,12.0,35.0,31.0,2.0,9.0,0.0,3.0,0.0,3.0,7.0,0.343,0.29,0.633,75.0,9.0,0.0,1.0,/DH
Tyler Tolbert,28.0,KCR,AL,-0.1,24.0,35.0,29.0,9.0,7.0,0.0,1.0,5.0,4.0,10.0,0.324,0.241,0.565,63.0,7.0,1.0,1.0,H/649718D
Esmerlyn Valdéz,22.0,PIT,NL,-0.2,12.0,35.0,33.0,4.0,5.0,2.0,6.0,0.0,2.0,17.0,0.2,0.394,0.594,59.0,13.0,0.0,0.0,/9H7
Reese McGuire*,31.0,CHW,AL,-0.5,11.0,34.0,29.0,1.0,5.0,0.0,3.0,0.0,2.0,9.0,0.273,0.172,0.445,29.0,5.0,1.0,0.0,2/1H
Chad Stevens,27.0,COL,NL,-0.4,16.0,34.0,28.0,1.0,1.0,0.0,3.0,0.0,5.0,13.0,0.176,0.036,0.212,-39.0,1.0,0.0,1.0,4/H56
Tanner Murray,26.0,CHW,AL,0.0,13.0,33.0,28.0,2.0,6.0,1.0,3.0,0.0,2.0,7.0,0.281,0.321,0.603,69.0,9.0,1.0,1.0,/756H
Yohel Pozo,29.0,STL,NL,-0.2,18.0,33.0,33.0,0.0,8.0,0.0,5.0,0.0,0.0,3.0,0.242,0.273,0.515,46.0,9.0,0.0,0.0,/HD23
Carson Williams,23.0,TBR,AL,-0.5,12.0,33.0,30.0,6.0,3.0,0.0,3.0,0.0,2.0,11.0,0.156,0.133,0.29,-19.0,4.0,1.0,0.0,/6H4D
Jase Bowen,25.0,SDP,NL,-0.3,16.0,32.0,30.0,3.0,4.0,0.0,0.0,3.0,2.0,14.0,0.188,0.167,0.354,1.0,5.0,0.0,0.0,9/H7D
P.J. Higgins,33.0,CIN,NL,-0.1,13.0,32.0,26.0,1.0,6.0,0.0,4.0,0.0,2.0,8.0,0.276,0.269,0.545,51.0,7.0,3.0,1.0,2/1
Cooper Pratt,21.0,MIL,NL,0.3,9.0,31.0,27.0,2.0,7.0,0.0,2.0,4.0,3.0,6.0,0.323,0.259,0.582,64.0,7.0,0.0,1.0,/6
Kameron Misner*,28.0,KCR,AL,-0.3,11.0,30.0,28.0,1.0,8.0,0.0,4.0,2.0,1.0,12.0,0.31,0.321,0.632,80.0,9.0,1.0,0.0,/87HD
Rikuu Nishida*,25.0,CHW,AL,0.1,12.0,30.0,29.0,3.0,7.0,0.0,2.0,0.0,0.0,5.0,0.241,0.241,0.483,36.0,7.0,1.0,0.0,9/48H
Gabriel Rincones Jr.*,25.0,PHI,NL,-0.3,9.0,30.0,30.0,2.0,4.0,1.0,3.0,0.0,0.0,7.0,0.133,0.233,0.367,-3.0,7.0,0.0,0.0,/9H
Addison Barger*,26.0,TOR,AL,-0.2,9.0,28.0,22.0,2.0,1.0,0.0,2.0,0.0,5.0,7.0,0.214,0.091,0.305,-12.0,2.0,0.0,1.0,/9H
Tyler Black*,25.0,MIL,NL,0.1,9.0,28.0,27.0,2.0,9.0,0.0,7.0,0.0,1.0,7.0,0.357,0.481,0.839,130.0,13.0,0.0,0.0,/DH37
Garrett Stubbs*,33.0,PHI,NL,0.0,17.0,28.0,24.0,7.0,4.0,0.0,1.0,0.0,1.0,5.0,0.25,0.167,0.417,17.0,4.0,0.0,1.0,/2H1357D
Stuart Fairchild,30.0,CLE,AL,0.1,14.0,27.0,19.0,3.0,3.0,0.0,1.0,2.0,7.0,14.0,0.407,0.158,0.565,68.0,3.0,0.0,0.0,/89H7D
Otto Kemp,26.0,PHI,NL,-0.6,13.0,27.0,25.0,0.0,2.0,0.0,0.0,0.0,1.0,10.0,0.148,0.08,0.228,-35.0,2.0,0.0,0.0,7/H4
Miles Mastrobuoni*,30.0,SEA,AL,0.1,8.0,27.0,23.0,3.0,5.0,0.0,1.0,0.0,2.0,10.0,0.269,0.217,0.487,42.0,5.0,1.0,1.0,/5374
Chadwick Tromp,31.0,ATL,NL,-0.2,12.0,27.0,25.0,1.0,5.0,0.0,3.0,0.0,0.0,7.0,0.192,0.24,0.432,22.0,6.0,1.0,1.0,2
Víctor Bericoto,24.0,SFG,NL,0.1,15.0,26.0,26.0,3.0,6.0,3.0,4.0,0.0,0.0,9.0,0.231,0.577,0.808,122.0,15.0,0.0,0.0,9/H73
Billy Cook,27.0,PIT,NL,-0.2,43.0,26.0,26.0,6.0,4.0,0.0,0.0,4.0,0.0,11.0,0.154,0.154,0.308,-15.0,4.0,0.0,0.0,H897/3D
Carlos Santana#,40.0,ARI,NL,-0.5,8.0,26.0,24.0,1.0,2.0,0.0,0.0,0.0,2.0,8.0,0.154,0.125,0.279,-21.0,3.0,0.0,0.0,/3
Anthony Seigler#,27.0,BOS,AL,0.2,8.0,26.0,24.0,3.0,8.0,0.0,1.0,0.0,2.0,7.0,0.385,0.458,0.843,139.0,11.0,0.0,0.0,/45H
Andy Ibáñez,33.0,2TM,2LG,-0.7,14.0,26.0,23.0,1.0,2.0,0.0,5.0,0.0,1.0,3.0,0.115,0.087,0.202,-43.0,2.0,0.0,2.0,/4H573D
Andy Ibáñez,33.0,ATH,AL,-0.4,11.0,18.0,17.0,1.0,2.0,0.0,3.0,0.0,1.0,2.0,0.167,0.118,0.284,-20.0,2.0,0.0,0.0,/4H53D
Andy Ibáñez,33.0,NYM,NL,-0.3,3.0,8.0,6.0,0.0,0.0,0.0,2.0,0.0,0.0,1.0,0.0,0.0,0.0,-100.0,0.0,0.0,2.0,/75
CJ Kayfus*,24.0,CLE,AL,0.0,9.0,25.0,22.0,4.0,4.0,1.0,2.0,0.0,2.0,8.0,0.28,0.364,0.644,80.0,8.0,0.0,0.0,/79H
Charles McAdoo,24.0,TOR,AL,-0.1,8.0,25.0,25.0,2.0,4.0,1.0,3.0,0.0,0.0,6.0,0.16,0.28,0.44,17.0,7.0,0.0,0.0,/34
Eric Wagaman,28.0,NYM,NL,0.0,14.0,25.0,22.0,3.0,5.0,2.0,4.0,0.0,2.0,6.0,0.32,0.5,0.82,126.0,11.0,0.0,0.0,H/35D79
Jonah Cox,24.0,SFG,NL,0.4,18.0,24.0,22.0,5.0,7.0,1.0,2.0,2.0,0.0,12.0,0.318,0.591,0.909,153.0,13.0,2.0,0.0,8/H7D
Tommy Edman#,31.0,LAD,NL,0.3,7.0,24.0,22.0,0.0,8.0,0.0,1.0,0.0,2.0,4.0,0.417,0.409,0.826,133.0,9.0,0.0,0.0,/754DH
Shay Whitcomb,27.0,HOU,AL,0.0,17.0,24.0,23.0,2.0,3.0,2.0,5.0,0.0,1.0,11.0,0.167,0.391,0.558,50.0,9.0,0.0,0.0,H/536D7
Will Brennan*,28.0,SFG,NL,-0.5,11.0,23.0,23.0,0.0,2.0,0.0,0.0,0.0,0.0,3.0,0.087,0.087,0.174,-50.0,2.0,0.0,0.0,/79HD
Sam Huff,28.0,BAL,AL,-0.1,9.0,23.0,23.0,1.0,4.0,0.0,1.0,0.0,0.0,11.0,0.174,0.261,0.435,21.0,6.0,0.0,0.0,/2H
Ray Delgado*,26.0,HOU,AL,-0.2,10.0,22.0,21.0,1.0,6.0,0.0,2.0,0.0,0.0,3.0,0.286,0.286,0.571,61.0,6.0,1.0,0.0,/456H
Greg Jones#,28.0,MIL,NL,-0.6,11.0,22.0,21.0,0.0,2.0,0.0,1.0,1.0,0.0,9.0,0.095,0.095,0.19,-47.0,2.0,1.0,0.0,/79H
César Salazar*,30.0,HOU,AL,-0.2,9.0,22.0,18.0,0.0,1.0,0.0,1.0,0.0,3.0,3.0,0.227,0.056,0.283,-15.0,1.0,0.0,0.0,/21
Kahlil Watson*,23.0,CLE,AL,0.2,7.0,22.0,21.0,1.0,5.0,1.0,6.0,1.0,1.0,9.0,0.273,0.381,0.654,82.0,8.0,0.0,0.0,/9H
Nate Eaton,29.0,BOS,AL,0.2,8.0,21.0,16.0,3.0,4.0,1.0,4.0,2.0,4.0,3.0,0.429,0.563,0.991,179.0,9.0,0.0,0.0,/DH789
Luis Matos,24.0,MIL,NL,-0.1,9.0,21.0,20.0,1.0,4.0,0.0,0.0,0.0,1.0,7.0,0.238,0.2,0.438,23.0,4.0,0.0,0.0,/9H7D
Christian Moore,23.0,LAA,AL,-0.4,5.0,21.0,19.0,0.0,4.0,0.0,1.0,0.0,1.0,10.0,0.238,0.211,0.449,29.0,4.0,0.0,1.0,/74D
Ali Sánchez,29.0,NYY,AL,0.2,10.0,21.0,19.0,2.0,6.0,0.0,3.0,0.0,1.0,7.0,0.381,0.421,0.802,124.0,8.0,0.0,0.0,2
Jeimer Candelario#,32.0,LAA,AL,-0.2,7.0,20.0,18.0,3.0,2.0,0.0,0.0,0.0,1.0,8.0,0.2,0.222,0.422,20.0,4.0,0.0,0.0,/H35D
Aramis Garcia,33.0,ARI,NL,-0.2,8.0,19.0,19.0,2.0,3.0,1.0,2.0,0.0,0.0,6.0,0.158,0.316,0.474,28.0,6.0,0.0,0.0,/2
Cody Freeman,25.0,TEX,AL,-0.3,7.0,18.0,17.0,1.0,4.0,0.0,0.0,0.0,1.0,5.0,0.278,0.235,0.513,53.0,4.0,0.0,0.0,/74H
Daniel Johnson*,30.0,HOU,AL,-0.2,8.0,17.0,14.0,1.0,2.0,0.0,0.0,0.0,2.0,3.0,0.294,0.143,0.437,28.0,2.0,0.0,0.0,/87
César Prieto*,27.0,STL,NL,-0.6,6.0,17.0,17.0,0.0,0.0,0.0,0.0,0.0,0.0,2.0,0.0,0.0,0.0,-100.0,0.0,0.0,0.0,/56H
Chuckie Robinson,31.0,LAD,NL,-0.2,5.0,17.0,15.0,1.0,2.0,0.0,1.0,0.0,0.0,4.0,0.133,0.133,0.267,-25.0,2.0,2.0,0.0,/2
Hayden Senger,29.0,NYM,NL,-0.1,7.0,17.0,15.0,2.0,2.0,1.0,2.0,0.0,0.0,4.0,0.133,0.333,0.467,25.0,5.0,2.0,0.0,/2
José Azócar,30.0,ATL,NL,0.3,9.0,16.0,15.0,1.0,5.0,0.0,0.0,1.0,1.0,3.0,0.375,0.467,0.842,137.0,7.0,0.0,0.0,/9H78
John Rave*,28.0,KCR,AL,0.4,7.0,16.0,13.0,3.0,4.0,1.0,1.0,0.0,3.0,5.0,0.438,0.846,1.284,253.0,11.0,0.0,0.0,/9H7D
Kyle Farmer,35.0,ATL,NL,-0.1,10.0,15.0,14.0,2.0,4.0,0.0,3.0,0.0,0.0,4.0,0.267,0.357,0.624,75.0,5.0,0.0,1.0,/HD56
Christian Koss,28.0,SFG,NL,-0.2,9.0,15.0,14.0,1.0,1.0,0.0,0.0,0.0,0.0,2.0,0.133,0.143,0.276,-21.0,2.0,0.0,0.0,/4H16D
Dylan Moore,33.0,PHI,NL,-0.2,13.0,15.0,12.0,3.0,0.0,0.0,0.0,1.0,3.0,6.0,0.2,0.0,0.2,-39.0,0.0,0.0,0.0,H/3178D4
Ryan Mountcastle,29.0,BAL,AL,-0.1,8.0,15.0,14.0,0.0,4.0,0.0,1.0,0.0,1.0,2.0,0.333,0.357,0.69,95.0,5.0,0.0,0.0,/H3D
Trey Mancini,34.0,LAA,AL,0.0,5.0,14.0,13.0,1.0,4.0,0.0,4.0,0.0,0.0,3.0,0.286,0.462,0.747,107.0,6.0,0.0,1.0,/3DH
Sean Murphy,31.0,ATL,NL,-0.3,4.0,14.0,14.0,1.0,1.0,0.0,0.0,0.0,0.0,6.0,0.071,0.071,0.143,-59.0,1.0,0.0,0.0,/2
Tommy Pham,38.0,NYM,NL,-0.4,9.0,14.0,13.0,1.0,0.0,0.0,0.0,0.0,1.0,7.0,0.071,0.0,0.071,-78.0,0.0,0.0,0.0,/7H
Vidal Bruján#,28.0,NYM,NL,0.0,9.0,13.0,11.0,4.0,1.0,0.0,1.0,0.0,1.0,1.0,0.167,0.091,0.258,-25.0,1.0,1.0,0.0,/6H7
Kyler Fedko,26.0,MIN,AL,-0.3,8.0,13.0,10.0,0.0,0.0,0.0,1.0,0.0,2.0,4.0,0.154,0.0,0.154,-52.0,0.0,0.0,1.0,/7H89
Collin Price,26.0,HOU,AL,0.0,7.0,13.0,12.0,1.0,2.0,0.0,0.0,0.0,1.0,6.0,0.231,0.25,0.481,35.0,3.0,0.0,0.0,/2H3D
LaMonte Wade Jr.*,32.0,HOU,AL,0.0,4.0,13.0,12.0,2.0,4.0,1.0,4.0,0.0,1.0,3.0,0.385,0.75,1.135,208.0,9.0,0.0,0.0,/73H
Oliver Dunn*,28.0,TBR,AL,-0.2,9.0,12.0,11.0,4.0,1.0,0.0,1.0,0.0,1.0,3.0,0.167,0.091,0.258,-26.0,1.0,0.0,0.0,/H65D
Nick Morabito,23.0,NYM,NL,-0.3,5.0,12.0,11.0,0.0,0.0,0.0,0.0,0.0,0.0,9.0,0.083,0.0,0.083,-74.0,0.0,0.0,0.0,/7DH9
Johnathan Rodríguez,26.0,BAL,AL,-0.2,5.0,11.0,7.0,0.0,0.0,0.0,1.0,0.0,3.0,4.0,0.273,0.0,0.273,-14.0,0.0,0.0,1.0,/9HD
Kevin Alcántara,23.0,CHC,NL,0.0,12.0,10.0,9.0,1.0,1.0,0.0,0.0,0.0,1.0,4.0,0.2,0.111,0.311,-7.0,1.0,0.0,0.0,/HD87
Ryan Bliss,26.0,SEA,AL,0.0,3.0,10.0,8.0,0.0,1.0,0.0,1.0,0.0,1.0,3.0,0.2,0.125,0.325,-4.0,1.0,0.0,1.0,/4DH
Junior Pérez,24.0,CHW,AL,0.0,6.0,10.0,9.0,1.0,2.0,1.0,1.0,0.0,1.0,4.0,0.3,0.556,0.856,134.0,5.0,0.0,0.0,/87H9
Josh Rojas*,32.0,KCR,AL,0.2,5.0,10.0,10.0,2.0,3.0,1.0,4.0,0.0,0.0,1.0,0.3,0.7,1.0,172.0,7.0,0.0,0.0,/H456
Nick Solak,31.0,SDP,NL,-0.1,4.0,10.0,7.0,0.0,1.0,0.0,1.0,0.0,1.0,0.0,0.3,0.143,0.443,30.0,1.0,0.0,1.0,/DH
Rowdy Tellez*,31.0,ATL,NL,0.0,6.0,10.0,10.0,2.0,2.0,1.0,4.0,0.0,0.0,3.0,0.2,0.5,0.7,90.0,5.0,0.0,0.0,/H3D
Luis Urías,29.0,TOR,AL,0.2,3.0,10.0,9.0,1.0,3.0,1.0,2.0,0.0,1.0,1.0,0.4,0.667,1.067,184.0,6.0,0.0,0.0,/4
Joey Meneses,34.0,ATH,AL,-0.1,3.0,9.0,7.0,0.0,1.0,0.0,1.0,0.0,2.0,1.0,0.333,0.143,0.476,37.0,1.0,0.0,0.0,/D
Kyle Teel*,24.0,CHW,AL,0.0,2.0,9.0,7.0,1.0,1.0,0.0,0.0,0.0,1.0,3.0,0.333,0.143,0.476,40.0,1.0,0.0,0.0,/2
Jace Jung*,25.0,DET,AL,0.0,3.0,8.0,6.0,1.0,1.0,0.0,0.0,0.0,2.0,1.0,0.375,0.167,0.542,58.0,1.0,0.0,0.0,/D
Buddy Kennedy,27.0,SFG,NL,-0.2,7.0,8.0,7.0,0.0,0.0,0.0,0.0,0.0,1.0,3.0,0.125,0.0,0.125,-60.0,0.0,0.0,0.0,/H514D
Steward Berroa#,27.0,PHI,NL,-0.1,6.0,7.0,7.0,0.0,1.0,0.0,1.0,0.0,0.0,4.0,0.143,0.143,0.286,-22.0,1.0,0.0,0.0,/897
Deyvison De Los Santos,23.0,MIA,NL,0.0,3.0,7.0,7.0,0.0,2.0,0.0,0.0,0.0,0.0,3.0,0.286,0.429,0.714,100.0,3.0,0.0,0.0,/3D
Ben Malgeri,26.0,DET,AL,0.0,2.0,7.0,6.0,1.0,2.0,0.0,1.0,0.0,0.0,3.0,0.286,0.333,0.619,71.0,2.0,0.0,1.0,/98
Jared Oliva,30.0,SFG,NL,0.0,7.0,7.0,7.0,1.0,1.0,0.0,0.0,1.0,0.0,1.0,0.143,0.143,0.286,-18.0,1.0,0.0,0.0,/8H7
Ryan Ritter,25.0,COL,NL,-0.1,6.0,7.0,7.0,1.0,1.0,0.0,0.0,0.0,0.0,3.0,0.143,0.143,0.286,-23.0,1.0,0.0,0.0,/4H
Brett Harris,28.0,ATH,AL,0.1,5.0,6.0,4.0,0.0,0.0,0.0,0.0,0.0,1.0,2.0,0.333,0.0,0.333,2.0,0.0,0.0,0.0,/5H4
Logan Porter,30.0,2TM,2LG,0.1,3.0,6.0,4.0,2.0,1.0,0.0,0.0,0.0,2.0,2.0,0.5,0.5,1.0,185.0,2.0,0.0,0.0,/2H
Logan Porter,30.0,SFG,NL,0.0,1.0,0.0,0.0,1.0,0.0,0.0,0.0,0.0,0.0,0.0,,,,,0.0,0.0,0.0,/H
Logan Porter,30.0,LAA,AL,0.1,2.0,6.0,4.0,1.0,1.0,0.0,0.0,0.0,2.0,2.0,0.5,0.5,1.0,185.0,2.0,0.0,0.0,/2
Will Wilson,27.0,SEA,AL,0.0,2.0,6.0,5.0,1.0,1.0,1.0,2.0,0.0,1.0,1.0,0.333,0.8,1.133,212.0,4.0,0.0,0.0,/5
Luken Baker,29.0,ARI,NL,-0.1,3.0,5.0,5.0,0.0,1.0,0.0,0.0,0.0,0.0,3.0,0.2,0.2,0.4,12.0,1.0,0.0,0.0,/3H
Trei Cruz#,27.0,DET,AL,-0.2,2.0,5.0,5.0,0.0,0.0,0.0,0.0,0.0,0.0,3.0,0.0,0.0,0.0,-100.0,0.0,0.0,0.0,/79
Rafael Flores,25.0,PIT,NL,0.2,2.0,5.0,3.0,2.0,2.0,1.0,2.0,0.0,2.0,0.0,0.8,2.0,2.8,639.0,6.0,0.0,0.0,/2
Jim Jarvis*,25.0,ATL,NL,-0.1,2.0,5.0,5.0,0.0,1.0,0.0,0.0,0.0,0.0,2.0,0.2,0.2,0.4,14.0,1.0,0.0,0.0,/6
Michael Stefanic,30.0,ATH,AL,0.0,2.0,5.0,5.0,1.0,2.0,0.0,0.0,0.0,0.0,1.0,0.4,0.4,0.8,119.0,2.0,0.0,0.0,/46H
Dylan Carlson#,27.0,CHC,NL,-0.2,3.0,4.0,4.0,1.0,0.0,0.0,0.0,0.0,0.0,2.0,0.0,0.0,0.0,-100.0,0.0,0.0,0.0,/H79D
Gabriel González,22.0,MIN,AL,0.1,1.0,4.0,2.0,1.0,1.0,0.0,0.0,0.0,2.0,0.0,0.75,0.5,1.25,256.0,1.0,0.0,0.0,/7
Kiké Hernández,34.0,LAD,NL,0.2,2.0,4.0,4.0,2.0,4.0,1.0,2.0,0.0,0.0,0.0,1.0,2.25,3.25,777.0,9.0,0.0,0.0,/5
Scott Kingery,32.0,CHC,NL,-0.2,8.0,4.0,4.0,2.0,1.0,0.0,0.0,1.0,0.0,0.0,0.25,0.25,0.5,44.0,1.0,0.0,0.0,/HD45
Davis Wendzel,29.0,PIT,NL,-0.1,2.0,4.0,4.0,0.0,0.0,0.0,0.0,0.0,0.0,0.0,0.0,0.0,0.0,-100.0,0.0,0.0,0.0,/34H
Justin Dean,29.0,CHC,NL,0.1,3.0,3.0,3.0,1.0,2.0,0.0,3.0,0.0,0.0,0.0,0.667,1.333,2.0,455.0,4.0,0.0,0.0,/98
Blake Hunt,27.0,SDP,NL,0.0,2.0,3.0,3.0,0.0,0.0,0.0,0.0,0.0,0.0,3.0,0.0,0.0,0.0,-100.0,0.0,0.0,0.0,/2
Omar Martínez*,24.0,LAA,AL,0.0,5.0,3.0,3.0,0.0,1.0,0.0,0.0,0.0,0.0,1.0,0.333,0.333,0.667,90.0,1.0,0.0,0.0,/2H
Brian Navarreto,31.0,MIA,NL,0.1,1.0,3.0,1.0,1.0,0.0,0.0,0.0,0.0,1.0,1.0,0.5,0.0,0.5,59.0,0.0,1.0,0.0,/2
Jair Camargo,26.0,ATL,NL,0.1,1.0,2.0,2.0,1.0,1.0,0.0,0.0,0.0,0.0,1.0,0.5,1.0,1.5,311.0,2.0,0.0,0.0,/2H
Jeferson Quero,23.0,MIL,NL,0.0,1.0,2.0,1.0,0.0,0.0,0.0,0.0,0.0,1.0,0.0,0.5,0.0,0.5,55.0,0.0,0.0,0.0,/2
Maverick Handley,28.0,BAL,AL,0.0,1.0,1.0,1.0,0.0,0.0,0.0,0.0,0.0,0.0,1.0,0.0,0.0,0.0,-100.0,0.0,0.0,0.0,/H
Michael Siani*,26.0,BAL,AL,0.0,1.0,1.0,1.0,0.0,0.0,0.0,0.0,0.0,0.0,0.0,0.0,0.0,0.0,-100.0,0.0,0.0,0.0,/8
Luke Williams,29.0,ATL,NL,-0.1,2.0,1.0,0.0,0.0,0.0,0.0,0.0,0.0,1.0,0.0,1.0,,,,0.0,0.0,0.0,/47H
Clayton Beeter,27.0,WSN,NL,0.0,3.0,0.0,0.0,0.0,0.0,0.0,0.0,0.0,0.0,0.0,,,,,0.0,0.0,0.0,1
Paul Blackburn,32.0,NYY,AL,0.0,1.0,0.0,0.0,0.0,0.0,0.0,0.0,0.0,0.0,0.0,,,,,0.0,0.0,0.0,1
Kyle Bradish,29.0,BAL,AL,0.0,1.0,0.0,0.0,0.0,0.0,0.0,0.0,0.0,0.0,0.0,,,,,0.0,0.0,0.0,1
Aroldis Chapman*,38.0,BOS,AL,0.0,2.0,0.0,0.0,0.0,0.0,0.0,0.0,0.0,0.0,0.0,,,,,0.0,0.0,0.0,1
Jack Dreyer,27.0,LAD,NL,0.0,1.0,0.0,0.0,0.0,0.0,0.0,0.0,0.0,0.0,0.0,,,,,0.0,0.0,0.0,1
Jhoan Duran,28.0,PHI,NL,0.0,1.0,0.0,0.0,0.0,0.0,0.0,0.0,0.0,0.0,0.0,,,,,0.0,0.0,0.0,1
Lucas Erceg*,31.0,KCR,AL,0.0,1.0,0.0,0.0,0.0,0.0,0.0,0.0,0.0,0.0,0.0,,,,,0.0,0.0,0.0,1
Carlos Estévez,33.0,KCR,AL,0.0,1.0,0.0,0.0,0.0,0.0,0.0,0.0,0.0,0.0,0.0,,,,,0.0,0.0,0.0,/1
Pete Fairbanks,32.0,MIA,NL,0.0,1.0,0.0,0.0,0.0,0.0,0.0,0.0,0.0,0.0,0.0,,,,,0.0,0.0,0.0,1
Didier Fuentes,21.0,ATL,NL,0.0,2.0,0.0,0.0,0.0,0.0,0.0,0.0,0.0,0.0,0.0,,,,,0.0,0.0,0.0,1
Rico Garcia,32.0,BAL,AL,0.0,1.0,0.0,0.0,0.0,0.0,0.0,0.0,0.0,0.0,0.0,,,,,0.0,0.0,0.0,1
Cade Gibson*,28.0,MIA,NL,0.0,2.0,0.0,0.0,0.0,0.0,0.0,0.0,0.0,0.0,0.0,,,,,0.0,0.0,0.0,1
J.T. Ginn,27.0,ATH,AL,0.0,1.0,0.0,0.0,0.0,0.0,0.0,0.0,0.0,0.0,0.0,,,,,0.0,0.0,0.0,1
Edgardo Henriquez,24.0,LAD,NL,0.0,1.0,0.0,0.0,0.0,0.0,0.0,0.0,0.0,0.0,0.0,,,,,0.0,0.0,0.0,1
Sam Hentges*,29.0,SFG,NL,0.0,1.0,0.0,0.0,0.0,0.0,0.0,0.0,0.0,0.0,0.0,,,,,0.0,0.0,0.0,1
Raisel Iglesias,36.0,ATL,NL,0.0,4.0,0.0,0.0,0.0,0.0,0.0,0.0,0.0,0.0,0.0,,,,,0.0,0.0,0.0,1
William Kempner,25.0,MIA,NL,0.0,1.0,0.0,0.0,0.0,0.0,0.0,0.0,0.0,0.0,0.0,,,,,0.0,0.0,0.0,/1
Orion Kerkering,25.0,PHI,NL,0.0,1.0,0.0,0.0,0.0,0.0,0.0,0.0,0.0,0.0,0.0,,,,,0.0,0.0,0.0,1
Tyler Kinley,35.0,ATL,NL,0.0,1.0,0.0,0.0,0.0,0.0,0.0,0.0,0.0,0.0,0.0,,,,,0.0,0.0,0.0,1
Alex Lange,30.0,KCR,AL,0.0,1.0,0.0,0.0,0.0,0.0,0.0,0.0,0.0,0.0,0.0,,,,,0.0,0.0,0.0,1
Jacob Latz,30.0,TEX,AL,0.0,1.0,0.0,0.0,0.0,0.0,0.0,0.0,0.0,0.0,0.0,,,,,0.0,0.0,0.0,1
Jonathan Loáisiga,31.0,ARI,NL,0.0,1.0,0.0,0.0,0.0,0.0,0.0,0.0,0.0,0.0,0.0,,,,,0.0,0.0,0.0,1
Reynaldo López,32.0,ATL,NL,0.0,1.0,0.0,0.0,0.0,0.0,0.0,0.0,0.0,0.0,0.0,,,,,0.0,0.0,0.0,1
Brad Lord,26.0,WSN,NL,0.0,2.0,0.0,0.0,0.0,0.0,0.0,0.0,0.0,0.0,0.0,,,,,0.0,0.0,0.0,1
Trevor Megill*,32.0,MIL,NL,0.0,2.0,0.0,0.0,0.0,0.0,0.0,0.0,0.0,0.0,0.0,,,,,0.0,0.0,0.0,1
Daniel Palencia,26.0,CHC,NL,0.0,1.0,0.0,0.0,0.0,0.0,0.0,0.0,0.0,0.0,0.0,,,,,0.0,0.0,0.0,1
Chad Patrick,27.0,MIL,NL,0.0,1.0,0.0,0.0,0.0,0.0,0.0,0.0,0.0,0.0,0.0,,,,,0.0,0.0,0.0,1
Jack Perkins,26.0,ATH,AL,0.0,1.0,0.0,0.0,0.0,0.0,0.0,0.0,0.0,0.0,0.0,,,,,0.0,0.0,0.0,1
Orlando Ribalta,28.0,WSN,NL,0.0,1.0,0.0,0.0,0.0,0.0,0.0,0.0,0.0,0.0,0.0,,,,,0.0,0.0,0.0,1
JR Ritchie,23.0,ATL,NL,0.0,1.0,0.0,0.0,0.0,0.0,0.0,0.0,0.0,0.0,0.0,,,,,0.0,0.0,0.0,/1
Ryan Rolison,28.0,CHC,NL,0.0,1.0,0.0,0.0,0.0,0.0,0.0,0.0,0.0,0.0,0.0,,,,,0.0,0.0,0.0,1
Paxton Schultz*,28.0,WSN,NL,0.0,1.0,0.0,0.0,0.0,0.0,0.0,0.0,0.0,0.0,0.0,,,,,0.0,0.0,0.0,1
Connor Seabold,30.0,KCR,AL,0.0,1.0,0.0,0.0,0.0,0.0,0.0,0.0,0.0,0.0,0.0,,,,,0.0,0.0,0.0,/1
Chase Shugart*,29.0,PHI,NL,0.0,1.0,0.0,0.0,0.0,0.0,0.0,0.0,0.0,0.0,0.0,,,,,0.0,0.0,0.0,1
Cade Smith,27.0,CLE,AL,0.0,1.0,0.0,0.0,0.0,0.0,0.0,0.0,0.0,0.0,0.0,,,,,0.0,0.0,0.0,1
Dylan Smith,26.0,SFG,NL,0.0,1.0,0.0,0.0,0.0,0.0,0.0,0.0,0.0,0.0,0.0,,,,,0.0,0.0,0.0,1
George Soriano,27.0,STL,NL,0.0,1.0,0.0,0.0,0.0,0.0,0.0,0.0,0.0,0.0,0.0,,,,,0.0,0.0,0.0,1
Gabe Speier*,31.0,SEA,AL,0.0,1.0,0.0,0.0,0.0,0.0,0.0,0.0,0.0,0.0,0.0,,,,,0.0,0.0,0.0,1
Robert Suarez,35.0,ATL,NL,0.0,3.0,0.0,0.0,0.0,0.0,0.0,0.0,0.0,0.0,0.0,,,,,0.0,0.0,0.0,1
Caleb Thielbar,39.0,CHC,NL,0.0,1.0,0.0,0.0,0.0,0.0,0.0,0.0,0.0,0.0,0.0,,,,,0.0,0.0,0.0,1
Ricky Vanasco,27.0,DET,AL,0.0,1.0,0.0,0.0,0.0,0.0,0.0,0.0,0.0,0.0,0.0,,,,,0.0,0.0,0.0,/1
Gus Varland*,29.0,WSN,NL,0.0,1.0,0.0,0.0,0.0,0.0,0.0,0.0,0.0,0.0,0.0,,,,,0.0,0.0,0.0,1
Alex Vesia*,30.0,LAD,NL,0.0,1.0,0.0,0.0,0.0,0.0,0.0,0.0,0.0,0.0,0.0,,,,,0.0,0.0,0.0,1
Will Vest,31.0,DET,AL,0.0,1.0,0.0,0.0,0.0,0.0,0.0,0.0,0.0,0.0,0.0,,,,,0.0,0.0,0.0,1
Victor Vodnik,26.0,COL,NL,0.0,1.0,0.0,0.0,0.0,0.0,0.0,0.0,0.0,0.0,0.0,,,,,0.0,0.0,0.0,1
Luke Weaver,32.0,NYM,NL,0.0,1.0,0.0,0.0,0.0,0.0,0.0,0.0,0.0,0.0,0.0,,,,,0.0,0.0,0.0,1
Garrett Whitlock,30.0,BOS,AL,0.0,1.0,0.0,0.0,0.0,0.0,0.0,0.0,0.0,0.0,0.0,,,,,0.0,0.0,0.0,1
Devin Williams,31.0,NYM,NL,0.0,1.0,0.0,0.0,0.0,0.0,0.0,0.0,0.0,0.0,0.0,,,,,0.0,0.0,0.0,1
Keaton Winn,28.0,SFG,NL,0.0,1.0,0.0,0.0,0.0,0.0,0.0,0.0,0.0,0.0,0.0,,,,,0.0,0.0,0.0,1
MLB Average,,,,,,,,,,,,,,,0.319,0.4,0.719,100.0,,,,
