Rk,Player,Age,Team,Lg,WAR,G,PA,AB,R,H,2B,3B,HR,RBI,SB,CS,BB,SO,BA,OBP,SLG,OPS,OPS+,rOBA,Rbat+,TB,GIDP,HBP,SH,SF,IBB,Pos,Awards,Player-additional
1,James Wood*,23,WSN,NL,2.7,82,382,315,70,82,19,0,20,49,13,1,61,115,.260,.385,.511,.896,150,.390,146,161,2,4,0,2,8,*9D7,,woodja03
2,Taylor Ward,32,BAL,AL,1.8,81,373,304,52,78,18,0,5,22,2,2,64,78,.257,.389,.365,.754,114,.345,119,111,7,3,0,2,1,*7D,,wardta01
3,Gunnar Henderson*,25,BAL,AL,1.2,81,371,335,45,76,14,2,16,39,6,4,30,88,.227,.299,.424,.723,101,.320,102,142,3,5,0,1,1,*6/D,,hendegu01
4,Nick Kurtz*,23,ATH,AL,3.7,80,366,291,56,81,15,1,19,62,7,1,73,111,.278,.426,.533,.959,160,.418,160,155,5,2,0,0,9,*3/D,,kurtzni01
5,Alex Bregman,32,CHC,NL,2.1,79,361,312,37,76,11,1,6,26,2,1,40,58,.244,.338,.343,.681,96,.313,100,107,9,6,0,3,2,*5/DH,,bregmal01
6,Nico Hoerner,29,CHC,NL,1.4,79,360,318,34,76,21,0,4,35,12,2,34,26,.239,.317,.343,.659,89,.311,95,109,7,4,0,4,0,*4/6H,,hoernni01
7,Yordan Alvarez*,29,HOU,AL,3.7,82,358,296,57,94,16,0,25,56,1,0,55,60,.318,.430,.625,1.055,191,.446,190,185,2,5,0,2,13,*D7,,alvaryo01
8,Zach Neto,25,LAA,AL,2.0,79,358,311,56,71,16,2,17,39,11,7,39,117,.228,.327,.457,.783,119,.342,119,142,2,7,0,1,1,*6/H,,netoza01
9,Michael Busch*,28,CHC,NL,1.7,80,357,292,32,70,13,2,9,44,2,0,54,80,.240,.370,.390,.760,119,.350,125,114,4,8,0,3,1,*3/H,,buschmi02
10,Pete Alonso,31,BAL,AL,1.9,82,355,308,51,78,14,0,18,55,2,0,40,83,.253,.341,.474,.815,127,.354,123,146,8,3,0,4,2,*3/D,,alonspe01
11,Bo Bichette,28,NYM,NL,-0.1,81,354,327,42,83,12,1,10,45,1,0,21,65,.254,.299,.388,.688,91,.301,86,127,9,2,0,4,0,65/D,,bichebo01
12,Iván Herrera,26,STL,NL,2.4,78,354,283,53,74,13,1,10,35,5,0,48,55,.261,.404,.420,.824,135,.382,145,119,8,21,0,2,4,D2,,herreiv01
13,Julio Rodríguez,25,SEA,AL,2.0,81,354,324,42,80,15,0,14,38,11,3,26,74,.247,.308,.423,.731,107,.329,109,137,7,3,0,1,1,*8/D,,rodriju01
14,Pete Crow-Armstrong*,24,CHC,NL,5.1,81,350,307,49,88,13,4,17,45,18,5,32,90,.287,.367,.521,.888,151,.388,150,160,2,8,1,2,1,*8/H,,crowape01
15,Bryan Reynolds#,31,PIT,NL,3.1,81,348,289,54,84,19,2,11,52,5,0,52,74,.291,.405,.484,.890,144,.399,150,140,4,5,0,2,2,*79/DH,,reynobr01
16,Trea Turner,33,PHI,NL,-0.2,79,348,324,50,75,13,0,7,23,15,2,21,79,.231,.282,.336,.618,68,.287,64,109,4,2,0,1,0,*6/DH,,turnetr01
17,Daylen Lile*,23,WSN,NL,1.0,80,346,314,43,79,17,3,8,38,7,5,24,58,.252,.309,.401,.711,98,.309,95,126,4,4,0,4,1,*7D/9,,lileda01
18,Matt Olson*,32,ATL,NL,3.0,79,345,307,53,83,19,0,20,52,2,0,34,79,.270,.342,.528,.870,142,.374,139,162,2,1,0,3,2,*3/9,,olsonma02
19,Kevin McGonigle*,21,DET,AL,4.0,78,344,294,47,83,18,3,6,28,9,0,48,46,.282,.387,.425,.812,125,.372,129,125,2,2,0,0,0,65/D,,mcgonke01
20,Andy Pages,25,LAD,NL,3.7,80,343,312,46,83,18,1,15,58,8,4,23,69,.266,.318,.474,.792,119,.348,120,148,8,3,0,5,0,*8/H,,pagesan01
21,Kyle Schwarber*,33,PHI,NL,2.5,77,343,290,52,74,9,1,29,52,1,0,49,117,.255,.370,.593,.963,157,.410,157,172,1,4,0,0,3,*D/37H,,schwaky01
22,Sal Stewart,22,CIN,NL,1.1,79,343,297,41,74,17,0,14,55,11,3,42,74,.249,.341,.448,.789,115,.352,115,133,6,1,0,3,3,35/D4,,stewasa02
23,Junior Caminero,22,TBR,AL,2.7,78,342,295,49,84,12,0,19,43,0,2,45,61,.285,.377,.519,.896,145,.382,143,153,13,0,0,2,5,*5/3,,caminju01
24,Jo Adell,27,LAA,AL,-0.1,81,341,319,37,79,14,0,10,41,3,0,10,79,.248,.290,.386,.676,89,.300,86,123,7,10,0,2,0,*9/7D8,,adelljo01
25,Freddie Freeman*,36,LAD,NL,2.2,78,341,294,45,83,19,1,13,43,2,0,41,57,.282,.372,.486,.859,139,.374,137,143,11,3,0,3,1,*3,,freemfr01
26,Cody Bellinger*,30,NYY,AL,4.0,79,340,288,46,77,16,3,11,49,10,4,47,46,.267,.365,.458,.823,128,.367,131,132,2,0,0,5,0,*78/93DH,,bellico01
27,Rafael Devers*,29,SFG,NL,0.5,80,340,310,36,73,23,1,12,38,0,0,27,101,.235,.297,.432,.729,106,.314,101,134,7,1,0,2,2,*3D,,deverra01
28,Otto Lopez,27,MIA,NL,3.8,80,340,315,51,107,21,3,6,35,16,3,16,48,.340,.374,.483,.856,141,.387,146,152,7,4,0,5,0,*6/DH,,lopezot01
29,Brandon Nimmo*,33,TEX,AL,1.6,79,340,306,32,81,19,3,8,28,3,1,26,70,.265,.332,.425,.757,121,.332,118,130,8,6,0,2,1,*9/D8H,,nimmobr01
30,Shohei Ohtani*,31,LAD,NL,2.9,73,340,275,56,81,15,2,17,46,6,2,54,78,.295,.414,.549,.963,168,.412,166,151,5,5,0,4,9,*D1/H,,ohtansh01
31,Ozzie Albies#,29,ATL,NL,2.2,79,339,303,51,85,14,0,12,42,1,3,24,39,.281,.333,.446,.779,118,.336,116,135,3,4,0,8,1,*4,,albieoz01
32,Riley Greene*,25,DET,AL,1.5,81,339,291,40,85,16,0,9,34,1,1,44,92,.292,.386,.440,.826,129,.369,131,128,8,2,0,2,0,*7/DH,,greenri03
33,Xavier Edwards#,26,MIA,NL,2.5,81,338,294,44,86,11,5,6,28,11,3,40,43,.293,.374,.425,.799,127,.359,128,125,8,0,1,3,4,*4/D,,edwarxa01
34,Bryce Harper*,33,PHI,NL,2.1,81,338,283,54,76,14,2,18,47,5,3,50,64,.269,.373,.523,.896,141,.385,141,148,8,0,0,5,2,*3/D,,harpebr03
35,Fernando Tatis Jr.,27,SDP,NL,1.0,78,338,300,35,85,14,1,3,28,19,8,30,68,.283,.347,.367,.714,101,.326,103,110,6,2,1,5,1,94/HD,,tatisfe02
36,JJ Wetherholt*,23,STL,NL,3.6,74,338,290,49,76,8,0,12,34,8,0,35,53,.262,.361,.414,.775,120,.351,121,120,1,11,0,2,2,*4/6H,,wethejj01
37,Jonathan Aranda*,28,TBR,AL,1.0,77,337,282,40,81,12,0,12,54,0,0,44,78,.287,.386,.457,.843,133,.368,130,129,7,5,0,6,3,*3/DH,,arandjo01
38,Alec Burleson*,27,STL,NL,1.8,77,337,302,42,87,20,1,13,57,2,0,29,49,.288,.353,.490,.843,137,.363,133,148,9,3,0,3,2,*3/HD,,burleal01
39,Ian Happ#,31,CHC,NL,2.1,77,337,288,54,66,15,2,16,38,4,0,44,106,.229,.338,.462,.800,127,.359,131,133,7,4,0,1,3,*7/D,,happia01
40,Miguel Vargas,26,CHW,AL,2.8,78,337,283,52,68,12,1,17,45,10,2,46,58,.240,.354,.470,.824,129,.369,131,133,4,5,0,2,1,*53/DH,,vargami01
41,Christian Walker,35,HOU,AL,1.5,81,337,304,43,71,14,1,18,52,0,0,28,75,.234,.306,.464,.769,111,.342,114,141,8,4,0,1,2,*3/DH,,walkech02
42,Bobby Witt Jr.,26,KCR,AL,4.3,76,337,299,40,88,19,1,10,32,28,4,35,57,.294,.368,.465,.833,134,.386,138,139,6,1,0,2,3,*6,,wittbo02
43,Brice Turang*,26,MIL,NL,3.1,74,336,283,58,75,16,3,11,47,13,2,49,87,.265,.371,.459,.831,129,.370,128,130,6,0,2,2,3,*4/6,,turanbr02
44,Ketel Marte#,32,ARI,NL,1.4,76,335,306,42,81,17,2,13,47,1,0,25,47,.265,.319,.461,.780,114,.337,109,141,4,1,0,3,0,*4D/H,,marteke01
45,Mike Trout,34,LAA,AL,2.8,74,335,265,54,62,12,0,17,36,7,0,66,83,.234,.394,.472,.866,144,.391,149,125,5,4,0,0,8,*8D,,troutmi01
46,Shea Langeliers,28,ATH,AL,3.0,73,334,303,49,80,16,0,19,42,1,1,26,64,.264,.329,.505,.834,124,.360,121,153,4,4,0,1,2,*2D,,langesh01
47,CJ Abrams*,25,WSN,NL,3.0,79,333,290,51,83,15,2,17,57,13,4,30,67,.286,.369,.528,.897,149,.392,150,153,4,10,0,3,2,*6/HD,,abramcj01
48,Wilyer Abreu*,27,BOS,AL,3.0,77,333,298,35,81,16,2,10,38,6,2,30,64,.272,.335,.440,.775,118,.339,115,131,6,0,1,3,1,*9,,abreuwi02
49,Matt Chapman,33,SFG,NL,2.8,79,333,289,35,70,17,1,7,42,0,1,36,74,.242,.333,.381,.714,105,.319,106,110,6,5,0,3,1,*5/D,,chapmma01
50,Luis Arraez*,29,SFG,NL,2.4,75,332,299,40,96,16,6,3,30,6,0,18,13,.321,.358,.445,.803,129,.355,128,133,5,3,5,7,3,*4/DH,,arraelu01
51,Willy Adames,30,SFG,NL,1.1,78,331,311,40,70,19,1,14,32,1,2,18,91,.225,.269,.428,.697,96,.308,98,133,2,1,0,1,0,*6,,adamewi01
52,Brandon Lowe*,31,PIT,NL,2.8,75,331,293,50,73,19,1,19,51,0,0,33,83,.249,.326,.515,.842,128,.364,127,151,3,2,0,3,0,*4/DH,,lowebr01
53,Yandy Díaz,34,TBR,AL,2.5,75,330,287,41,95,14,1,12,51,1,0,32,44,.331,.412,.512,.924,155,.403,155,147,9,9,0,2,4,*D,,diazya01
54,Tyler Soderstrom*,24,ATH,AL,2.3,78,330,285,41,70,20,2,13,41,1,1,42,58,.246,.345,.467,.812,119,.360,122,133,7,2,0,1,4,*7/HD,,soderty01
55,Jordan Walker,24,STL,NL,3.0,77,330,303,46,88,16,0,18,58,10,3,23,84,.290,.342,.521,.864,141,.380,144,158,6,2,0,2,1,*9/DH,,walkejo02
56,Corbin Carroll*,25,ARI,NL,3.5,77,329,287,48,80,17,9,13,42,9,1,36,70,.279,.365,.537,.901,147,.390,144,154,4,4,0,2,1,*9/D,,carroco02
57,Cole Young*,22,SEA,AL,2.3,82,328,295,34,74,12,1,7,37,2,3,22,58,.251,.315,.369,.684,96,.302,94,109,2,7,1,3,0,*4/6,,youngco01
58,Jakob Marsee*,25,MIA,NL,-0.2,79,327,273,40,54,10,3,4,19,18,9,43,77,.198,.321,.300,.621,78,.296,86,82,1,7,3,1,0,*8/HD,,marseja01
59,Vladimir Guerrero Jr.,27,TOR,AL,0.7,77,326,282,44,77,12,0,4,32,6,1,35,35,.273,.356,.358,.714,96,.326,95,101,9,4,0,5,5,*3/DH,,guerrvl02
60,Chase Meidroth,24,CHW,AL,1.4,77,325,289,44,77,14,0,6,25,2,2,27,81,.266,.331,.377,.708,99,.317,98,109,4,2,4,2,0,*4/6H5,,meidrch01
61,Geraldo Perdomo#,26,ARI,NL,2.2,77,325,266,35,62,10,3,4,27,11,7,48,40,.233,.349,.338,.687,93,.315,96,90,7,2,4,5,0,*6/H,,perdoge01
62,Ben Rice*,27,NYY,AL,2.0,75,325,281,56,79,15,2,22,53,2,0,40,76,.281,.372,.584,.956,162,.411,162,164,5,2,0,2,3,3D/H,,ricebe01
63,Josh Naylor*,29,SEA,AL,-0.3,75,324,295,28,76,10,0,8,33,14,3,25,42,.258,.319,.373,.692,98,.318,99,110,11,2,0,1,2,*3,,naylojo01
64,Kazuma Okamoto,30,TOR,AL,1.9,79,324,286,42,69,11,0,18,51,0,0,32,102,.241,.324,.469,.793,113,.344,110,134,5,4,0,2,0,*5/3D,,okamoka01
65,William Contreras,28,MIL,NL,1.6,74,323,288,45,87,12,0,8,48,1,2,30,42,.302,.365,.427,.792,119,.351,120,123,7,1,0,4,3,*2D/H,,contrwi02
66,Manny Machado,33,SDP,NL,-0.4,77,323,283,37,52,13,0,14,43,1,1,34,72,.184,.267,.378,.645,79,.292,80,107,6,0,1,5,1,*5/D,,machama01
67,Jarren Duran*,29,BOS,AL,0.6,73,322,295,37,59,9,2,12,38,11,0,21,96,.200,.258,.366,.624,75,.281,69,108,2,3,0,3,0,*7/8DH,,duranja01
68,Willson Contreras,34,BOS,AL,2.7,77,321,275,38,76,13,2,16,46,1,1,29,83,.276,.371,.513,.883,148,.383,148,141,7,14,0,3,1,*3/D,,contrwi01
69,Josh Jung,28,TEX,AL,1.4,75,321,291,36,86,17,0,8,31,1,1,24,54,.296,.355,.436,.792,131,.352,134,127,13,4,0,2,0,*5,,jungjo01
70,Jackson Merrill*,23,SDP,NL,0.8,76,321,293,34,62,15,1,8,31,15,1,24,79,.212,.274,.352,.625,74,.283,66,103,4,1,3,0,2,*8,,merrija01
71,Austin Riley,29,ATL,NL,0.5,79,321,285,32,61,12,1,8,36,4,1,28,93,.214,.296,.347,.643,82,.295,83,99,6,6,0,2,0,*5/H,,rileyau01
72,Salvador Perez,36,KCR,AL,-1.0,76,320,298,29,60,9,0,10,30,0,0,12,61,.201,.244,.332,.576,61,.260,59,99,9,6,0,4,1,2D/3,,perezsa02
73,Isaac Paredes,27,HOU,AL,1.3,76,318,273,31,67,15,0,10,41,0,0,31,53,.245,.343,.410,.753,110,.342,114,112,8,11,0,3,0,*53/D4H,,paredis01
74,Marcus Semien,35,NYM,NL,-0.6,80,318,290,30,62,8,1,9,29,6,2,23,68,.214,.271,.341,.613,71,.280,70,99,10,1,1,3,0,*4,,semiema01
75,Kyle Tucker*,29,LAD,NL,0.7,75,318,273,44,64,16,2,6,40,6,0,40,65,.234,.333,.374,.707,98,.324,99,102,0,2,0,3,0,*9/H,,tuckeky01
76,Carson Benge*,23,NYM,NL,1.3,78,316,289,43,74,10,2,9,30,11,2,23,69,.256,.320,.398,.718,100,.334,106,115,2,4,0,0,0,*978/HD,,bengeca01
77,Colson Montgomery*,24,CHW,AL,2.0,76,316,278,36,61,14,0,20,46,1,1,29,99,.219,.313,.486,.799,120,.342,116,135,4,9,0,0,3,*65/HD,,montgco01
78,Byron Buxton,32,MIN,AL,3.0,70,315,289,54,78,14,1,25,41,7,0,22,80,.270,.327,.585,.912,146,.392,143,169,2,3,0,1,1,8D,,buxtoby01
79,Jake Burger,30,TEX,AL,1.8,78,314,286,36,73,14,0,14,48,1,0,24,82,.255,.315,.451,.766,122,.336,121,129,5,2,0,2,0,*3/HD,,burgeja01
80,Hunter Goodman,26,COL,NL,1.8,75,314,284,48,68,12,0,21,39,5,2,25,104,.239,.309,.504,.812,112,.355,112,143,3,4,0,1,2,2D/H,,goodmhu01
81,José Ramírez#,33,CLE,AL,2.5,72,314,268,42,64,18,0,10,33,24,2,41,44,.239,.339,.418,.757,112,.351,112,112,1,1,0,3,5,*5D,,ramirjo01
82,TJ Rumfield*,26,COL,NL,1.9,78,314,278,35,79,15,2,12,43,0,0,28,47,.284,.360,.482,.842,122,.369,123,134,2,6,0,2,0,*3D/H,,rumfitj01
83,Randy Arozarena,31,SEA,AL,2.5,74,313,271,47,77,18,1,7,33,19,4,29,71,.284,.371,.435,.806,131,.373,136,118,7,10,0,3,0,*7/D,,arozara01
84,Josh Bell#,33,MIN,AL,0.1,79,313,286,40,70,15,0,9,49,1,0,23,71,.245,.304,.392,.695,91,.312,90,112,5,2,0,2,0,*D3/H,,belljo02
85,Jazz Chisholm Jr.*,28,NYY,AL,1.0,77,313,276,42,63,10,2,12,33,24,4,34,87,.228,.313,.409,.723,100,.332,98,113,2,1,0,2,0,*4/HD,,chishja01
86,Ernie Clement,30,TOR,AL,1.0,78,311,299,36,88,20,1,7,28,2,1,10,32,.294,.315,.438,.753,103,.331,101,131,5,0,0,2,0,*46/5H,,clemeer01
87,Spencer Torkelson,26,DET,AL,-0.4,80,310,268,30,56,17,0,12,31,0,1,35,101,.209,.307,.407,.714,96,.314,94,109,6,4,0,2,0,*3/H,,torkesp01
88,Alec Bohm,29,PHI,NL,-0.3,77,309,282,24,63,10,0,9,42,1,0,20,44,.223,.278,.355,.633,71,.298,76,100,9,3,0,4,0,*5/3H,,bohmal01
89,Dillon Dingler,27,DET,AL,2.9,74,309,276,42,74,15,2,19,57,0,0,23,65,.268,.336,.543,.879,139,.385,142,150,8,6,0,2,0,*2D/H,,dingldi01
90,Brooks Lee#,25,MIN,AL,0.5,78,309,283,38,68,11,2,13,45,4,2,22,48,.240,.299,.431,.730,99,.332,105,122,4,2,1,1,0,65/H,,leebr02
91,Cam Smith,23,HOU,AL,1.1,81,307,271,31,60,12,1,8,28,9,1,28,79,.221,.301,.362,.662,84,.302,82,98,6,4,0,3,0,*9/H,,smithca07
92,Nick Gonzales,27,PIT,NL,0.9,75,305,283,42,84,11,1,3,35,4,2,16,55,.297,.344,.375,.719,99,.325,99,106,9,5,0,1,0,*54/6H,,gonzani01
93,Casey Schmitt,27,SFG,NL,1.4,72,305,289,35,85,15,1,16,42,7,1,7,60,.294,.321,.519,.840,136,.363,133,150,5,6,0,3,0,7D3/465,,schmica01
94,Chandler Simpson*,25,TBR,AL,0.6,76,303,280,33,74,6,4,0,16,19,8,17,31,.264,.304,.314,.619,72,.287,72,88,2,0,4,2,0,*7/H8,,simpsch01
95,Mauricio Dubón,31,ATL,NL,1.8,75,302,280,32,74,15,2,8,43,1,2,19,44,.264,.316,.418,.733,106,.325,107,117,4,2,0,0,0,678/5HD,,dubonma01
96,Luke Keaschall,23,MIN,AL,0.2,76,302,265,38,66,12,1,2,24,11,3,29,47,.249,.331,.325,.656,83,.306,84,86,4,5,0,3,1,*4/H9,,keasclu01
97,Spencer Steer,28,CIN,NL,0.0,76,301,267,45,64,13,0,13,33,3,0,29,68,.240,.319,.434,.753,105,.333,102,116,8,3,0,2,0,3794/H5D,,steersp01
98,Xander Bogaerts,33,SDP,NL,1.2,75,299,261,32,60,4,0,8,30,10,1,33,55,.230,.321,.337,.658,85,.319,94,88,2,3,0,2,0,*6,,bogaexa01
99,Steven Kwan*,28,CLE,AL,0.8,73,299,251,32,53,9,0,1,13,3,1,39,32,.211,.322,.259,.581,67,.279,70,65,6,3,3,2,1,*87/H,,kwanst01
100,Ceddanne Rafaela,25,BOS,AL,3.7,75,299,277,33,79,18,3,7,35,10,6,15,61,.285,.336,.448,.783,120,.348,124,124,8,6,1,0,0,*8/H,,rafaece01
101,Dansby Swanson,32,CHC,NL,2.3,77,299,256,48,51,9,2,11,46,10,0,37,71,.199,.299,.379,.678,93,.325,103,97,2,1,1,4,0,*6/DH,,swansda01
102,Brandon Marsh*,28,PHI,NL,2.1,76,297,278,46,90,14,2,12,41,8,3,14,74,.324,.357,.518,.875,135,.379,135,144,2,2,0,3,1,*789/H,,marshbr02
103,Masyn Winn,24,STL,NL,1.2,70,297,261,32,64,11,2,3,31,6,2,25,58,.245,.320,.337,.657,87,.306,92,88,7,6,0,5,0,*6,,winnma01
104,Brayan Rocchio#,25,CLE,AL,2.2,78,296,260,31,70,12,2,5,33,12,4,24,40,.269,.344,.388,.732,106,.338,111,101,4,7,2,3,0,*64,,rocchbr01
105,Spencer Horwitz*,28,PIT,NL,1.2,74,295,246,36,69,11,1,10,33,1,0,40,40,.280,.386,.455,.842,131,.374,133,112,10,5,0,4,0,*3/HD,,horwisp01
106,Maikel Garcia,26,KCR,AL,1.7,69,294,268,32,70,17,2,3,30,5,3,24,45,.261,.320,.373,.693,96,.305,92,100,6,0,0,2,0,*5/6HD,,garcima01
107,Jung Hoo Lee*,27,SFG,NL,1.5,72,293,274,41,91,19,3,5,30,5,0,13,27,.332,.365,.478,.843,140,.372,139,131,3,3,0,3,0,*98/H,,leeju01
108,Vinnie Pasquantino*,28,KCR,AL,0.3,68,291,254,28,57,10,2,6,32,3,0,32,51,.224,.309,.350,.660,87,.303,87,89,3,1,0,4,2,*3/H,,pasquvi01
109,Jac Caglianone*,23,KCR,AL,2.1,76,289,261,39,70,12,1,14,30,3,1,24,87,.268,.339,.483,.822,130,.365,132,126,3,4,0,0,0,*93/DH,,caglija01
110,Nolan Arenado,35,ARI,NL,1.1,75,288,256,34,61,14,0,8,33,3,0,23,58,.238,.313,.387,.699,93,.320,96,99,6,6,0,3,1,*5/DH,,arenano01
111,Liam Hicks*,27,MIA,NL,2.1,73,288,248,40,69,7,1,13,53,1,0,29,28,.278,.359,.472,.831,134,.364,133,117,2,5,1,5,1,2D3H,,hicksli01
112,Matt McLain,26,CIN,NL,0.2,75,288,250,31,50,13,0,8,25,11,2,34,75,.200,.303,.348,.651,79,.299,76,87,3,3,1,0,0,*46/H,,mclaima01
113,Carter Jensen*,22,KCR,AL,0.9,75,287,254,39,62,16,0,11,42,1,0,27,76,.244,.314,.437,.751,110,.329,107,111,3,1,0,5,1,2D/H,,jenseca01
114,Bryson Stott*,28,PHI,NL,0.3,75,286,261,30,62,15,3,7,40,15,0,20,49,.238,.296,.398,.694,87,.319,83,104,7,2,2,1,0,*4/H,,stottbr01
115,Ezequiel Tovar,24,COL,NL,-0.5,75,284,264,24,55,14,0,6,25,4,0,15,81,.208,.254,.330,.583,54,.269,49,87,5,2,0,3,0,*6/H,,tovarez01
116,Oneil Cruz*,27,PIT,NL,1.2,64,283,250,45,66,10,0,14,44,21,4,30,98,.264,.350,.472,.822,124,.377,129,118,3,3,0,0,2,*8/DH,,cruzon01
117,Max Muncy*,35,LAD,NL,3.2,75,282,244,47,65,11,0,16,34,1,0,35,68,.266,.365,.508,.873,142,.376,139,124,4,3,0,0,1,*5/H,,muncyma01
118,Michael Harris II*,25,ATL,NL,2.5,73,279,265,37,81,13,0,14,42,4,1,12,57,.306,.337,.513,.850,136,.369,136,136,2,1,0,1,0,*8/HD7,,harrimi04
119,Jake Bauers*,30,MIL,NL,1.5,69,276,236,45,64,12,1,14,48,5,1,37,69,.271,.377,.508,.885,143,.388,144,120,3,3,0,0,3,*37/9HD,,bauerja01
120,Seiya Suzuki,31,CHC,NL,2.3,65,275,240,36,62,10,0,10,31,0,0,31,74,.258,.349,.425,.774,121,.355,130,102,6,3,0,1,3,9D/H,,suzukse01
121,Andrés Giménez*,27,TOR,AL,0.5,77,272,251,22,58,12,1,7,33,10,2,8,53,.231,.274,.371,.645,74,.288,67,93,6,8,2,3,0,*6/H,,gimenan01
122,Troy Johnston*,29,COL,NL,0.2,73,271,242,30,76,22,0,3,35,4,4,22,47,.314,.378,.442,.820,118,.356,117,107,2,4,1,2,0,973D/H,,johnstr02
123,Willi Castro#,29,COL,NL,1.2,69,270,241,36,68,13,0,6,33,6,4,25,68,.282,.356,.411,.766,104,.342,105,99,3,3,0,1,0,4563/7H8,,castrwi01
124,Chase DeLauter*,24,CLE,AL,0.6,66,270,240,24,63,12,1,7,34,2,1,28,36,.263,.337,.408,.745,109,.331,108,98,6,0,0,2,0,9D/H,,delauch01
125,Ryan O'Hearn*,32,PIT,NL,0.3,66,270,246,35,70,11,0,11,45,1,0,20,60,.285,.341,.463,.804,119,.356,121,114,11,2,0,2,1,93D/H,,ohearry01
126,Isaac Collins#,28,KCR,AL,-0.4,72,269,227,28,51,11,0,3,23,4,4,33,65,.225,.333,.313,.646,85,.299,89,71,3,5,2,2,0,*7/H4D,,colliis01
127,J.P. Crawford*,31,SEA,AL,0.7,64,268,224,33,50,5,0,10,24,1,3,38,50,.223,.347,.379,.726,109,.324,111,85,3,5,0,1,0,6/5HD,,crawfjp01
128,Kody Clemens*,30,MIN,AL,1.3,68,266,241,32,58,16,2,11,30,6,2,18,58,.241,.307,.461,.767,109,.337,107,111,4,5,2,0,1,379/84H,,clemeko01
129,Elly De La Cruz#,24,CIN,NL,2.2,60,266,239,41,66,13,2,12,37,10,5,24,78,.276,.346,.498,.844,128,.371,132,119,2,2,0,1,0,*6/D,,delacel01
130,Brett Baty*,26,NYM,NL,0.0,77,265,235,26,51,9,1,3,26,3,1,24,75,.217,.295,.302,.598,68,.280,70,71,2,3,0,2,0,593/H4D6,,batybr01
131,Ezequiel Durán,27,TEX,AL,1.5,72,265,241,32,63,15,2,6,40,5,1,20,64,.261,.318,.415,.733,113,.329,115,100,3,1,1,2,0,6475/9H38,,duranez01
132,Cedric Mullins*,31,TBR,AL,-0.1,68,265,230,26,47,4,1,6,22,13,6,23,52,.204,.290,.309,.598,66,.276,64,71,2,5,4,1,0,*8/H,,mullice01
133,Nasim Nuñez#,25,WSN,NL,1.6,76,265,229,31,55,4,3,0,27,31,3,28,60,.240,.324,.284,.608,74,.310,76,65,1,1,6,1,0,*46/HD,,nunezna01
134,Nolan Schanuel*,24,LAA,AL,1.1,64,265,237,28,62,13,0,6,30,0,1,21,40,.262,.332,.392,.724,104,.332,111,93,8,5,0,2,0,*3/H,,schanno01
135,Trent Grisham*,29,NYY,AL,0.9,66,264,224,40,52,11,2,8,35,6,1,38,42,.232,.341,.406,.747,108,.342,111,91,4,0,0,2,0,*8/H,,grishtr01
136,Juan Soto*,27,NYM,NL,2.3,62,264,224,36,67,7,1,17,38,6,3,38,34,.299,.399,.567,.966,167,.408,164,127,3,0,0,1,6,7D,,sotoju01
137,Ildemaro Vargas#,34,ARI,NL,1.2,70,264,245,38,64,11,2,7,44,1,0,14,24,.261,.305,.408,.714,96,.323,99,100,3,2,1,1,2,34/H5D716,,vargail01
138,Sal Frelick*,26,MIL,NL,-0.4,73,262,228,28,53,11,0,3,29,5,2,23,25,.232,.302,.320,.622,73,.289,73,73,4,1,1,3,1,*9H/D,,frelisa01
139,George Springer,36,TOR,AL,-0.1,59,262,228,26,50,11,0,8,21,6,2,27,50,.219,.309,.373,.682,85,.314,87,85,5,3,0,1,0,*D/H,,springe01
140,Aaron Judge,34,NYY,AL,2.1,59,261,214,43,53,10,0,17,38,5,3,42,72,.248,.375,.533,.907,150,.393,151,114,8,2,0,1,5,9/D,,judgeaa01
141,Jeff McNeil*,34,ATH,AL,-0.2,74,260,232,21,55,10,0,3,20,1,2,21,35,.237,.309,.319,.628,72,.284,70,74,6,4,1,2,1,*4/H395,,mcneije01
142,Jacob Young,26,WSN,NL,0.8,77,260,243,31,55,8,2,8,30,8,2,12,49,.226,.274,.374,.649,81,.302,85,91,4,4,1,0,0,*8/HD,,youngja03
143,Adolis García,33,PHI,NL,-0.7,67,259,231,21,45,8,1,7,21,3,0,21,84,.195,.270,.329,.599,63,.272,57,76,2,4,0,3,0,*9/H8,,garciad02
144,Luis García Jr.*,26,WSN,NL,1.0,75,259,247,34,65,12,3,13,49,2,1,11,41,.263,.293,.494,.787,117,.343,117,122,5,0,0,1,0,*3H/D,,garcilu04
145,Jose Altuve,36,HOU,AL,0.0,60,257,230,36,54,12,0,8,21,1,2,24,58,.235,.309,.391,.700,94,.315,97,90,10,1,1,1,1,*4/D,,altuvjo01
146,Gavin Sheets*,30,SDP,NL,0.2,73,257,228,29,51,13,0,12,33,4,0,27,61,.224,.311,.439,.750,108,.331,105,100,6,2,0,0,0,37D/H9,,sheetga01
147,Jorge Soler,34,LAA,AL,0.2,61,256,223,30,49,10,1,11,37,0,0,25,81,.220,.305,.422,.726,103,.325,105,94,7,4,0,4,0,D/9H,,solerjo01
148,Caleb Durbin,26,BOS,AL,1.4,72,255,232,27,52,16,1,6,32,7,3,15,36,.224,.281,.379,.660,86,.293,83,88,6,4,2,2,0,*5/H,,durbica01
149,Daulton Varsho*,29,TOR,AL,1.5,68,255,229,31,61,15,2,7,22,7,0,23,50,.266,.337,.441,.778,110,.347,107,101,1,2,0,1,2,*8/HD,,varshda01
150,Kyle Karros,23,COL,NL,0.6,76,254,221,35,55,13,1,4,21,2,0,30,54,.249,.339,.371,.710,89,.326,91,82,2,1,0,2,0,*5/H,,karroky01
151,Kyle Manzardo*,25,CLE,AL,0.7,71,253,219,26,51,7,1,9,27,0,0,28,80,.233,.328,.397,.725,104,.323,103,87,4,4,0,2,0,*3DH,,manzaky01
152,Joc Pederson*,34,TEX,AL,1.3,76,253,214,32,53,7,2,12,28,0,0,32,52,.248,.349,.467,.816,137,.359,138,100,8,3,0,3,1,*DH/39,,pederjo01
153,Leody Taveras#,27,BAL,AL,0.8,70,252,219,30,56,10,5,2,30,9,2,24,60,.256,.331,.374,.705,99,.324,100,82,2,1,7,1,0,*89/H5,,taverle01
154,Drake Baldwin*,25,ATL,NL,1.8,56,249,220,42,59,6,0,14,39,1,1,24,63,.268,.349,.486,.836,134,.365,134,107,7,4,0,1,1,2D/H,,baldwdr01
155,Samuel Basallo*,21,BAL,AL,1.5,68,249,226,29,58,9,1,12,35,0,0,21,65,.257,.317,.465,.782,117,.342,116,105,4,0,0,2,1,2DH/3,,basalsa01
156,Garrett Mitchell*,27,MIL,NL,1.0,68,249,214,32,53,14,2,5,34,6,5,31,85,.248,.347,.402,.749,107,.324,103,86,2,2,1,1,1,*8/HD,,mitchga01
157,Austin Martin,27,MIN,AL,0.9,73,248,211,29,51,11,0,2,17,8,5,31,45,.242,.351,.322,.673,89,.320,98,68,4,5,0,1,0,*97H/8,,martiau01
158,Oswald Peraza,26,LAA,AL,1.9,73,247,231,23,59,11,2,7,21,9,2,9,69,.255,.301,.411,.712,99,.331,106,95,4,6,1,0,0,45H/6D3,,perazos02
159,José Caballero,29,NYY,AL,1.3,68,246,224,31,58,10,0,8,28,18,7,15,50,.259,.317,.411,.728,102,.329,102,92,8,5,0,2,0,6/7594H8D,,cabaljo01
160,Munetaka Murakami*,26,CHW,AL,2.0,57,246,200,43,48,4,0,20,41,1,3,44,80,.240,.378,.560,.938,159,.391,153,112,2,1,0,1,4,3/DH,,murakmu01
161,Justin Crawford*,22,PHI,NL,-0.4,75,244,226,22,55,11,2,2,16,9,3,16,52,.243,.299,.336,.635,73,.290,70,76,1,2,0,0,0,*8/H,,crawfju01
162,Sam Antonacci*,23,CHW,AL,1.5,61,243,206,37,59,10,2,4,22,11,4,18,37,.286,.386,.413,.799,125,.378,138,85,1,16,2,1,0,*74/H,,antonsa01
163,Andrew Benintendi*,31,CHW,AL,-0.3,71,243,220,30,51,10,2,9,38,1,0,19,63,.232,.289,.418,.707,96,.311,92,92,3,0,1,3,0,*DH/79,,beninan01
164,Angel Martínez#,24,CLE,AL,0.6,66,243,226,28,54,11,1,11,33,9,2,7,53,.239,.276,.442,.719,99,.320,97,100,5,5,4,1,0,*79/8H,,martian02
165,Kyle Stowers*,28,MIA,NL,0.2,57,240,210,25,47,14,2,8,29,1,1,23,75,.224,.314,.424,.738,107,.325,107,89,6,5,1,1,2,793/DH,,stoweky01
166,Curtis Mead,25,WSN,NL,1.1,66,237,206,36,46,10,0,14,39,3,2,27,44,.223,.325,.476,.801,122,.350,123,98,6,4,0,0,0,35H/4D,,meadcu01
167,Ronald Acuña Jr.,28,ATL,NL,0.9,53,236,195,31,49,10,1,7,22,15,7,35,52,.251,.373,.421,.793,124,.355,127,82,0,4,0,2,2,9/D,,acunaro01
168,Trevor Larnach*,29,MIN,AL,0.9,66,236,203,35,56,12,1,5,24,2,1,29,44,.276,.374,.419,.793,120,.360,125,85,6,3,1,0,1,*7H/D,,larnatr01
169,Mark Vientos,26,NYM,NL,-0.8,67,235,221,24,48,9,0,10,33,0,0,10,54,.217,.255,.394,.649,79,.279,70,87,10,2,0,2,0,*3H/D5,,vientma01
170,Jake McCarthy*,28,COL,NL,0.3,66,234,213,27,63,13,4,5,32,12,3,14,43,.296,.338,.465,.802,111,.353,107,99,3,1,3,3,0,*879/HD,,mccarja02
171,Rhys Hoskins,33,CLE,AL,-0.6,65,233,189,25,33,12,0,7,27,0,0,37,71,.175,.313,.349,.663,87,.305,90,66,3,3,0,4,0,3DH/7,,hoskirh01
172,Connor Norby,26,MIA,NL,-0.2,65,233,200,17,41,12,0,4,16,6,3,24,70,.205,.313,.325,.638,82,.295,85,65,5,8,0,1,0,35D/H,,norbyco01
173,Jesús Sánchez*,28,TOR,AL,-0.3,72,232,213,22,59,14,0,7,29,1,1,10,51,.277,.319,.441,.760,105,.327,98,94,4,5,0,4,1,*97H/D,,sanchje02
174,Colt Keith*,24,DET,AL,0.1,73,230,215,28,54,8,2,4,17,4,0,11,45,.251,.296,.363,.658,82,.296,76,78,4,3,0,1,0,5DH/3,,keithco01
175,Evan Carter*,23,TEX,AL,1.4,66,229,193,26,34,6,2,6,21,10,0,29,54,.176,.292,.321,.613,80,.290,82,62,0,3,3,1,0,*8/H,,carteev01
176,Nolan Gorman*,26,STL,NL,-0.3,62,229,201,19,39,4,0,7,26,0,1,25,74,.194,.279,.318,.598,70,.264,64,64,1,0,0,3,2,5D/H,,gormano01
177,Zack Gelof,26,ATH,AL,2.2,62,228,209,40,59,10,1,11,29,8,1,14,55,.282,.336,.498,.834,124,.382,132,104,5,3,2,0,0,584/H9,,gelofza01
178,Marcelo Mayer*,23,BOS,AL,0.0,70,228,205,19,45,10,0,3,22,3,0,16,44,.220,.282,.312,.594,69,.278,70,64,5,3,0,3,0,46/H,,mayerma01
179,Adley Rutschman#,28,BAL,AL,1.6,54,228,201,26,51,15,1,8,40,0,1,23,33,.254,.329,.458,.787,119,.344,119,92,5,1,0,3,0,2D/H,,rutscad01
180,Daniel Schneemann*,29,CLE,AL,1.1,65,227,206,24,43,9,0,6,26,4,2,21,68,.209,.282,.340,.622,74,.282,74,70,5,0,0,0,0,854H/69,,schneda04
181,Victor Caratini#,32,MIN,AL,0.0,59,222,186,19,45,6,0,6,30,0,0,21,42,.242,.333,.371,.704,95,.323,98,69,4,8,0,7,0,23/HD,,caratvi01
182,Luke Raley*,31,SEA,AL,0.3,71,222,202,25,48,7,1,14,35,1,1,12,72,.238,.300,.490,.790,122,.342,121,99,0,6,2,0,1,*9H/7D8,,raleylu01
183,Marcell Ozuna,35,PIT,NL,-0.8,54,221,199,16,40,5,0,6,25,0,0,20,65,.201,.281,.317,.597,65,.277,65,63,4,2,0,0,1,D/H,,ozunama01
184,Lawrence Butler*,25,ATH,AL,-1.2,73,220,198,28,39,7,0,5,21,6,3,22,59,.197,.277,.308,.585,60,.272,59,61,3,0,0,0,1,*98H/D,,butlela01
185,Coby Mayo,24,BAL,AL,-0.8,64,220,201,27,38,7,0,10,30,1,0,16,74,.189,.255,.373,.628,74,.281,72,75,3,2,0,1,0,5/D3H,,mayoco01
186,Tristan Peters*,26,CHW,AL,2.0,75,220,196,25,56,17,2,3,24,4,2,16,40,.286,.347,.439,.786,119,.347,119,86,0,3,4,1,0,*89/H7,,petertr01
187,JJ Bleday*,28,CIN,NL,1.2,51,219,185,28,45,11,1,13,35,2,2,29,43,.243,.349,.524,.873,136,.378,138,97,3,2,0,2,1,7/D9H,,bledajj01
188,Matt Vierling,29,DET,AL,-1.1,68,219,198,17,40,11,1,5,27,2,2,17,36,.202,.260,.343,.604,66,.263,58,68,4,0,0,4,0,*8H/97,,vierlma01
189,Cal Raleigh#,29,SEA,AL,-0.3,50,218,191,18,32,5,0,8,21,2,1,25,68,.168,.261,.319,.581,66,.262,64,61,4,0,0,2,0,2D/H,,raleica01
190,Owen Caissie*,23,MIA,NL,-0.3,69,217,193,24,44,11,0,9,43,4,1,16,85,.228,.286,.425,.711,99,.316,98,82,2,2,0,6,0,*9/HD,,caissow01
191,Tyler Stephenson,29,CIN,NL,0.4,62,217,189,15,40,7,0,6,22,0,1,26,57,.212,.304,.344,.648,78,.294,77,65,4,0,0,2,0,*2/H,,stephty01
192,Mike Yastrzemski*,35,ATL,NL,0.5,71,217,193,27,44,9,1,4,19,1,0,20,54,.228,.313,.347,.661,87,.303,89,67,1,4,0,0,0,*79H/8D,,yastrmi01
193,Paul Goldschmidt,38,NYY,AL,1.8,55,216,196,31,59,9,1,14,40,1,0,16,44,.301,.361,.571,.933,156,.399,153,112,2,3,0,1,0,3D/H,,goldspa01
194,Taylor Walls#,29,TBR,AL,1.7,61,215,179,29,40,9,2,0,18,12,2,26,54,.223,.325,.296,.621,74,.300,75,53,2,2,6,2,0,*6/H,,wallsta01
195,David Hamilton*,28,MIL,NL,0.8,65,214,184,31,42,5,1,3,12,16,5,20,50,.228,.307,.315,.623,73,.289,69,58,1,1,8,0,0,56/4H,,hamilda03
196,Jacob Wilson,24,ATH,AL,0.2,50,214,202,23,56,10,0,4,26,2,0,10,25,.277,.310,.386,.696,89,.321,92,78,4,0,1,1,0,6,,wilsoja05
197,Travis Bazzana*,23,CLE,AL,1.5,50,213,184,24,48,11,1,7,24,12,3,26,43,.261,.357,.446,.802,125,.362,125,82,0,2,0,1,1,4/DH,,bazzatr01
198,Edouard Julien*,27,COL,NL,-0.8,68,211,184,23,41,5,1,2,17,4,3,26,57,.223,.322,.293,.616,66,.288,67,54,6,1,0,0,0,4H3/D,,julieed01
199,J.T. Realmuto,35,PHI,NL,0.3,56,211,187,21,38,8,0,5,24,3,0,17,41,.203,.284,.326,.611,66,.281,63,61,3,5,0,2,0,*2,,realmjt01
200,Gabriel Moreno,26,ARI,NL,2.1,53,210,180,26,50,12,0,6,26,4,1,23,35,.278,.362,.444,.806,123,.364,127,80,3,3,0,4,0,2/DH,,morenga01
201,Carson Kelly,31,CHC,NL,1.5,59,209,185,30,52,9,0,4,29,0,0,21,34,.281,.364,.395,.758,118,.351,127,73,4,3,0,0,0,2/H3D1,,kellyca02
202,Luis Rengifo#,29,MIL,NL,-0.4,57,209,185,19,38,9,0,0,19,3,2,19,24,.205,.280,.254,.534,50,.247,44,47,2,1,2,2,1,5H/34D,,rengilu01
203,Corey Seager*,32,TEX,AL,0.8,48,209,180,26,33,6,0,9,24,1,0,25,54,.183,.287,.367,.654,91,.290,88,66,6,2,0,2,2,6,,seageco01
204,Konnor Griffin,20,PIT,NL,1.5,51,208,189,30,51,9,2,4,22,14,1,14,56,.270,.327,.402,.729,100,.336,97,76,2,3,0,2,0,6/DH,,griffko01
205,Carlos Cortes*,29,ATH,AL,0.2,62,206,181,17,50,9,1,6,22,1,0,21,23,.276,.359,.436,.796,116,.353,115,79,8,3,0,1,0,9DH/71,,corteca01
206,Ramón Laureano,31,SDP,NL,0.0,53,206,182,23,37,6,2,7,21,7,2,20,65,.203,.286,.374,.660,84,.293,78,68,1,2,0,2,0,7/9HD,,laurera01
207,Lane Thomas,30,KCR,AL,0.0,67,206,173,19,38,7,0,5,22,3,3,29,43,.220,.335,.347,.682,94,.307,95,60,3,2,0,2,0,*89H7/D,,thomala02
208,Christian Yelich*,34,MIL,NL,0.5,46,206,183,36,47,9,1,5,24,5,0,20,57,.257,.335,.399,.734,103,.326,97,73,1,2,0,1,2,D/7H,,yelicch01
209,Miguel Andujar,31,SDP,NL,-0.4,58,205,195,18,48,12,2,5,17,2,2,8,34,.246,.283,.405,.688,90,.295,83,79,8,2,0,0,2,D/H53,,andujmi01
210,Dominic Canzone*,28,SEA,AL,1.5,71,205,182,28,50,12,1,12,33,1,1,18,41,.275,.346,.549,.896,152,.383,149,100,1,3,0,2,0,DH9,,canzodo01
211,Jackson Chourio,22,MIL,NL,1.7,44,205,189,31,56,13,0,10,30,5,0,14,50,.296,.346,.524,.870,137,.383,138,99,1,1,0,1,1,78/9H,,chourja01
212,Eugenio Suárez,34,CIN,NL,-0.6,52,205,187,16,39,9,0,7,26,0,0,16,68,.209,.273,.369,.642,75,.291,74,69,2,1,0,1,0,D5/H,,suareeu01
213,Teoscar Hernández,33,LAD,NL,0.8,51,204,181,30,50,8,0,7,31,2,0,19,55,.276,.348,.436,.785,119,.347,117,79,6,2,0,2,1,7/D,,hernate01
214,Brent Rooker,31,ATH,AL,-0.4,48,203,180,20,36,4,0,10,29,2,0,19,65,.200,.281,.389,.670,80,.299,76,70,3,2,0,2,1,D/97H,,rookebr01
215,Tyler Freeman,27,COL,NL,-0.5,52,202,175,25,49,5,1,3,22,5,3,9,25,.280,.360,.371,.732,96,.334,99,65,10,13,5,0,0,9/4DH8,,freemty01
216,Jeremiah Jackson,26,BAL,AL,0.7,65,202,195,22,49,8,0,7,32,2,1,4,40,.251,.267,.400,.667,85,.300,87,78,10,1,0,2,0,*4/HD79,,jacksje02
217,Ryan McMahon*,31,NYY,AL,0.0,69,202,186,19,39,4,0,8,23,3,1,15,62,.210,.269,.360,.629,74,.285,73,67,5,0,1,0,0,*5/H6,,mcmahry01
218,Colton Cowser*,26,BAL,AL,0.9,71,201,175,26,40,3,0,8,27,2,2,22,58,.229,.315,.383,.698,96,.306,92,67,1,1,1,2,0,*89H7/D,,cowseco01
219,Brice Matthews,24,HOU,AL,0.2,70,201,185,19,37,5,1,6,18,2,4,13,66,.200,.251,.335,.586,62,.254,57,62,3,0,2,1,0,*784H/5,,matthbr01
220,Will Smith,31,LAD,NL,1.1,52,201,173,23,43,5,0,6,23,0,0,23,34,.249,.338,.382,.720,102,.319,99,66,5,2,0,3,0,2/HD,,smithwi05
221,Mookie Betts,33,LAD,NL,1.5,46,200,183,28,42,7,0,9,21,1,2,15,27,.230,.290,.415,.705,95,.312,96,76,6,1,0,1,0,6,,bettsmo01
222,Nathan Church*,25,STL,NL,1.3,60,199,184,25,49,9,1,5,20,5,2,11,43,.266,.312,.408,.719,103,.317,100,75,3,2,0,2,0,*78/H9,,churcna01
223,Nathaniel Lowe*,30,CIN,NL,0.6,62,197,172,19,44,11,0,9,25,0,0,25,48,.256,.350,.477,.827,125,.369,129,82,1,0,0,0,1,D3H,,lowena01
224,Michael Massey*,28,KCR,AL,1.1,63,196,184,24,49,14,0,7,27,2,0,7,32,.266,.289,.457,.745,107,.326,104,84,3,0,2,3,0,*4/H759,,massemi02
225,Blaze Alexander,27,BAL,AL,1.2,68,194,174,22,53,12,1,3,23,8,3,12,42,.305,.358,.437,.795,123,.356,125,76,5,3,2,1,1,546/87H9,,alexabl01
226,Nick Fortes,29,TBR,AL,-0.3,61,194,179,19,45,10,0,1,15,0,0,5,23,.251,.297,.324,.621,72,.276,65,58,6,7,2,1,0,*2H/D,,forteni01
227,Royce Lewis,27,MIN,AL,0.3,48,192,170,19,35,6,0,7,21,5,0,18,53,.206,.286,.365,.651,79,.306,82,62,2,2,0,2,0,53/4,,lewisro02
228,Logan O'Hoppe,26,LAA,AL,0.4,56,190,171,19,41,8,0,4,21,0,0,14,46,.240,.307,.357,.664,87,.296,85,61,3,3,1,1,0,*2/H,,ohopplo01
229,Javier Sanoja,23,MIA,NL,0.4,64,190,177,14,44,13,0,2,25,3,1,11,20,.249,.291,.356,.647,83,.308,93,63,2,0,1,1,0,57/46H198,,sanojja01
230,Dominic Smith*,31,ATL,NL,0.5,65,190,172,26,48,5,1,6,31,0,0,11,25,.279,.317,.424,.742,108,.337,113,73,4,1,1,5,0,DH/37,,smithdo02
231,Gleyber Torres,29,DET,AL,1.8,43,190,157,26,44,6,0,4,18,0,0,29,33,.280,.395,.395,.790,120,.361,125,62,2,2,0,2,1,4/D,,torregl01
232,Ben Williamson,25,TBR,AL,0.6,58,189,170,23,40,8,1,1,19,5,1,17,37,.235,.309,.312,.620,73,.285,69,53,6,1,1,0,0,46H/51D,,willibe03
233,Alex Freeland#,24,LAD,NL,1.1,58,188,162,20,39,7,0,3,17,1,0,20,52,.241,.324,.340,.664,87,.301,85,55,4,1,3,2,0,*4/H6,,freelal01
234,Jake Mangum#,30,PIT,NL,0.4,61,188,172,22,50,7,0,1,14,14,4,10,33,.291,.335,.349,.684,89,.323,93,60,4,2,3,1,1,*789H,,manguja01
235,Joey Ortiz,27,MIL,NL,0.0,66,188,162,18,32,5,0,1,15,5,3,20,34,.198,.281,.247,.528,48,.242,41,40,4,0,3,3,0,*6/H5D,,ortizjo06
236,Richie Palacios*,29,TBR,AL,0.3,57,188,162,23,39,6,2,1,21,7,5,22,37,.241,.340,.321,.661,85,.303,88,52,4,3,0,1,0,*4H/579D,,palacri01
237,Jeremy Peña,28,HOU,AL,2.0,45,188,169,31,49,9,0,6,19,8,1,15,30,.290,.356,.450,.806,124,.375,132,76,1,3,0,1,0,6/H,,penaje02
238,Zach McKinstry*,31,DET,AL,-0.5,56,186,162,11,29,4,2,2,12,1,3,20,35,.179,.266,.265,.532,48,.265,62,43,2,0,2,2,1,469/H58,,mckinza01
239,Victor Scott II*,25,STL,NL,-0.6,61,184,155,19,30,4,0,2,9,9,4,16,44,.194,.276,.258,.534,53,.247,47,40,3,2,10,1,0,*8/DH,,scottvi01
240,Francisco Alvarez,24,NYM,NL,0.3,51,183,163,17,42,5,0,8,18,0,0,15,44,.258,.326,.436,.762,111,.338,112,71,11,2,0,1,0,2/DH,,alvarfr01
241,Kyle Isbel*,29,KCR,AL,0.3,56,183,164,16,40,7,1,3,11,5,0,10,41,.244,.298,.354,.651,84,.301,83,58,4,3,5,1,0,*8/H,,isbelky01
242,Kerry Carpenter*,28,DET,AL,0.1,58,182,160,18,35,4,2,10,29,0,0,15,56,.219,.297,.456,.753,105,.324,99,73,1,4,0,3,0,9DH/7,,carpeke01
243,Drew Gilbert*,25,SFG,NL,0.2,61,182,159,18,37,8,2,3,15,0,3,17,33,.233,.322,.365,.687,97,.304,100,58,4,4,2,0,2,*87H/9,,gilbedr01
244,Austin Wells*,26,NYY,AL,-0.3,52,182,158,16,26,2,0,4,8,0,0,23,50,.165,.269,.253,.522,47,.241,42,40,5,0,0,1,2,2/H,,wellsau01
245,TJ Friedl*,30,CIN,NL,-0.6,47,178,156,15,28,6,0,2,8,5,0,13,42,.179,.259,.256,.515,42,.243,33,40,1,4,4,1,0,87/H,,friedtj01
246,José Fernández,22,ARI,NL,-0.2,55,177,165,23,42,7,0,3,15,7,2,7,40,.255,.289,.352,.641,77,.301,81,58,2,1,4,0,0,D35H/6,,fernajo06
247,Brady House,23,WSN,NL,0.1,44,177,163,22,37,7,0,7,25,1,0,13,50,.227,.282,.399,.681,89,.313,95,65,4,0,0,1,0,5/DH,,housebr01
248,Ty France,31,SDP,NL,1.3,57,176,163,19,41,7,2,9,26,1,1,9,45,.252,.297,.485,.782,115,.330,108,79,5,2,0,1,1,*3/H5D,,francty01
249,Vaughn Grissom,25,LAA,AL,0.0,46,176,153,17,36,10,0,4,30,0,0,15,20,.235,.314,.379,.693,95,.311,95,58,7,4,0,3,0,345/HD,,grissva01
250,Heliot Ramos,26,SFG,NL,0.3,44,176,165,19,44,12,1,4,20,0,0,10,47,.267,.307,.424,.731,107,.320,105,70,1,0,0,1,1,7/H,,ramoshe02
251,Keibert Ruiz#,27,WSN,NL,0.9,52,176,167,22,46,15,0,6,29,2,1,5,24,.275,.301,.473,.774,114,.331,108,79,5,2,0,2,0,2/H,,ruizke01
252,Trevor Story,33,BOS,AL,-0.1,41,176,165,16,34,7,0,3,19,4,0,8,57,.206,.244,.303,.547,55,.268,62,50,6,1,0,2,0,6/D,,storytr01
253,Moisés Ballesteros*,22,CHC,NL,0.3,59,175,156,16,36,6,0,6,23,1,0,17,36,.231,.303,.385,.687,96,.305,93,60,1,0,0,2,0,DH/2,,ballemo01
254,Wenceel Pérez#,26,DET,AL,-0.7,53,175,161,22,29,4,1,7,17,3,1,14,29,.180,.246,.348,.594,62,.263,56,56,1,0,0,0,0,98/H7D,,perezwe01
255,Heriberto Hernández,26,MIA,NL,0.7,52,174,157,17,36,3,1,8,29,5,2,15,43,.229,.299,.414,.713,100,.323,104,65,0,1,0,1,0,7H/9D,,hernahe01
256,Masataka Yoshida*,32,BOS,AL,-0.2,53,173,152,16,36,7,1,1,10,2,0,17,21,.237,.324,.316,.639,83,.296,83,48,1,3,0,1,0,DH/7,,yoshima02
257,Edgar Quero#,23,CHW,AL,-0.9,55,172,150,12,28,1,0,2,15,1,0,12,41,.187,.253,.233,.486,38,.228,33,35,5,3,2,5,0,2H/D,,queroed01
258,Christian Vázquez,35,HOU,AL,0.4,54,171,155,16,33,6,0,4,19,0,0,13,28,.213,.274,.329,.603,68,.268,61,51,1,0,3,0,1,2/HD,,vazquch01
259,Mickey Moniak*,28,COL,NL,0.9,46,170,156,22,44,9,2,12,28,1,0,10,43,.282,.335,.596,.931,141,.394,139,93,3,3,0,1,0,789D/H,,moniami01
260,Wyatt Langford,24,TEX,AL,1.6,39,168,157,22,42,7,2,8,20,5,0,10,37,.268,.315,.490,.806,132,.354,129,77,3,1,0,0,0,78/D,,langfwy01
261,Jorbit Vivas*,25,WSN,NL,0.0,59,168,145,20,37,7,0,3,14,0,1,14,22,.255,.333,.366,.699,97,.316,100,53,3,4,2,2,0,54H/D1,,vivasjo01
262,Brandon Valenzuela#,25,TOR,AL,1.3,51,164,144,17,36,6,0,7,19,1,0,18,40,.250,.331,.438,.769,108,.338,104,63,1,0,1,1,0,2/H,,valenbr01
263,Jared Triolo,28,PIT,NL,0.1,48,162,145,14,33,6,0,0,9,5,1,13,39,.228,.300,.269,.569,59,.291,72,39,4,2,1,0,0,65/39HD,,triolja01
264,Patrick Bailey#,27,2TM,2LG,0.0,54,162,149,13,27,3,1,2,12,2,0,12,41,.181,.241,.255,.496,41,.233,39,38,5,0,0,1,0,2/H,,bailepa01
264,Patrick Bailey#,27,SFG,NL,-0.3,30,89,82,5,12,0,0,1,5,2,0,7,22,.146,.213,.183,.396,15,.192,9,15,3,0,0,0,0,2,,bailepa01
264,Patrick Bailey#,27,CLE,AL,0.3,24,73,67,8,15,3,1,1,7,0,0,5,19,.224,.274,.343,.617,73,.284,75,23,2,0,0,1,0,2/H,,bailepa01
265,A.J. Ewing*,21,NYM,NL,1.2,41,159,138,16,36,7,1,3,15,8,3,18,41,.261,.344,.391,.735,106,.336,109,54,1,0,2,1,0,8/H,,ewingaj01
266,Nathan Lukes*,31,TOR,AL,0.9,47,159,145,17,43,8,0,3,15,0,1,7,26,.297,.344,.414,.758,106,.339,109,60,6,4,2,1,0,978/H,,lukesna01
267,Nick Loftin,27,KCR,AL,0.2,46,158,133,21,33,12,1,3,24,1,0,17,20,.248,.344,.421,.765,115,.344,117,56,2,4,1,3,0,45/H367,,loftini01
268,Dalton Rushing*,25,LAD,NL,1.1,47,157,139,21,34,7,0,8,22,0,0,14,43,.245,.331,.468,.799,121,.354,123,65,2,4,0,0,0,2/H3D,,rushida01
269,José Tena*,25,WSN,NL,-0.4,60,157,145,20,32,8,2,3,16,2,0,11,52,.221,.280,.366,.646,80,.289,76,53,5,1,0,0,0,DH/4795,,tenajo01
270,Bryce Eldridge*,21,SFG,NL,0.8,39,156,133,21,37,9,0,6,16,0,0,22,34,.278,.378,.481,.859,145,.371,141,64,0,0,0,1,1,D3/H,,eldribr01
271,Henry Davis,26,PIT,NL,0.2,51,155,135,16,20,5,0,6,19,2,1,14,32,.148,.247,.319,.565,55,.260,53,43,3,4,1,1,0,2/HD,,davishe01
272,Blake Dunn,27,CIN,NL,1.0,37,152,140,20,39,7,1,2,6,6,3,10,32,.279,.336,.386,.721,98,.321,96,54,2,2,0,0,0,89/H7D,,dunnbl01
273,Adrian Del Castillo*,26,ARI,NL,-0.5,47,150,137,11,26,4,0,4,20,0,0,12,44,.190,.253,.307,.560,55,.264,57,42,5,0,0,1,0,D2/H31,,delcaad01
274,Tristan Gray*,30,MIN,AL,-0.5,52,150,137,14,34,5,0,4,28,2,0,8,46,.248,.289,.372,.661,82,.293,75,51,1,1,1,3,0,65/H43,,graytr01
275,Carlos Narváez,27,BOS,AL,-0.1,46,149,132,15,27,6,0,2,4,1,0,11,47,.205,.279,.295,.574,64,.276,70,39,5,3,2,1,0,2/DH,,narvaca01
276,Gary Sánchez,33,MIL,NL,0.3,46,149,121,22,26,4,1,7,21,0,0,25,30,.215,.356,.438,.794,119,.349,117,53,5,2,0,1,0,2DH/3,,sanchga02
277,Kyle Higashioka,36,TEX,AL,0.5,44,148,133,16,31,3,0,5,14,0,0,14,40,.233,.311,.368,.679,99,.311,104,49,5,1,0,0,0,2/DH1,,higasky01
278,Ryan Jeffers,29,MIN,AL,1.8,37,148,122,26,36,7,1,7,26,1,0,23,23,.295,.408,.541,.949,161,.425,169,66,2,1,0,1,0,2/DH,,jeffery01
279,Tyler O'Neill,31,BAL,AL,-0.6,48,148,131,15,24,5,0,2,8,1,0,15,41,.183,.277,.267,.544,55,.262,58,35,2,2,0,0,0,9H/D,,oneilty01
280,Max Muncy,23,ATH,AL,-0.8,39,147,131,20,30,6,2,5,20,3,2,9,47,.229,.293,.420,.712,92,.311,88,55,4,4,0,3,0,5/DH6,,muncyma02
281,Freddy Fermin,31,SDP,NL,0.2,52,146,124,14,18,5,0,3,11,0,1,15,30,.145,.245,.258,.503,42,.241,44,32,2,2,3,2,0,2,,fermifr01
282,Luis Torrens,30,NYM,NL,0.7,49,146,134,15,29,9,0,1,15,0,0,6,32,.216,.271,.306,.577,62,.258,54,41,1,4,2,0,0,2/H3D,,torrelu01
283,Luisangel Acuña,24,CHW,AL,-0.5,57,145,133,14,28,2,0,1,10,14,2,7,26,.211,.252,.248,.500,41,.239,30,33,4,1,2,2,0,86H/14D,,acunajo01
284,Jonny DeLuca,27,TBR,AL,0.7,47,145,137,19,37,13,0,4,23,7,2,6,30,.270,.301,.453,.753,105,.332,102,62,6,0,2,0,0,98H/D7,,delucjo01
285,MJ Melendez*,27,NYM,NL,-0.3,56,144,120,14,23,5,1,4,11,0,1,17,50,.192,.315,.350,.665,87,.297,85,42,0,5,1,1,0,D7H/9,,melenmj01
286,Alejandro Osuna*,23,TEX,AL,0.4,47,144,123,14,32,4,0,0,12,4,2,13,21,.260,.364,.293,.656,96,.314,106,36,2,7,1,0,0,78/9H,,osunaal02
287,Henry Bolte,22,ATH,AL,1.5,39,143,122,12,39,6,0,2,10,9,3,13,39,.320,.406,.418,.824,126,.371,125,51,2,6,0,2,0,8/H,,boltehe01
288,Pedro Pagés,27,STL,NL,-0.2,44,143,129,12,28,6,0,4,11,2,0,6,35,.217,.259,.357,.616,73,.272,65,46,5,2,4,2,0,2/3,,pagespe02
289,Myles Straw,31,TOR,AL,0.0,70,143,126,24,31,6,0,2,12,2,1,13,21,.246,.312,.341,.653,78,.291,72,43,1,0,2,2,0,*H798/D1,,strawmy01
290,Danny Jansen,31,TEX,AL,0.5,41,142,123,11,21,6,1,3,12,1,1,13,40,.171,.277,.309,.586,72,.266,74,38,5,5,1,0,0,2/HD,,janseda01
291,Carlos Correa,31,HOU,AL,1.3,32,141,122,22,34,8,0,3,16,1,0,18,26,.279,.369,.418,.787,120,.355,122,51,5,0,0,1,1,65,,correca01
292,Matt Shaw,24,CHC,NL,0.6,53,140,126,18,31,6,2,4,20,4,1,9,26,.246,.309,.421,.730,107,.325,106,53,2,3,1,1,0,9HD/45378,,shawma01
293,Edmundo Sosa,30,PHI,NL,0.1,46,139,129,17,30,5,1,5,24,2,0,3,31,.233,.268,.403,.671,80,.311,84,52,2,4,0,2,0,4756/HD,,sosaed01
294,Ryan Vilade,27,TBR,AL,0.7,47,139,123,12,34,6,1,5,27,3,0,12,28,.276,.333,.463,.797,118,.361,122,57,2,0,1,3,0,9H37/4D,,viladry01
295,Josh Lowe*,28,LAA,AL,-1.1,46,138,129,8,24,2,0,5,14,1,0,6,41,.186,.226,.318,.544,52,.241,44,41,0,1,1,1,0,7/H89,,lowejo01
296,Yohendrick Piñango*,24,TOR,AL,-0.1,43,136,127,10,36,7,0,4,18,0,0,9,30,.283,.331,.433,.764,106,.335,103,55,4,0,0,0,0,79/HD,,pinanyo01
297,Matt Wallner*,28,MIN,AL,-1.3,34,135,120,14,20,3,0,4,10,0,1,10,53,.167,.259,.292,.551,53,.250,50,35,2,5,0,0,0,9/H,,wallnma01
298,Darell Hernaiz,24,ATH,AL,-0.2,47,134,118,12,28,3,0,1,7,3,0,13,23,.237,.318,.288,.606,67,.283,62,34,1,1,2,0,0,654/H9,,hernada04
299,Jake Meyers,30,HOU,AL,0.0,46,134,123,13,25,5,0,3,11,1,2,9,28,.203,.261,.317,.578,61,.266,64,39,3,1,0,1,0,8/H,,meyerja02
300,Miguel Amaya,27,CHC,NL,0.9,45,133,108,18,24,5,0,3,10,0,0,16,27,.222,.359,.352,.711,105,.348,126,38,5,7,1,0,0,2D/H3,,amayami01
301,Andruw Monasterio,29,BOS,AL,-0.3,47,133,125,14,28,10,0,3,12,1,3,8,33,.224,.271,.376,.647,82,.281,82,47,2,0,0,0,0,4H6D/35,,monasan01
302,Lourdes Gurriel Jr.,32,ARI,NL,-0.3,32,132,121,8,27,6,0,1,16,1,0,8,24,.223,.273,.298,.570,59,.257,51,36,0,1,0,2,0,7/D,,gurrilo01
303,Isiah Kiner-Falefa,31,BOS,AL,1.3,47,132,119,19,33,4,0,2,13,7,2,12,18,.277,.344,.361,.705,101,.327,104,43,3,0,1,0,0,46/5HD3,,kineris01
304,Amed Rosario,30,NYY,AL,0.0,43,132,121,16,30,4,1,7,22,1,0,8,29,.248,.288,.471,.759,108,.332,105,57,1,0,0,3,0,5/H497D,,rosaram01
305,Hyeseong Kim*,27,LAD,NL,0.5,43,131,116,16,30,3,1,1,11,5,1,12,31,.259,.323,.328,.651,84,.297,79,38,2,0,0,2,0,64/7H,,kimhy02
306,Roman Anthony*,22,BOS,AL,0.8,30,130,109,12,25,5,1,1,5,2,0,20,33,.229,.354,.321,.675,94,.314,96,35,0,1,0,0,1,7D/9H,,anthoro01
307,Drew Millas#,28,WSN,NL,-0.5,44,130,113,16,20,4,0,2,9,0,0,10,30,.177,.262,.265,.527,49,.245,45,30,0,3,2,0,0,2/H,,milladr01
308,Yoán Moncada#,31,LAA,AL,-0.3,41,130,111,9,21,1,1,3,10,1,0,17,45,.189,.308,.297,.605,73,.283,74,33,2,2,0,0,0,5/HD,,moncayo01
309,Miguel Rojas,37,LAD,NL,0.6,52,130,114,12,31,6,0,2,13,0,1,9,14,.272,.328,.377,.705,98,.314,98,43,5,2,2,3,0,H46/513D,,rojasmi02
310,Andrew Vaughn,28,MIL,NL,1.3,40,130,111,16,39,12,1,2,24,0,0,16,14,.351,.438,.532,.970,167,.427,173,59,2,2,0,1,1,3H/D5,,vaughan01
311,Yainer Diaz,27,HOU,AL,-0.2,32,129,122,9,30,6,0,3,16,0,1,5,20,.246,.271,.369,.640,77,.282,74,45,4,0,0,2,0,2/DH,,diazya02
312,Dane Myers,30,CIN,NL,0.2,60,129,110,17,28,5,0,3,13,5,0,16,32,.255,.357,.382,.738,103,.346,107,42,4,2,0,1,0,8H/D,,myersda01
313,Agustín Ramírez,24,MIA,NL,-0.2,31,129,113,14,26,5,1,2,14,3,1,13,28,.230,.318,.345,.663,89,.296,84,39,5,2,0,1,1,2D/H,,ramirag01
314,Dylan Crews,24,WSN,NL,0.5,32,128,122,19,28,4,0,5,17,3,0,2,26,.230,.266,.385,.651,81,.287,73,47,2,4,0,0,0,98/7HD,,crewsdy01
315,David Fry,30,CLE,AL,0.0,51,128,109,14,23,4,0,4,9,0,0,19,39,.211,.328,.358,.686,94,.311,94,39,3,0,0,0,1,H9D7/253,,fryda01
316,Ke'Bryan Hayes,29,CIN,NL,-0.2,44,128,120,10,17,2,1,2,5,1,0,8,20,.142,.195,.225,.420,15,.207,13,27,5,0,0,0,0,5/H,,hayeske01
317,Joe Mack*,23,MIA,NL,0.8,38,128,116,18,30,5,0,4,18,0,0,9,33,.259,.317,.405,.723,104,.317,101,47,2,1,2,0,0,2/H,,mackjo02
318,Alex Call,31,LAD,NL,0.8,49,124,103,19,27,5,0,1,16,1,1,16,18,.262,.371,.340,.711,102,.338,114,35,2,3,0,2,0,7H/98D,,callal02
319,Michael Conforto*,33,CHC,NL,0.2,50,124,107,14,24,10,0,4,15,1,0,16,38,.224,.323,.430,.752,114,.332,112,46,3,0,0,1,0,DH97,,confomi01
320,Jonah Heim#,31,2TM,2LG,0.6,37,124,111,15,27,8,0,6,18,0,0,11,21,.243,.306,.477,.784,113,.352,118,53,3,0,0,2,0,2/HD35,,heimjo01
320,Jonah Heim#,31,ATL,NL,-0.2,12,45,39,4,9,4,0,1,8,0,0,5,5,.231,.311,.410,.721,102,.315,98,16,1,0,0,1,0,2,,heimjo01
320,Jonah Heim#,31,ATH,AL,0.8,25,79,72,11,18,4,0,5,10,0,0,6,16,.250,.304,.514,.818,118,.373,130,37,2,0,0,1,0,2/HD35,,heimjo01
321,José Fermín,27,STL,NL,0.0,45,123,112,13,31,5,0,3,15,3,0,9,18,.277,.328,.402,.730,106,.334,109,45,4,0,0,1,0,7H8/54693,,fermijo01
322,Nick Castellanos,34,SDP,NL,-1.0,39,122,115,9,22,5,0,4,20,2,0,5,34,.191,.221,.339,.560,54,.258,52,39,1,0,0,2,1,9/DH73,,casteni01
323,Brenton Doyle,28,COL,NL,-0.4,43,122,111,21,23,4,0,1,4,9,2,11,40,.207,.279,.270,.549,47,.269,45,30,0,0,0,0,0,8/H,,doylebr02
324,Ryan Waldschmidt,23,ARI,NL,0.3,33,122,112,11,29,9,1,0,8,5,1,8,40,.259,.314,.357,.671,87,.313,88,40,0,1,0,0,0,87/DH,,waldsry01
325,Hao-Yu Lee,23,DET,AL,-0.2,43,121,115,8,29,5,1,2,10,1,1,5,34,.252,.283,.365,.649,78,.283,72,42,1,0,1,0,0,45/HD,,leeha02
326,Anthony Volpe,25,NYY,AL,0.9,32,121,104,16,27,5,1,1,13,7,3,17,27,.260,.364,.356,.719,102,.337,110,37,0,0,0,0,0,6/H,,volpean01
327,Austin Hedges,33,CLE,AL,0.6,38,120,105,12,28,7,0,1,9,1,1,10,20,.267,.333,.362,.695,96,.326,106,38,3,1,3,1,0,2/1H,,hedgeau01
328,Leo Rivas#,28,SEA,AL,-0.1,38,120,99,9,13,2,1,0,7,2,0,15,36,.131,.263,.172,.434,28,.224,33,17,1,3,2,1,0,56/DH,,rivasle01
329,Jorge Barrosa#,25,ARI,NL,0.0,56,119,105,15,19,10,1,2,9,0,0,9,35,.181,.252,.352,.605,66,.272,62,37,1,1,4,0,0,*897/H,,barrojo01
330,Dylan Beavers*,24,BAL,AL,-0.2,33,119,103,16,25,7,0,2,12,3,1,14,28,.243,.331,.369,.699,97,.313,94,38,1,0,1,1,0,9/D87H,,beavedy01
331,Randal Grichuk,34,2TM,AL,0.4,52,118,111,21,30,8,0,9,22,0,0,5,28,.270,.305,.586,.891,142,.377,139,65,2,1,0,1,0,HD7/9,,grichra01
331,Randal Grichuk,34,NYY,AL,-0.3,16,33,31,8,6,4,0,0,2,0,0,1,10,.194,.212,.323,.535,47,.229,34,10,0,0,0,1,0,7/DH9,,grichra01
331,Randal Grichuk,34,CHW,AL,0.8,36,85,80,13,24,4,0,9,20,0,0,4,18,.300,.341,.688,1.029,180,.434,179,55,2,1,0,0,0,HD/97,,grichra01
332,Davis Schneider,27,TOR,AL,-0.4,48,117,97,16,15,5,0,3,12,1,0,18,38,.155,.284,.299,.583,60,.272,57,29,1,0,1,1,0,7H4/D,,schneda03
333,Josh Smith*,28,TEX,AL,-0.3,34,117,101,6,22,3,0,0,6,2,1,14,22,.218,.316,.248,.564,69,.270,75,25,1,1,0,1,1,4/HD5,,smithjo11
334,Lenyn Sosa,26,2TM,AL,-0.9,40,117,113,11,22,7,0,1,9,0,0,1,25,.195,.207,.283,.490,33,.223,26,32,2,1,1,1,0,43/DH,,sosale01
334,Lenyn Sosa,26,CHW,AL,-0.3,12,33,33,2,7,3,0,0,3,0,0,0,7,.212,.212,.303,.515,43,.225,32,10,0,0,0,0,0,/DH34,,sosale01
334,Lenyn Sosa,26,TOR,AL,-0.6,28,84,80,9,15,4,0,1,6,0,0,1,18,.188,.205,.275,.480,29,.222,23,22,2,1,1,1,0,43/HD,,sosale01
335,Mitch Garver,35,SEA,AL,0.4,38,116,97,15,18,2,0,3,11,0,0,18,36,.186,.319,.299,.618,79,.312,99,29,0,1,0,0,0,2/DH,,garvemi01
336,Rob Refsnyder,35,SEA,AL,-1.0,48,116,102,8,14,0,0,3,9,0,0,7,31,.137,.209,.225,.434,25,.200,20,23,2,3,1,3,0,DH9/7,,refsnro01
337,Mickey Gasper#,30,BOS,AL,0.2,33,115,103,11,26,5,1,0,6,0,1,9,21,.252,.316,.320,.636,82,.292,86,33,2,1,1,1,0,2D/H3,,gaspemi01
338,Daniel Susac,25,SFG,NL,0.3,37,115,103,5,27,5,1,0,14,1,1,6,27,.262,.310,.330,.640,84,.283,80,34,3,2,2,2,0,2/H5,,susacda01
339,Will Benson*,28,CIN,NL,-0.3,51,114,96,11,18,3,1,3,6,1,1,16,38,.188,.310,.333,.643,77,.288,73,32,0,1,0,0,1,9H/78D,,bensowi01
340,Jake Cronenworth*,32,SDP,NL,-0.3,32,114,97,13,14,2,0,1,4,1,0,14,23,.144,.272,.196,.468,35,.240,40,19,1,3,0,0,0,4/56H,,croneja01
341,Derek Hill,30,2TM,2LG,0.4,61,114,104,15,26,2,0,6,13,7,4,7,39,.250,.304,.442,.746,105,.322,101,46,1,1,2,0,0,*9H87/D,,hillde01
341,Derek Hill,30,CHW,AL,-0.1,50,90,80,11,17,1,0,4,8,7,4,7,29,.213,.284,.375,.659,83,.288,79,30,1,1,2,0,0,9H78/D,,hillde01
341,Derek Hill,30,PHI,NL,0.5,11,24,24,4,9,1,0,2,5,0,0,0,10,.375,.375,.667,1.042,176,.447,184,16,0,0,0,0,0,/98H7,,hillde01
342,Jorge Mateo,31,ATL,NL,0.7,51,113,107,25,28,5,0,4,11,7,1,6,33,.262,.301,.421,.721,102,.323,96,45,2,0,0,0,0,6H/D14,,mateojo01
343,Brett Sullivan*,32,COL,NL,-0.4,40,113,104,8,22,6,0,4,13,0,0,5,22,.212,.250,.385,.635,66,.274,55,40,3,1,1,2,0,2/H1D3,,sullibr01
344,Colt Emerson*,20,SEA,AL,0.6,32,112,102,13,21,5,1,6,16,1,0,8,36,.206,.277,.451,.728,105,.315,100,46,1,2,0,0,0,65/DH,,emersco01
345,Harrison Bader,32,SFG,NL,0.2,30,111,106,10,18,5,0,5,14,0,0,4,34,.170,.198,.358,.557,55,.245,51,38,3,0,0,1,0,8/H,,baderha01
346,Francisco Lindor#,32,NYM,NL,0.2,25,110,98,14,21,2,2,2,5,2,1,11,19,.214,.300,.337,.637,79,.293,80,33,2,1,0,0,0,6,,lindofr01
347,Eli White,32,ATL,NL,0.7,49,110,102,12,22,4,1,3,14,3,0,6,23,.216,.264,.363,.626,75,.294,78,37,1,1,0,1,0,97H8/D,,whiteel04
348,Hunter Feduccia*,29,TBR,AL,0.0,43,108,93,11,21,3,0,1,8,0,0,11,33,.226,.311,.290,.602,68,.276,65,27,1,1,2,1,0,2/HD,,feduchu01
349,Drew Romo#,24,CHW,AL,-0.1,30,106,93,9,13,4,0,5,11,1,0,10,27,.140,.229,.344,.573,58,.264,58,32,4,1,1,1,0,2/3,,romodr01
350,Jared Young*,30,NYM,NL,0.8,36,106,95,13,23,4,0,6,13,0,0,9,23,.242,.311,.474,.785,116,.346,118,45,2,1,0,1,0,3/DH79,,youngja02
351,Joey Loperfido*,27,HOU,AL,0.2,34,105,89,13,21,7,1,1,11,1,1,13,24,.236,.337,.371,.707,98,.311,94,33,2,1,0,1,1,7/H89,,loperjo01
352,Tyrone Taylor,32,NYM,NL,-0.5,43,104,97,8,18,4,0,3,14,0,1,3,19,.186,.210,.320,.530,46,.225,33,31,0,0,4,0,0,H897/D,,tayloty01
353,Connor Wong,30,BOS,AL,0.9,33,103,89,12,24,8,0,1,12,2,1,9,22,.270,.356,.393,.750,113,.337,115,35,1,3,2,0,0,2/HD,,wongco01
354,Brendan Donovan*,29,SEA,AL,0.6,25,101,84,9,23,4,1,3,8,1,1,11,15,.274,.386,.452,.839,140,.370,142,38,0,5,0,1,0,5/DH,,donovbr01
355,Wade Meckler*,26,LAA,AL,0.7,30,101,90,13,26,6,0,2,15,2,0,11,22,.289,.366,.422,.789,123,.362,128,38,0,0,0,0,0,7/H9D,,mecklwa01
356,Jahmai Jones,28,DET,AL,-1.1,53,100,91,7,13,2,0,2,7,0,2,9,32,.143,.220,.231,.451,25,.209,25,21,3,0,0,0,0,DH/79,,jonesja08
357,Ryan Kreidler,28,MIN,AL,0.6,39,100,89,16,25,3,2,4,20,0,3,10,17,.281,.360,.494,.854,134,.356,132,44,3,1,0,0,0,68H/57,,kreidry01
358,Alek Thomas*,26,ARI,NL,-0.1,28,100,94,12,17,9,0,2,10,4,0,3,23,.181,.222,.340,.563,54,.254,43,32,3,2,1,0,0,8,,thomaal01
359,Jackson Holliday*,22,BAL,AL,-0.2,30,99,86,14,17,2,1,4,12,3,0,11,30,.198,.283,.384,.667,86,.300,81,33,1,0,0,2,0,4/H56D,,hollija01
360,Starling Marte,37,KCR,AL,0.1,36,99,88,9,23,4,0,1,7,0,1,7,26,.261,.323,.341,.664,89,.292,85,30,2,2,0,2,0,9DH/7,,martest01
361,Luis Robert Jr.,28,NYM,NL,0.1,24,98,85,10,19,3,0,2,8,2,2,13,17,.224,.327,.329,.656,85,.304,92,28,2,0,0,0,0,8/H,,roberlu01
362,Brandon Lockridge,29,MIL,NL,0.4,28,96,85,9,25,4,0,0,12,5,0,10,25,.294,.368,.341,.710,99,.341,103,29,0,0,1,0,0,7/8H3,,lockrbr01
363,Blake Perkins#,29,MIL,NL,0.3,48,96,85,12,13,5,0,1,11,3,1,9,22,.153,.242,.247,.489,36,.256,49,21,1,1,1,0,0,8H9/7D,,perkibl01
364,Giancarlo Stanton,36,NYY,AL,0.2,24,96,90,8,23,6,0,3,14,1,0,6,29,.256,.302,.422,.724,100,.329,103,38,2,0,0,0,0,D/H,,stantmi03
365,Endy Rodríguez#,26,PIT,NL,0.6,28,94,76,12,20,5,0,3,11,2,0,17,23,.263,.398,.447,.845,133,.383,137,34,3,0,0,0,0,2/H3,,rodrien01
366,Tyler Heineman#,35,2TM,AL,-0.2,34,94,84,7,14,2,0,1,6,0,0,3,20,.167,.222,.226,.448,23,.207,10,19,2,3,4,0,0,2/1HD,,heinety01
366,Tyler Heineman#,35,TOR,AL,-0.3,31,87,78,6,12,1,0,1,6,0,0,2,19,.154,.205,.205,.410,12,.190,-3,16,2,3,4,0,0,2/1HD,,heinety01
366,Tyler Heineman#,35,LAA,AL,0.1,3,7,6,1,2,1,0,0,0,0,0,1,1,.333,.429,.500,.929,162,.410,164,3,0,0,0,0,0,/2,,heinety01
367,Adam Frazier*,34,LAA,AL,0.1,40,93,81,15,17,5,1,1,6,0,0,9,28,.210,.297,.333,.630,78,.285,76,27,1,1,2,0,0,4H/71D,,fraziad01
368,Tommy Troy,24,ARI,NL,0.5,27,93,83,17,20,3,1,3,7,0,0,10,19,.241,.323,.410,.732,102,.341,112,34,0,0,0,0,0,7/8DH,,troyto01
369,J.C. Escarra*,31,NYY,AL,0.0,32,92,85,8,16,5,1,0,7,0,0,6,18,.188,.239,.271,.510,42,.249,48,23,1,0,0,1,0,2/H,,escarjc01
370,Leo Jiménez,25,MIA,NL,-0.9,31,92,79,7,14,2,0,0,1,1,0,7,21,.177,.283,.203,.485,41,.238,43,16,4,5,0,1,0,5/4DH6,,jimenle01
371,Graham Pauley*,25,MIA,NL,-0.6,33,91,85,8,14,6,0,1,9,1,1,5,22,.165,.211,.271,.482,36,.211,26,23,3,0,1,0,0,5/3H,,paulegr01
372,James Outman*,29,2TM,AL,-0.2,59,91,83,11,13,4,1,1,5,5,2,7,41,.157,.231,.265,.496,37,.227,30,22,0,1,0,0,0,87H/9D,,outmaja01
372,James Outman*,29,MIN,AL,-0.3,49,70,64,9,10,4,1,0,3,4,2,5,29,.156,.229,.250,.479,33,.220,26,16,0,1,0,0,0,87H/9D,,outmaja01
372,James Outman*,29,DET,AL,0.1,10,21,19,2,3,0,0,1,2,1,0,2,12,.158,.238,.316,.554,52,.253,41,6,0,0,0,0,0,/8H,,outmaja01
373,Jake Fraley*,31,TBR,AL,0.0,28,90,82,6,19,7,0,2,5,3,0,8,25,.232,.300,.390,.690,90,.314,86,32,1,0,0,0,0,9/HD,,fraleja01
374,Bo Naylor*,26,CLE,AL,-0.5,28,90,84,4,12,2,0,2,7,0,0,6,21,.143,.200,.238,.438,23,.200,16,20,2,0,0,0,0,2/H,,naylobo01
375,Taylor Trammell*,28,HOU,AL,0.4,32,90,82,11,23,5,1,2,9,1,0,6,32,.280,.337,.439,.776,115,.339,110,36,0,1,1,0,0,87/HD9,,trammta01
376,Jordan Beck,25,COL,NL,-0.4,30,88,82,7,15,5,1,1,10,2,1,5,22,.183,.227,.305,.532,40,.240,31,25,3,0,0,1,0,79/H,,beckjo01
377,Esteury Ruiz,27,MIA,NL,0.7,46,88,74,19,19,7,1,4,9,14,3,8,25,.257,.356,.541,.897,151,.404,149,40,0,4,0,1,0,97H/8D,,ruizes01
378,Justin Foscue,27,TEX,AL,0.1,35,87,78,10,20,4,0,4,10,0,0,6,21,.256,.322,.462,.783,127,.339,124,36,2,2,0,1,0,4H/D3,,foscuju01
379,Noelvi Marté,24,CIN,NL,-0.6,27,87,80,9,16,4,0,3,4,4,1,7,23,.200,.264,.363,.627,70,.290,70,29,2,0,0,0,0,9/H8,,marteno01
380,Nick Yorke,24,PIT,NL,-0.5,27,86,76,6,15,3,0,1,6,0,0,7,17,.197,.279,.276,.555,54,.257,50,21,3,2,0,1,0,5/H937D,,yorkeni01
381,Andrew McCutchen,39,TEX,AL,-0.4,37,83,73,8,14,2,0,1,5,0,0,9,22,.192,.277,.260,.537,59,.258,67,19,0,0,0,1,0,DH/79,,mccutan01
382,Donovan Walton*,32,LAA,AL,0.7,26,83,79,13,26,7,0,3,11,0,0,3,14,.329,.354,.532,.885,147,.382,146,42,1,0,1,0,0,5/DH4,,waltodo01
383,Joey Wiemer,27,WSN,NL,0.6,32,83,70,16,20,5,1,3,12,1,0,12,29,.286,.398,.514,.912,155,.392,150,36,2,1,0,0,0,98H/D1,,wiemejo01
384,Javier Báez,33,DET,AL,-0.4,24,82,78,10,20,5,0,2,6,1,1,2,16,.256,.280,.397,.678,85,.293,80,31,2,1,0,1,0,68/4,,baezja01
385,Thomas Saggese,24,STL,NL,-0.7,32,82,76,9,14,2,1,1,4,1,2,6,26,.184,.244,.276,.520,48,.224,41,21,2,0,0,0,0,7/6H54D,,saggeth01
386,Nicky Lopez*,31,2TM,2LG,0.1,28,80,74,8,23,1,0,1,6,2,1,3,11,.311,.346,.365,.711,109,.313,106,27,2,1,2,0,0,4/6H579,,lopezni01
386,Nicky Lopez*,31,CHC,NL,-0.1,4,5,5,1,0,0,0,0,0,0,0,0,2,.000,.000,.000,.000,-100,.000,-125,0,0,0,0,0,0,/5H4,,lopezni01
386,Nicky Lopez*,31,TEX,AL,0.2,24,75,69,7,23,1,0,1,6,2,1,3,9,.333,.370,.391,.761,124,.334,121,27,2,1,2,0,0,4/6H79,,lopezni01
387,Braden Shewmake*,28,HOU,AL,0.4,28,79,74,8,18,3,0,3,8,0,0,2,13,.243,.260,.405,.665,82,.287,74,30,1,0,2,1,0,56/4H,,shewmbr01
388,Jose Siri,30,LAA,AL,0.9,32,79,69,17,20,3,0,4,16,1,1,6,19,.290,.351,.507,.858,139,.363,135,35,2,1,2,1,0,78/H9,,sirijo01
389,Jasson Domínguez#,23,NYY,AL,0.4,20,78,74,7,17,6,0,3,8,4,0,2,17,.230,.260,.432,.692,89,.324,92,32,0,1,0,0,0,9/D7,,dominja01
390,Rafael Marchán#,27,PHI,NL,-0.4,26,78,75,4,8,0,0,2,6,0,0,1,14,.107,.141,.187,.328,-12,.171,-14,14,2,2,0,0,0,2/H,,marchra01
391,Jake Rogers,31,DET,AL,-0.1,24,78,67,6,10,2,1,1,6,1,0,7,25,.149,.234,.254,.487,35,.226,27,17,0,1,1,2,0,2/1H,,rogerja03
392,Everson Pereira,25,CHW,AL,-0.1,21,77,69,7,16,4,0,3,7,1,0,5,23,.232,.299,.420,.719,99,.317,95,29,2,2,0,1,0,9/D8H7,,pereiev01
393,Sterlin Thompson*,25,COL,NL,-0.3,27,77,69,7,16,4,0,2,10,0,0,5,21,.232,.312,.377,.688,82,.305,77,26,3,3,0,0,0,7D/9H,,thompst01
394,Tim Tawa,27,ARI,NL,-0.6,33,76,64,6,11,3,0,1,8,0,2,9,18,.172,.270,.266,.536,50,.245,52,17,1,0,2,1,0,7/H358D4,,tawati01
395,Austin Slater,33,3TM,2LG,0.0,28,74,65,6,15,3,0,0,3,4,0,8,21,.231,.311,.277,.588,67,.290,69,18,1,0,0,1,0,9H/7D,,slateau01
395,Austin Slater,33,2TM,NL,-0.2,21,49,43,4,9,1,0,0,2,1,0,5,15,.209,.286,.233,.518,49,.260,55,10,1,0,0,1,0,9H/7D,,slateau01
395,Austin Slater,33,MIA,NL,0.0,12,28,23,1,4,0,0,0,1,1,0,4,9,.174,.286,.174,.460,35,.234,35,4,0,0,0,1,0,/9H,,slateau01
395,Austin Slater,33,NYM,NL,-0.1,9,21,20,3,5,1,0,0,1,0,0,1,6,.250,.286,.300,.586,65,.294,81,6,1,0,0,0,0,/H7D9,,slateau01
395,Austin Slater,33,TBR,AL,0.1,7,25,22,2,6,2,0,0,1,3,0,3,6,.273,.360,.364,.724,102,.348,96,8,0,0,0,0,0,/97H,,slateau01
396,Christopher Morel,27,MIA,NL,-0.5,22,73,68,3,11,3,0,0,1,1,0,4,28,.162,.219,.206,.425,22,.200,14,14,0,1,0,0,0,3/DH,,morelch01
397,Colby Thomas,25,ATH,AL,-0.5,35,73,68,8,14,2,0,2,6,0,1,4,21,.206,.250,.324,.574,55,.258,54,22,0,0,1,0,0,9H/7D8,,thomaco03
398,Joey Bart,29,2TM,NL,0.1,25,73,69,10,17,1,0,3,9,0,0,2,21,.246,.274,.391,.665,82,.300,82,27,0,1,0,1,0,2/HD,,bartjo01
398,Joey Bart,29,PIT,NL,0.0,21,62,58,9,15,1,0,2,6,0,0,2,21,.259,.290,.379,.670,83,.292,75,22,0,1,0,1,0,2/HD,,bartjo01
398,Joey Bart,29,ATL,NL,0.1,4,11,11,1,2,0,0,1,3,0,0,0,0,.182,.182,.455,.636,72,.349,122,5,0,0,0,0,0,/2,,bartjo01
399,Ha-Seong Kim,30,ATL,NL,-1.0,23,72,65,4,5,0,0,0,3,1,0,7,18,.077,.167,.077,.244,-28,.133,-35,5,1,0,0,0,0,6/H,,kimha01
400,Nick Allen,27,HOU,AL,0.5,37,70,64,12,16,2,0,1,5,1,0,3,14,.250,.290,.328,.618,73,.292,76,21,2,1,1,1,0,64/H5,,allenni02
401,Lars Nootbaar*,28,STL,NL,0.5,17,70,59,12,17,4,1,2,7,0,1,10,15,.288,.386,.492,.877,147,.366,142,29,1,0,0,1,1,7/89HD,,nootbla01
402,Spencer Jones*,25,NYY,AL,0.2,25,68,59,5,13,2,0,2,7,1,0,9,29,.220,.324,.356,.679,90,.312,90,21,0,0,0,0,0,8/9DH,,jonessp01
403,Jhonny Pereda,30,SEA,AL,0.1,19,68,63,8,17,0,0,2,4,0,0,4,11,.270,.324,.365,.689,97,.311,98,23,0,1,0,0,0,2,,peredjh01
404,Ramón Urías,32,STL,NL,0.1,25,68,57,9,9,3,0,2,5,0,1,6,12,.158,.279,.316,.595,69,.277,77,18,1,4,0,1,0,5/H36,,uriasra01
405,Rodolfo Durán,28,SDP,NL,0.2,26,67,59,7,8,3,0,3,7,0,0,7,17,.136,.239,.339,.578,60,.258,55,20,1,1,0,0,0,2/H,,duranro02
406,Jarred Kelenic*,26,2TM,AL,-0.4,23,67,60,4,13,2,0,1,4,0,1,7,24,.217,.299,.300,.599,70,.265,67,18,0,0,0,0,0,9/H7,,kelenja01
406,Jarred Kelenic*,26,CHW,AL,-0.3,19,59,53,3,12,2,0,1,4,0,0,6,20,.226,.305,.321,.626,76,.282,73,17,0,0,0,0,0,9/H,,kelenja01
406,Jarred Kelenic*,26,TEX,AL,0.0,4,8,7,1,1,0,0,0,0,0,1,1,4,.143,.250,.143,.393,19,.137,28,1,0,0,0,0,0,/7H,,kelenja01
407,Eric Haase,33,SFG,NL,0.0,23,66,60,8,12,3,0,4,9,0,0,4,20,.200,.250,.450,.700,96,.297,88,27,1,0,2,0,0,2/7H,,haaseer01
408,Samad Taylor,27,SDP,NL,0.8,16,66,58,11,22,1,0,1,11,6,1,6,18,.379,.438,.448,.886,150,.407,153,26,2,0,2,0,0,7/9H,,taylosa04
409,Víctor Robles,29,SEA,AL,-0.6,27,64,61,4,14,2,0,0,2,3,1,3,10,.230,.266,.262,.528,52,.235,43,16,4,0,0,0,0,9/78HD,,roblevi01
410,James McCann,36,ARI,NL,-0.6,21,62,59,3,12,3,0,0,6,0,0,1,17,.203,.217,.254,.471,31,.208,15,15,4,0,2,0,0,2/13DH,,mccanja02
411,Edwin Arroyo#,22,CIN,NL,0.2,20,61,55,6,13,2,0,0,2,0,1,3,14,.236,.295,.273,.568,58,.297,84,15,0,2,0,1,0,4/6H,,arroyed01
412,Denzer Guzmán,22,LAA,AL,0.1,14,61,55,7,13,2,0,3,11,1,1,6,13,.236,.311,.436,.748,109,.322,106,24,1,0,0,0,0,5,,guzmade01
413,Jorge Polanco#,32,NYM,NL,-0.3,14,61,56,3,10,3,0,1,2,0,0,5,11,.179,.246,.286,.532,49,.238,41,16,0,0,0,0,0,D/3,,polanjo01
414,Denzel Clarke,26,ATH,AL,-0.4,22,60,53,4,9,1,0,0,6,2,0,4,24,.170,.228,.189,.417,16,.204,0,10,1,0,3,0,0,8/H,,clarkde02
415,Santiago Espinal,31,LAD,NL,0.2,36,60,56,5,15,3,0,1,7,0,0,1,8,.268,.276,.375,.651,81,.283,72,21,5,0,2,1,0,54H/3D,,espinsa01
416,Jacob Gonzalez*,24,CHW,AL,-0.1,19,60,53,5,10,0,0,1,5,0,0,5,16,.189,.283,.245,.529,50,.253,52,13,0,2,0,0,0,3/H5,,gonzaja01
417,Víctor Mesa Jr.*,24,TBR,AL,0.1,20,60,50,8,9,0,0,3,8,0,2,9,15,.180,.305,.360,.665,84,.286,84,18,1,0,1,0,0,9/HD8,,mesavi01
418,Sung-Mun Song*,29,SDP,NL,-0.1,29,60,53,7,11,2,0,0,6,6,2,7,12,.208,.300,.245,.545,56,.257,50,13,1,0,0,0,0,4/6H5,,songsu01
419,Ryan Ward*,28,LAD,NL,0.2,19,59,54,8,11,4,0,3,11,0,0,5,17,.204,.271,.444,.716,96,.307,90,24,2,0,0,0,0,7/3DH,,wardry01
420,Luis Campusano,27,SDP,NL,0.7,18,58,52,9,15,7,0,3,10,0,0,5,15,.288,.362,.596,.958,163,.423,173,31,0,1,0,0,0,2,,campulu01
421,Cole Carrigg#,24,COL,NL,0.5,14,58,48,9,13,2,1,3,11,1,1,8,12,.271,.379,.542,.921,142,.384,137,26,1,1,0,1,0,8/6,,carrico01
422,Jonathan India,29,KCR,AL,0.2,17,58,48,8,8,1,0,2,8,0,0,8,13,.167,.310,.313,.623,77,.306,92,15,0,2,0,0,0,4/H,,indiajo01
423,Pavin Smith*,30,ARI,NL,-0.4,19,58,48,4,8,0,0,1,5,0,0,9,12,.167,.293,.229,.522,48,.251,48,11,0,0,0,1,0,D/3H,,smithpa04
424,Sebastián Rivero,27,LAA,AL,0.2,24,57,53,5,13,2,0,0,8,0,0,3,12,.245,.286,.283,.569,62,.259,58,15,1,0,1,0,0,2/H,,riverse01
425,Austin Wynns,35,2TM,2LG,-0.6,20,57,53,3,4,0,0,0,0,0,0,3,14,.075,.125,.075,.200,-43,.119,-50,4,0,0,1,0,0,2,,wynnsau01
425,Austin Wynns,35,ATH,AL,-0.4,14,43,39,3,3,0,0,0,0,0,0,3,10,.077,.143,.077,.220,-38,.137,-39,3,0,0,1,0,0,2,,wynnsau01
425,Austin Wynns,35,ATL,NL,-0.1,6,14,14,0,1,0,0,0,0,0,0,0,4,.071,.071,.071,.143,-59,.065,-81,1,0,0,0,0,0,/2,,wynnsau01
426,Juan Brito#,24,CLE,AL,-0.4,15,56,51,7,9,4,0,0,3,0,0,4,17,.176,.250,.255,.505,43,.234,40,13,1,1,0,0,0,4/H,,britoju02
427,Tyler Callihan*,26,PIT,NL,0.1,19,56,47,8,12,2,2,2,9,1,0,7,16,.255,.357,.511,.868,136,.375,132,24,0,1,0,1,0,/95H4713,,callity01
428,Alejandro Kirk,27,TOR,AL,-0.1,14,56,51,4,10,2,0,1,6,0,0,4,8,.196,.250,.294,.544,48,.245,40,15,1,0,0,1,0,2/H,,kirkal01
429,Zack Short,31,2TM,2LG,-0.3,26,55,44,4,7,2,0,0,2,0,0,7,17,.159,.278,.205,.482,37,.235,34,9,0,1,1,2,0,6/H14,,shortza01
429,Zack Short,31,DET,AL,0.1,23,46,36,3,6,2,0,0,2,0,0,7,12,.167,.304,.222,.527,49,.256,52,8,0,1,0,2,0,6/H4,,shortza01
429,Zack Short,31,NYM,NL,-0.4,3,9,8,1,1,0,0,0,0,0,0,0,5,.125,.125,.125,.250,-29,.113,-66,1,0,0,1,0,0,/61H,,shortza01
430,Gabriel Arias,26,CLE,AL,0.1,16,54,52,2,10,2,0,2,5,0,0,2,25,.192,.222,.346,.568,57,.249,50,18,0,0,0,0,0,6/5,,ariasga01
431,Zach Cole*,25,HOU,AL,-0.1,19,53,51,4,8,1,0,3,8,0,0,1,21,.157,.189,.353,.542,47,.235,38,18,0,1,0,0,0,7/8H9D,,coleza01
432,Jimmy Crooks*,24,STL,NL,-0.4,17,53,47,2,8,2,0,1,7,0,0,5,14,.170,.264,.277,.541,54,.251,53,13,1,1,0,0,0,2/DH,,crookji01
433,Braden Montgomery#,23,CHW,AL,0.3,14,53,48,8,12,5,0,2,7,0,0,4,14,.250,.302,.479,.781,115,.332,108,23,1,0,0,1,0,9/8H,,montgbr01
434,Pedro Ramírez#,22,CHC,NL,0.3,20,53,49,7,13,3,0,1,6,2,0,3,8,.265,.308,.388,.695,98,.335,109,19,2,0,1,0,0,/4H5D,,ramirpe01
435,Weston Wilson,31,2TM,AL,-0.1,22,53,46,7,10,1,0,1,3,3,1,6,11,.217,.321,.304,.625,78,.295,80,14,0,1,0,0,0,5/17H,,wilsowe01
435,Weston Wilson,31,BAL,AL,-0.1,19,46,39,6,9,1,0,1,3,2,1,6,11,.231,.348,.333,.681,94,.315,97,13,0,1,0,0,0,5/1H7,,wilsowe01
435,Weston Wilson,31,SEA,AL,-0.1,3,7,7,1,1,0,0,0,0,1,0,0,0,.143,.143,.143,.286,-18,.165,-30,1,0,0,0,0,0,/57,,wilsowe01
436,Nick Madrigal,29,LAA,AL,0.5,15,52,44,7,12,1,0,0,2,1,1,7,3,.273,.385,.295,.680,96,.330,112,13,1,1,0,0,0,/45DH,,madrini01
437,Alika Williams,27,ATH,AL,0.6,24,52,49,8,15,6,0,1,6,0,1,2,14,.306,.333,.490,.823,121,.344,117,24,1,0,1,0,0,6/4H,,willial04
438,Dustin Harris*,26,2TM,AL,0.0,17,52,43,6,10,1,1,0,5,4,0,6,7,.233,.333,.302,.636,80,.315,81,13,0,1,1,1,0,7/9H,,harridu01
438,Dustin Harris*,26,CHW,AL,0.2,6,16,12,2,3,1,0,0,1,2,0,4,1,.250,.438,.333,.771,121,.398,133,4,0,0,0,0,0,/9H7,,harridu01
438,Dustin Harris*,26,HOU,AL,-0.2,11,36,31,4,7,0,1,0,4,2,0,2,6,.226,.286,.290,.576,62,.276,57,9,0,1,1,1,0,7/9H,,harridu01
439,Elias Díaz,35,2TM,AL,0.5,23,52,50,7,14,4,0,2,10,0,0,1,10,.280,.288,.480,.768,117,.342,122,24,0,0,0,1,0,2/DH,,diazel01
439,Elias Díaz,35,KCR,AL,0.3,10,23,22,3,5,2,0,2,5,0,0,1,5,.227,.261,.591,.852,132,.396,155,13,0,0,0,0,0,2,,diazel01
439,Elias Díaz,35,TEX,AL,0.2,13,29,28,4,9,2,0,0,5,0,0,0,5,.321,.310,.393,.703,105,.299,96,11,0,0,0,1,0,2/DH,,diazel01
440,Zach Dezenzo,26,HOU,AL,0.2,21,51,47,5,9,4,0,1,2,0,0,4,19,.191,.255,.340,.595,65,.281,71,16,1,0,0,0,0,7/H,,dezenza01
441,Petey Halpin*,24,CLE,AL,-0.1,26,51,48,8,9,1,1,0,1,2,0,1,15,.188,.204,.250,.454,27,.210,13,12,0,0,2,0,0,8/H9,,halpipe01
442,Bryce Teodosio,27,LAA,AL,-0.3,34,51,47,5,10,2,0,0,2,4,1,3,18,.213,.260,.255,.515,47,.237,36,12,1,0,1,0,0,7/8H9,,teodobr01
443,Orlando Arcia,31,MIN,AL,0.0,19,50,48,6,13,1,0,1,2,0,1,2,8,.271,.300,.354,.654,81,.280,75,17,3,0,0,0,0,6/4H351,,arciaor01
444,LuJames Groover,24,ARI,NL,0.0,13,49,43,4,8,2,0,1,4,0,0,5,8,.186,.286,.302,.588,64,.271,63,13,3,1,0,0,0,/3D5,,groovlu01
445,Bryce Johnson#,30,SDP,NL,-0.2,32,49,45,5,8,2,0,0,2,5,1,3,18,.178,.229,.222,.451,28,.222,18,10,1,0,1,0,0,H/978D,,johnsbr03
446,Bryan Torres*,28,STL,NL,0.3,18,49,43,6,10,0,1,2,5,1,0,5,8,.233,.313,.419,.731,106,.342,115,18,0,0,1,0,0,7/H458D,,torrebr01
447,Andrés Chaparro,27,WSN,NL,0.1,22,48,38,7,7,3,0,0,5,0,0,9,11,.184,.354,.263,.617,78,.298,85,10,1,1,0,0,0,3/HD,,chapaan01
448,Jose Trevino,33,CIN,NL,0.0,16,48,45,4,8,1,0,0,2,0,0,1,7,.178,.196,.200,.396,9,.217,18,9,0,0,2,0,0,2/1,,trevijo01
449,Braxton Fulford,27,COL,NL,0.1,25,47,39,10,9,3,0,1,7,4,0,6,17,.231,.319,.385,.704,87,.327,79,15,0,0,0,2,0,DH/2,,fulfobr01
450,Sam Haggerty#,32,TEX,AL,-0.4,35,47,44,3,7,1,0,0,1,2,0,2,16,.159,.213,.182,.395,18,.194,15,8,1,1,0,0,0,7H/81D,,haggesa01
451,Blaze Jordan,23,STL,NL,0.4,12,47,42,5,12,3,1,1,12,0,0,2,4,.286,.298,.476,.774,116,.317,101,20,2,0,0,3,0,5/3,,jordabl01
452,Connor Joe,33,SEA,AL,0.0,21,45,39,2,7,2,0,1,3,2,0,6,15,.179,.289,.308,.597,72,.305,86,12,1,0,0,0,0,9/H37,,joeco01
453,Austin Hays,30,CHW,AL,-0.4,12,44,43,3,10,1,0,1,7,0,1,1,13,.233,.250,.326,.576,60,.231,44,14,1,0,0,0,1,7/9DH,,haysau01
454,Jordan Lawlar,23,ARI,NL,0.6,12,44,38,6,12,2,0,1,4,4,0,3,10,.316,.409,.447,.856,139,.426,158,17,0,3,0,0,0,/78,,lawlajo01
455,Sandy León#,37,ATL,NL,-0.5,21,44,44,0,4,0,0,0,0,0,0,0,18,.091,.091,.091,.182,-48,.082,-69,4,0,0,0,0,0,2,,leonsa01
456,Patrick Wisdom,34,SEA,AL,-0.6,15,44,41,3,5,1,0,1,4,0,0,3,18,.122,.182,.220,.401,15,.173,-1,9,0,0,0,0,1,/53HD,,wisdopa01
457,Alex Jackson,30,MIN,AL,0.1,16,43,41,5,13,3,0,0,3,0,0,0,13,.317,.349,.390,.739,105,.324,99,16,0,2,0,0,0,2/1H,,jacksal02
458,Jesús Rodríguez,24,SFG,NL,-0.1,14,43,39,3,9,0,0,2,7,1,1,3,5,.231,.302,.385,.687,96,.301,96,15,1,1,0,0,0,/27H94,,rodrije02
459,Max Schuemann,29,NYY,AL,0.0,22,42,32,9,6,4,0,0,3,2,2,9,10,.188,.381,.313,.693,97,.318,106,10,0,1,0,0,0,H/7961458D,,schuema01
460,Nick Sogard#,28,BOS,AL,0.2,12,41,35,3,9,2,1,0,2,0,0,5,6,.257,.350,.371,.721,106,.322,104,13,1,0,1,0,0,/4563H,,sogarni01
461,Travis d'Arnaud,37,LAA,AL,0.2,14,40,35,5,7,1,0,1,3,0,0,3,7,.200,.300,.314,.614,74,.308,93,11,1,2,0,0,0,2,,darnatr01
462,Nelson Velázquez,27,STL,NL,0.1,15,40,36,6,10,2,0,2,6,0,0,3,10,.278,.350,.500,.850,138,.366,135,18,0,1,0,0,0,/7HD9,,velazne01
463,Parker Meadows*,26,DET,AL,0.1,12,39,36,3,9,1,1,0,2,3,0,2,10,.250,.308,.333,.641,78,.305,73,12,0,1,0,0,0,8/H,,meadopa01
464,Félix Reyes,25,PHI,NL,-0.5,12,38,38,2,6,1,0,1,2,0,0,0,9,.158,.158,.263,.421,12,.179,-8,10,1,0,0,0,0,/7359H,,reyesfe01
465,George Valera*,25,CLE,AL,-0.2,13,38,37,1,8,3,0,0,6,0,0,1,8,.216,.237,.297,.534,50,.261,59,11,1,0,0,0,0,/79HD,,valerge01
466,Gage Workman*,26,DET,AL,-0.5,16,38,38,3,6,3,0,2,5,0,0,0,16,.158,.158,.395,.553,47,.231,34,15,0,0,0,0,0,5/H4D,,workmga01
467,Jhostynxon García,23,PIT,NL,-0.4,13,37,35,2,7,1,0,0,2,0,0,1,10,.200,.243,.229,.472,31,.216,21,8,1,1,0,0,0,/879DH,,garcijh01
468,Ronny Mauricio#,25,NYM,NL,-0.3,11,37,37,3,8,1,0,1,2,0,0,0,13,.216,.216,.324,.541,49,.233,37,12,1,0,0,0,0,/65DH,,mauriro01
469,Will Wagner*,27,SDP,NL,0.1,13,37,29,4,8,1,0,0,0,0,0,8,7,.276,.432,.310,.743,114,.369,135,9,1,0,0,0,1,D/4H5,,wagnewi01
470,Griffin Conine*,28,MIA,NL,0.3,14,36,33,6,7,2,0,2,5,2,0,2,12,.212,.278,.455,.732,104,.330,101,15,0,1,0,0,0,/79HD3,,coningr01
471,Rece Hinds,25,CIN,NL,-0.4,12,36,33,2,4,3,0,0,5,0,0,1,18,.121,.167,.212,.379,3,.169,-13,7,0,1,0,1,0,9/HD,,hindsre01
472,Jerar Encarnacion,28,SFG,NL,-0.4,17,35,34,1,6,1,0,0,0,0,0,1,8,.176,.200,.206,.406,17,.182,6,7,1,0,0,0,0,/9H3D7,,encarje01
473,Michael Helman,30,TEX,AL,-0.2,15,35,30,2,5,1,0,1,2,0,0,1,6,.167,.235,.300,.535,56,.238,51,9,0,2,1,1,0,/86H79,,helmami01
474,Eloy Jiménez,29,TOR,AL,-0.1,12,35,31,2,9,0,0,0,3,0,0,3,7,.290,.343,.290,.633,75,.291,72,9,1,0,0,1,0,/DH,,jimenel02
475,Tyler Tolbert,28,KCR,AL,-0.1,24,35,29,9,7,0,0,0,1,5,2,4,10,.241,.324,.241,.565,63,.273,64,7,2,0,1,1,0,H/649718D,,tolbety01
476,Esmerlyn Valdéz,22,PIT,NL,-0.2,12,35,33,4,5,2,0,2,6,0,0,2,17,.152,.200,.394,.594,59,.253,48,13,1,0,0,0,0,/9H7,,valdees01
477,Reese McGuire*,31,CHW,AL,-0.5,11,34,29,1,5,0,0,0,3,0,0,2,9,.172,.273,.172,.445,29,.224,30,5,0,2,1,0,0,2/1H,,mcguire01
478,Chad Stevens,27,COL,NL,-0.4,16,34,28,1,1,0,0,0,3,0,0,5,13,.036,.176,.036,.212,-39,.129,-49,1,0,0,0,1,0,4/H56,,stevech02
479,Tanner Murray,26,CHW,AL,0.0,13,33,28,2,6,0,0,1,3,0,0,2,7,.214,.281,.321,.603,69,.308,90,9,0,1,1,1,1,/756H,,murrata01
480,Yohel Pozo,29,STL,NL,-0.2,18,33,33,0,8,1,0,0,5,0,0,0,3,.242,.242,.273,.515,46,.285,77,9,5,0,0,0,0,/HD23,,pozoyo01
481,Carson Williams,23,TBR,AL,-0.5,12,33,30,6,3,1,0,0,3,0,0,2,11,.100,.156,.133,.290,-19,.140,-34,4,1,0,1,0,0,/6H4D,,willica02
482,Jase Bowen,25,SDP,NL,-0.3,16,32,30,3,4,1,0,0,0,3,0,2,14,.133,.188,.167,.354,1,.188,-11,5,0,0,0,0,0,9/H7D,,bowenja01
483,P.J. Higgins,33,CIN,NL,-0.1,13,32,26,1,6,1,0,0,4,0,0,2,8,.231,.276,.269,.545,51,.247,37,7,1,0,3,1,0,2/1,,higgipj01
484,Cooper Pratt,21,MIL,NL,0.3,9,31,27,2,7,0,0,0,2,4,0,3,6,.259,.323,.259,.582,64,.303,63,7,2,0,0,1,0,/6,,prattco01
485,Kameron Misner*,28,KCR,AL,-0.3,11,30,28,1,8,1,0,0,4,2,1,1,12,.286,.310,.321,.632,80,.279,73,9,0,0,1,0,0,/87HD,,misneka01
486,Rikuu Nishida*,25,CHW,AL,0.1,12,30,29,3,7,0,0,0,2,0,0,0,5,.241,.241,.241,.483,36,.237,39,7,0,0,1,0,0,9/48H,,nishiri01
487,Gabriel Rincones Jr.*,25,PHI,NL,-0.3,9,30,30,2,4,0,0,1,3,0,0,0,7,.133,.133,.233,.367,-3,.188,-1,7,1,0,0,0,0,/9H,,rincoga01
488,Addison Barger*,26,TOR,AL,-0.2,9,28,22,2,1,1,0,0,2,0,0,5,7,.045,.214,.091,.305,-12,.170,-13,2,1,0,0,1,0,/9H,,bargead01
489,Tyler Black*,25,MIL,NL,0.1,9,28,27,2,9,4,0,0,7,0,0,1,7,.333,.357,.481,.839,130,.358,124,13,1,0,0,0,0,/DH37,,blackty01
490,Garrett Stubbs*,33,PHI,NL,0.0,17,28,24,7,4,0,0,0,1,0,0,1,5,.167,.250,.167,.417,17,.203,9,4,0,2,0,1,0,/2H1357D,,stubbga01
491,Stuart Fairchild,30,CLE,AL,0.1,14,27,19,3,3,0,0,0,1,2,0,7,14,.158,.407,.158,.565,68,.325,91,3,0,1,0,0,0,/89H7D,,faircst01
492,Otto Kemp,26,PHI,NL,-0.6,13,27,25,0,2,0,0,0,0,0,0,1,10,.080,.148,.080,.228,-35,.120,-50,2,0,1,0,0,0,7/H4,,kempot01
493,Miles Mastrobuoni*,30,SEA,AL,0.1,8,27,23,3,5,0,0,0,1,0,0,2,10,.217,.269,.217,.487,42,.229,38,5,0,0,1,1,0,/5374,,mastrmi01
494,Chadwick Tromp,31,ATL,NL,-0.2,12,27,25,1,5,1,0,0,3,0,0,0,7,.200,.192,.240,.432,22,.183,0,6,0,0,1,1,0,2,,trompch01
495,Víctor Bericoto,24,SFG,NL,0.1,15,26,26,3,6,0,0,3,4,0,1,0,9,.231,.231,.577,.808,122,.319,118,15,0,0,0,0,0,9/H73,,bericvi01
496,Billy Cook,27,PIT,NL,-0.2,43,26,26,6,4,0,0,0,0,4,1,0,11,.154,.154,.154,.308,-15,.150,-38,4,0,0,0,0,0,H897/3D,,cookbi01
497,Carlos Santana#,40,ARI,NL,-0.5,8,26,24,1,2,1,0,0,0,0,0,2,8,.083,.154,.125,.279,-21,.137,-33,3,0,0,0,0,0,/3,,santaca01
498,Anthony Seigler#,27,BOS,AL,0.2,8,26,24,3,8,3,0,0,1,0,0,2,7,.333,.385,.458,.843,139,.374,140,11,0,0,0,0,0,/45H,,seiglan01
499,Andy Ibáñez,33,2TM,2LG,-0.7,14,26,23,1,2,0,0,0,5,0,0,1,3,.087,.115,.087,.202,-43,.132,-38,2,0,0,0,2,0,/4H573D,,ibanean01
499,Andy Ibáñez,33,ATH,AL,-0.4,11,18,17,1,2,0,0,0,3,0,0,1,2,.118,.167,.118,.284,-20,.190,2,2,0,0,0,0,0,/4H53D,,ibanean01
499,Andy Ibáñez,33,NYM,NL,-0.3,3,8,6,0,0,0,0,0,2,0,0,0,1,.000,.000,.000,.000,-100,.000,-129,0,0,0,0,2,0,/75,,ibanean01
500,CJ Kayfus*,24,CLE,AL,0.0,9,25,22,4,4,1,0,1,2,0,0,2,8,.182,.280,.364,.644,80,.290,79,8,0,1,0,0,0,/79H,,kayfucj01
501,Charles McAdoo,24,TOR,AL,-0.1,8,25,25,2,4,0,0,1,3,0,0,0,6,.160,.160,.280,.440,17,.187,-1,7,1,0,0,0,0,/34,,mcadoch01
502,Eric Wagaman,28,NYM,NL,0.0,14,25,22,3,5,0,0,2,4,0,0,2,6,.227,.320,.500,.820,126,.352,122,11,1,1,0,0,0,H/35D79,,wagamer01
503,Jonah Cox,24,SFG,NL,0.4,18,24,22,5,7,1,1,1,2,2,0,0,12,.318,.318,.591,.909,153,.408,157,13,0,0,2,0,0,8/H7D,,coxjo01
504,Tommy Edman#,31,LAD,NL,0.3,7,24,22,0,8,1,0,0,1,0,0,2,4,.364,.417,.409,.826,133,.446,189,9,0,0,0,0,0,/754DH,,edmanto01
505,Shay Whitcomb,27,HOU,AL,0.0,17,24,23,2,3,0,0,2,5,0,0,1,11,.130,.167,.391,.558,50,.237,40,9,0,0,0,0,0,H/536D7,,whitcsh01
506,Will Brennan*,28,SFG,NL,-0.5,11,23,23,0,2,0,0,0,0,0,0,0,3,.087,.087,.087,.174,-50,.079,-68,2,1,0,0,0,0,/79HD,,brennwi02
507,Sam Huff,28,BAL,AL,-0.1,9,23,23,1,4,2,0,0,1,0,0,0,11,.174,.174,.261,.435,21,.184,5,6,0,0,0,0,0,/2H,,huffsa01
508,Ray Delgado*,26,HOU,AL,-0.2,10,22,21,1,6,0,0,0,2,0,0,0,3,.286,.286,.286,.571,61,.255,50,6,0,0,1,0,0,/456H,,delgara02
509,Greg Jones#,28,MIL,NL,-0.6,11,22,21,0,2,0,0,0,1,1,1,0,9,.095,.095,.095,.190,-47,.069,-82,2,0,0,1,0,0,/79H,,jonesgr02
510,César Salazar*,30,HOU,AL,-0.2,9,22,18,0,1,0,0,0,1,0,0,3,3,.056,.227,.056,.283,-15,.170,-7,1,0,1,0,0,0,/21,,salazce01
511,Kahlil Watson*,23,CLE,AL,0.2,7,22,21,1,5,0,0,1,6,1,1,1,9,.238,.273,.381,.654,82,.278,79,8,0,0,0,0,0,/9H,,watsoka01
512,Nate Eaton,29,BOS,AL,0.2,8,21,16,3,4,2,0,1,4,2,0,4,3,.250,.429,.563,.991,179,.452,179,9,0,1,0,0,0,/DH789,,eatonna01
513,Luis Matos,24,MIL,NL,-0.1,9,21,20,1,4,0,0,0,0,0,0,1,7,.200,.238,.200,.438,23,.205,15,4,1,0,0,0,0,/9H7D,,matoslu02
514,Christian Moore,23,LAA,AL,-0.4,5,21,19,0,4,0,0,0,1,0,1,1,10,.211,.238,.211,.449,29,.177,18,4,0,0,0,1,0,/74D,,moorech03
515,Ali Sánchez,29,NYY,AL,0.2,10,21,19,2,6,2,0,0,3,0,0,1,7,.316,.381,.421,.802,124,.405,158,8,0,1,0,0,0,2,,sanchal04
516,Jeimer Candelario#,32,LAA,AL,-0.2,7,20,18,3,2,2,0,0,0,0,0,1,8,.111,.200,.222,.422,20,.198,15,4,1,1,0,0,0,/H35D,,candeje01
517,Aramis Garcia,33,ARI,NL,-0.2,8,19,19,2,3,0,0,1,2,0,0,0,6,.158,.158,.316,.474,28,.202,13,6,0,0,0,0,0,/2,,garciar01
518,Cody Freeman,25,TEX,AL,-0.3,7,18,17,1,4,0,0,0,0,0,0,1,5,.235,.278,.235,.513,53,.230,47,4,0,0,0,0,0,/74H,,freemco01
519,Daniel Johnson*,30,HOU,AL,-0.2,8,17,14,1,2,0,0,0,0,0,0,2,3,.143,.294,.143,.437,28,.232,37,2,1,1,0,0,0,/87,,johnsda07
520,César Prieto*,27,STL,NL,-0.6,6,17,17,0,0,0,0,0,0,0,0,0,2,.000,.000,.000,.000,-100,.000,-126,0,1,0,0,0,0,/56H,,prietce01
521,Chuckie Robinson,31,LAD,NL,-0.2,5,17,15,1,2,0,0,0,1,0,0,0,4,.133,.133,.133,.267,-25,.120,-62,2,0,0,2,0,0,/2,,robinch04
522,Hayden Senger,29,NYM,NL,-0.1,7,17,15,2,2,0,0,1,2,0,0,0,4,.133,.133,.333,.467,25,.196,-2,5,0,0,2,0,0,/2,,sengeha01
523,José Azócar,30,ATL,NL,0.3,9,16,15,1,5,2,0,0,0,1,0,1,3,.333,.375,.467,.842,137,.373,129,7,0,0,0,0,0,/9H78,,azocajo01
524,John Rave*,28,KCR,AL,0.4,7,16,13,3,4,2,1,1,1,0,0,3,5,.308,.438,.846,1.284,253,.510,234,11,0,0,0,0,0,/9H7D,,ravejo01
525,Kyle Farmer,35,ATL,NL,-0.1,10,15,14,2,4,1,0,0,3,0,0,0,4,.286,.267,.357,.624,75,.264,62,5,0,0,0,1,0,/HD56,,farmeky01
526,Christian Koss,28,SFG,NL,-0.2,9,15,14,1,1,1,0,0,0,0,0,0,2,.071,.133,.143,.276,-21,.132,-30,2,0,1,0,0,0,/4H16D,,kossch01
527,Dylan Moore,33,PHI,NL,-0.2,13,15,12,3,0,0,0,0,0,1,0,3,6,.000,.200,.000,.200,-39,.156,-36,0,0,0,0,0,0,H/3178D4,,mooredy01
528,Ryan Mountcastle,29,BAL,AL,-0.1,8,15,14,0,4,1,0,0,1,0,0,1,2,.286,.333,.357,.690,95,.306,90,5,0,0,0,0,0,/H3D,,mountry01
529,Trey Mancini,34,LAA,AL,0.0,5,14,13,1,4,0,1,0,4,0,0,0,3,.308,.286,.462,.747,107,.308,93,6,1,0,0,1,0,/3DH,,mancitr01
530,Sean Murphy,31,ATL,NL,-0.3,4,14,14,1,1,0,0,0,0,0,0,0,6,.071,.071,.071,.143,-59,.065,-81,1,1,0,0,0,0,/2,,murphse01
531,Tommy Pham,38,NYM,NL,-0.4,9,14,13,1,0,0,0,0,0,0,0,1,7,.000,.071,.000,.071,-78,.050,-93,0,0,0,0,0,0,/7H,,phamth01
532,Vidal Bruján#,28,NYM,NL,0.0,9,13,11,4,1,0,0,0,1,0,1,1,1,.091,.167,.091,.258,-25,.083,-51,1,0,0,1,0,0,/6H7,,brujavi01
533,Kyler Fedko,26,MIN,AL,-0.3,8,13,10,0,0,0,0,0,1,0,1,2,4,.000,.154,.000,.154,-52,.069,-52,0,0,0,0,1,0,/7H89,,fedkoky01
534,Collin Price,26,HOU,AL,0.0,7,13,12,1,2,1,0,0,0,0,0,1,6,.167,.231,.250,.481,35,.221,28,3,0,0,0,0,0,/2H3D,,priceco01
535,LaMonte Wade Jr.*,32,HOU,AL,0.0,4,13,12,2,4,2,0,1,4,0,0,1,3,.333,.385,.750,1.135,208,.467,201,9,0,0,0,0,0,/73H,,wadela01
536,Oliver Dunn*,28,TBR,AL,-0.2,9,12,11,4,1,0,0,0,1,0,0,1,3,.091,.167,.091,.258,-26,.126,-40,1,0,0,0,0,0,/H65D,,dunnol01
537,Nick Morabito,23,NYM,NL,-0.3,5,12,11,0,0,0,0,0,0,0,1,0,9,.000,.083,.000,.083,-74,.019,-85,0,0,1,0,0,0,/7DH9,,morabni01
538,Johnathan Rodríguez,26,BAL,AL,-0.2,5,11,7,0,0,0,0,0,1,0,0,3,4,.000,.273,.000,.273,-14,.191,10,0,1,0,0,1,0,/9HD,,rodrijo10
539,Kevin Alcántara,23,CHC,NL,0.0,12,10,9,1,1,0,0,0,0,0,1,1,4,.111,.200,.111,.311,-7,.110,-9,1,0,0,0,0,0,/HD87,,alcanke01
540,Ryan Bliss,26,SEA,AL,0.0,3,10,8,0,1,0,0,0,1,0,0,1,3,.125,.200,.125,.325,-4,.161,-7,1,0,0,0,1,0,/4DH,,blissry01
541,Junior Pérez,24,CHW,AL,0.0,6,10,9,1,2,0,0,1,1,0,1,1,4,.222,.300,.556,.856,134,.314,131,5,0,0,0,0,0,/87H9,,perezju03
542,Josh Rojas*,32,KCR,AL,0.2,5,10,10,2,3,1,0,1,4,0,0,0,1,.300,.300,.700,1.000,172,.421,172,7,0,0,0,0,0,/H456,,rojasjo01
543,Nick Solak,31,SDP,NL,-0.1,4,10,7,0,1,0,0,0,1,0,0,1,0,.143,.300,.143,.443,30,.223,30,1,0,1,0,1,0,/DH,,solakni01
544,Rowdy Tellez*,31,ATL,NL,0.0,6,10,10,2,2,0,0,1,4,0,0,0,3,.200,.200,.500,.700,90,.293,83,5,0,0,0,0,0,/H3D,,tellero01
545,Luis Urías,29,TOR,AL,0.2,3,10,9,1,3,0,0,1,2,0,0,1,1,.333,.400,.667,1.067,184,.446,181,6,0,0,0,0,0,/4,,uriaslu01
546,Joey Meneses,34,ATH,AL,-0.1,3,9,7,0,1,0,0,0,1,0,0,2,1,.143,.333,.143,.476,37,.257,49,1,1,0,0,0,0,/D,,menesjo01
547,Kyle Teel*,24,CHW,AL,0.0,2,9,7,1,1,0,0,0,0,0,0,1,3,.143,.333,.143,.476,40,.260,57,1,0,1,0,0,0,/2,,teelky01
548,Jace Jung*,25,DET,AL,0.0,3,8,6,1,1,0,0,0,0,0,0,2,1,.167,.375,.167,.542,58,.289,74,1,0,0,0,0,0,/D,,jungja01
549,Buddy Kennedy,27,SFG,NL,-0.2,7,8,7,0,0,0,0,0,0,0,0,1,3,.000,.125,.000,.125,-60,.087,-61,0,0,0,0,0,0,/H514D,,kennebu01
550,Steward Berroa#,27,PHI,NL,-0.1,6,7,7,0,1,0,0,0,1,0,0,0,4,.143,.143,.143,.286,-22,.129,-44,1,0,0,0,0,0,/897,,berrost01
551,Deyvison De Los Santos,23,MIA,NL,0.0,3,7,7,0,2,1,0,0,0,0,0,0,3,.286,.286,.429,.714,100,.294,84,3,0,0,0,0,0,/3D,,delosde01
552,Ben Malgeri,26,DET,AL,0.0,2,7,6,1,2,0,0,0,1,0,0,0,3,.333,.286,.333,.619,71,.259,53,2,0,0,0,1,0,/98,,malgebe01
553,Jared Oliva,30,SFG,NL,0.0,7,7,7,1,1,0,0,0,0,1,0,0,1,.143,.143,.143,.286,-18,.164,-31,1,1,0,0,0,0,/8H7,,olivaja01
554,Ryan Ritter,25,COL,NL,-0.1,6,7,7,1,1,0,0,0,0,0,0,0,3,.143,.143,.143,.286,-23,.129,-50,1,0,0,0,0,0,/4H,,rittery01
555,Brett Harris,28,ATH,AL,0.1,5,6,4,0,0,0,0,0,0,0,0,1,2,.000,.333,.000,.333,2,.239,36,0,0,1,0,0,0,/5H4,,harribr02
556,Logan Porter,30,2TM,2LG,0.1,3,6,4,2,1,1,0,0,0,0,0,2,2,.250,.500,.500,1.000,185,.444,187,2,0,0,0,0,0,/2H,,portelo01
556,Logan Porter,30,SFG,NL,0.0,1,0,0,1,0,0,0,0,0,0,0,0,0,,,,,,,,0,0,0,0,0,0,/H,,portelo01
556,Logan Porter,30,LAA,AL,0.1,2,6,4,1,1,1,0,0,0,0,0,2,2,.250,.500,.500,1.000,185,.444,187,2,0,0,0,0,0,/2,,portelo01
557,Will Wilson,27,SEA,AL,0.0,2,6,5,1,1,0,0,1,2,0,0,1,1,.200,.333,.800,1.133,212,.457,200,4,0,0,0,0,0,/5,,wilsowi03
558,Luken Baker,29,ARI,NL,-0.1,3,5,5,0,1,0,0,0,0,0,0,0,3,.200,.200,.200,.400,12,.181,-4,1,0,0,0,0,0,/3H,,bakerlu01
559,Trei Cruz#,27,DET,AL,-0.2,2,5,5,0,0,0,0,0,0,0,0,0,3,.000,.000,.000,.000,-100,.000,-129,0,0,0,0,0,0,/79,,cruztr01
560,Rafael Flores,25,PIT,NL,0.2,2,5,3,2,2,1,0,1,2,0,0,2,0,.667,.800,2.000,2.800,639,.936,539,6,0,0,0,0,0,/2,,florera03
561,Jim Jarvis*,25,ATL,NL,-0.1,2,5,5,0,1,0,0,0,0,0,0,0,2,.200,.200,.200,.400,14,.181,2,1,0,0,0,0,0,/6,,jarviji01
562,Michael Stefanic,30,ATH,AL,0.0,2,5,5,1,2,0,0,0,0,0,0,0,1,.400,.400,.400,.800,119,.363,122,2,0,0,0,0,0,/46H,,stefami01
563,Dylan Carlson#,27,CHC,NL,-0.2,3,4,4,1,0,0,0,0,0,0,0,0,2,.000,.000,.000,.000,-100,.000,-124,0,0,0,0,0,0,/H79D,,carlsdy01
564,Gabriel González,22,MIN,AL,0.1,1,4,2,1,1,0,0,0,0,0,0,2,0,.500,.750,.500,1.250,256,.553,261,1,0,0,0,0,0,/7,,gonzaga03
565,Kiké Hernández,34,LAD,NL,0.2,2,4,4,2,4,2,0,1,2,0,0,0,0,1.000,1.000,2.250,3.250,777,1.336,824,9,0,0,0,0,0,/5,,hernaen02
566,Scott Kingery,32,CHC,NL,-0.2,8,4,4,2,1,0,0,0,0,1,0,0,0,.250,.250,.250,.500,44,.287,39,1,0,0,0,0,0,/HD45,,kingesc01
567,Davis Wendzel,29,PIT,NL,-0.1,2,4,4,0,0,0,0,0,0,0,0,0,0,.000,.000,.000,.000,-100,.000,-133,0,0,0,0,0,0,/34H,,wendzda01
568,Justin Dean,29,CHC,NL,0.1,3,3,3,1,2,0,1,0,3,0,0,0,0,.667,.667,1.333,2.000,455,.829,474,4,0,0,0,0,0,/98,,deanju01
569,Blake Hunt,27,SDP,NL,0.0,2,3,3,0,0,0,0,0,0,0,0,0,3,.000,.000,.000,.000,-100,.000,-132,0,0,0,0,0,0,/2,,huntbl01
570,Omar Martínez*,24,LAA,AL,0.0,5,3,3,0,1,0,0,0,0,0,0,0,1,.333,.333,.333,.667,90,.303,89,1,0,0,0,0,0,/2H,,martiom01
571,Brian Navarreto,31,MIA,NL,0.1,1,3,1,1,0,0,0,0,0,0,0,1,1,.000,.500,.000,.500,59,.349,135,0,0,0,1,0,0,/2,,navarbr01
572,Jair Camargo,26,ATL,NL,0.1,1,2,2,1,1,1,0,0,0,0,0,0,1,.500,.500,1.000,1.500,311,.627,322,2,0,0,0,0,0,/2H,,camarja01
573,Jeferson Quero,23,MIL,NL,0.0,1,2,1,0,0,0,0,0,0,0,0,1,0,.000,.500,.000,.500,55,.349,117,0,0,0,0,0,0,/2,,queroje01
574,Maverick Handley,28,BAL,AL,0.0,1,1,1,0,0,0,0,0,0,0,0,0,1,.000,.000,.000,.000,-100,.000,-117,0,0,0,0,0,0,/H,,handlma01
575,Michael Siani*,26,BAL,AL,0.0,1,1,1,0,0,0,0,0,0,0,0,0,0,.000,.000,.000,.000,-100,.000,-117,0,0,0,0,0,0,/8,,sianimi01
576,Luke Williams,29,ATL,NL,-0.1,2,1,0,0,0,0,0,0,0,0,0,1,0,,1.000,,,,.699,382,0,0,0,0,0,0,/47H,,willilu01
577,Clayton Beeter,27,WSN,NL,0.0,3,0,0,0,0,0,0,0,0,0,0,0,0,,,,,,,,0,0,0,0,0,0,1,,beetecl01
578,Paul Blackburn,32,NYY,AL,0.0,1,0,0,0,0,0,0,0,0,0,0,0,0,,,,,,,,0,0,0,0,0,0,1,,blackpa01
579,Kyle Bradish,29,BAL,AL,0.0,1,0,0,0,0,0,0,0,0,0,0,0,0,,,,,,,,0,0,0,0,0,0,1,,bradiky01
580,Aroldis Chapman*,38,BOS,AL,0.0,2,0,0,0,0,0,0,0,0,0,0,0,0,,,,,,,,0,0,0,0,0,0,1,,chapmar01
581,Jack Dreyer,27,LAD,NL,0.0,1,0,0,0,0,0,0,0,0,0,0,0,0,,,,,,,,0,0,0,0,0,0,1,,dreyeja01
582,Jhoan Duran,28,PHI,NL,0.0,1,0,0,0,0,0,0,0,0,0,0,0,0,,,,,,,,0,0,0,0,0,0,1,,duranjh01
583,Lucas Erceg*,31,KCR,AL,0.0,1,0,0,0,0,0,0,0,0,0,0,0,0,,,,,,,,0,0,0,0,0,0,1,,erceglu01
584,Carlos Estévez,33,KCR,AL,0.0,1,0,0,0,0,0,0,0,0,0,0,0,0,,,,,,,,0,0,0,0,0,0,/1,,estevca01
585,Pete Fairbanks,32,MIA,NL,0.0,1,0,0,0,0,0,0,0,0,0,0,0,0,,,,,,,,0,0,0,0,0,0,1,,fairbpe01
586,Didier Fuentes,21,ATL,NL,0.0,2,0,0,0,0,0,0,0,0,0,0,0,0,,,,,,,,0,0,0,0,0,0,1,,fuentdi01
587,Rico Garcia,32,BAL,AL,0.0,1,0,0,0,0,0,0,0,0,0,0,0,0,,,,,,,,0,0,0,0,0,0,1,,garciri01
588,Cade Gibson*,28,MIA,NL,0.0,2,0,0,0,0,0,0,0,0,0,0,0,0,,,,,,,,0,0,0,0,0,0,1,,gibsoca01
589,J.T. Ginn,27,ATH,AL,0.0,1,0,0,0,0,0,0,0,0,0,0,0,0,,,,,,,,0,0,0,0,0,0,1,,ginnjt01
590,Edgardo Henriquez,24,LAD,NL,0.0,1,0,0,0,0,0,0,0,0,0,0,0,0,,,,,,,,0,0,0,0,0,0,1,,henried01
591,Sam Hentges*,29,SFG,NL,0.0,1,0,0,0,0,0,0,0,0,0,0,0,0,,,,,,,,0,0,0,0,0,0,1,,hentgsa01
592,Raisel Iglesias,36,ATL,NL,0.0,4,0,0,0,0,0,0,0,0,0,0,0,0,,,,,,,,0,0,0,0,0,0,1,,iglesra01
593,William Kempner,25,MIA,NL,0.0,1,0,0,0,0,0,0,0,0,0,0,0,0,,,,,,,,0,0,0,0,0,0,/1,,kempnwi01
594,Orion Kerkering,25,PHI,NL,0.0,1,0,0,0,0,0,0,0,0,0,0,0,0,,,,,,,,0,0,0,0,0,0,1,,kerkeor01
595,Tyler Kinley,35,ATL,NL,0.0,1,0,0,0,0,0,0,0,0,0,0,0,0,,,,,,,,0,0,0,0,0,0,1,,kinlety01
596,Alex Lange,30,KCR,AL,0.0,1,0,0,0,0,0,0,0,0,0,0,0,0,,,,,,,,0,0,0,0,0,0,1,,langeal01
597,Jacob Latz,30,TEX,AL,0.0,1,0,0,0,0,0,0,0,0,0,0,0,0,,,,,,,,0,0,0,0,0,0,1,,latzja01
598,Jonathan Loáisiga,31,ARI,NL,0.0,1,0,0,0,0,0,0,0,0,0,0,0,0,,,,,,,,0,0,0,0,0,0,1,,loaisjo01
599,Reynaldo López,32,ATL,NL,0.0,1,0,0,0,0,0,0,0,0,0,0,0,0,,,,,,,,0,0,0,0,0,0,1,,lopezre01
600,Brad Lord,26,WSN,NL,0.0,2,0,0,0,0,0,0,0,0,0,0,0,0,,,,,,,,0,0,0,0,0,0,1,,lordbr02
601,Trevor Megill*,32,MIL,NL,0.0,2,0,0,0,0,0,0,0,0,0,0,0,0,,,,,,,,0,0,0,0,0,0,1,,megiltr01
602,Daniel Palencia,26,CHC,NL,0.0,1,0,0,0,0,0,0,0,0,0,0,0,0,,,,,,,,0,0,0,0,0,0,1,,palenda01
603,Chad Patrick,27,MIL,NL,0.0,1,0,0,0,0,0,0,0,0,0,0,0,0,,,,,,,,0,0,0,0,0,0,1,,patrich01
604,Jack Perkins,26,ATH,AL,0.0,1,0,0,0,0,0,0,0,0,0,0,0,0,,,,,,,,0,0,0,0,0,0,1,,perkija01
605,Orlando Ribalta,28,WSN,NL,0.0,1,0,0,0,0,0,0,0,0,0,0,0,0,,,,,,,,0,0,0,0,0,0,1,,ribalor01
606,JR Ritchie,23,ATL,NL,0.0,1,0,0,0,0,0,0,0,0,0,0,0,0,,,,,,,,0,0,0,0,0,0,/1,,ritchjr01
607,Ryan Rolison,28,CHC,NL,0.0,1,0,0,0,0,0,0,0,0,0,0,0,0,,,,,,,,0,0,0,0,0,0,1,,rolisry01
608,Paxton Schultz*,28,WSN,NL,0.0,1,0,0,0,0,0,0,0,0,0,0,0,0,,,,,,,,0,0,0,0,0,0,1,,schulpa01
609,Connor Seabold,30,KCR,AL,0.0,1,0,0,0,0,0,0,0,0,0,0,0,0,,,,,,,,0,0,0,0,0,0,/1,,seaboco01
610,Chase Shugart*,29,PHI,NL,0.0,1,0,0,0,0,0,0,0,0,0,0,0,0,,,,,,,,0,0,0,0,0,0,1,,shugach01
611,Cade Smith,27,CLE,AL,0.0,1,0,0,0,0,0,0,0,0,0,0,0,0,,,,,,,,0,0,0,0,0,0,1,,smithca06
612,Dylan Smith,26,SFG,NL,0.0,1,0,0,0,0,0,0,0,0,0,0,0,0,,,,,,,,0,0,0,0,0,0,1,,smithdy01
613,George Soriano,27,STL,NL,0.0,1,0,0,0,0,0,0,0,0,0,0,0,0,,,,,,,,0,0,0,0,0,0,1,,soriage01
614,Gabe Speier*,31,SEA,AL,0.0,1,0,0,0,0,0,0,0,0,0,0,0,0,,,,,,,,0,0,0,0,0,0,1,,speiega01
615,Robert Suarez,35,ATL,NL,0.0,3,0,0,0,0,0,0,0,0,0,0,0,0,,,,,,,,0,0,0,0,0,0,1,,suarero01
616,Caleb Thielbar,39,CHC,NL,0.0,1,0,0,0,0,0,0,0,0,0,0,0,0,,,,,,,,0,0,0,0,0,0,1,,thielca01
617,Ricky Vanasco,27,DET,AL,0.0,1,0,0,0,0,0,0,0,0,0,0,0,0,,,,,,,,0,0,0,0,0,0,/1,,vanasri01
618,Gus Varland*,29,WSN,NL,0.0,1,0,0,0,0,0,0,0,0,0,0,0,0,,,,,,,,0,0,0,0,0,0,1,,varlagu01
619,Alex Vesia*,30,LAD,NL,0.0,1,0,0,0,0,0,0,0,0,0,0,0,0,,,,,,,,0,0,0,0,0,0,1,,vesiaal01
620,Will Vest,31,DET,AL,0.0,1,0,0,0,0,0,0,0,0,0,0,0,0,,,,,,,,0,0,0,0,0,0,1,,vestwi01
621,Victor Vodnik,26,COL,NL,0.0,1,0,0,0,0,0,0,0,0,0,0,0,0,,,,,,,,0,0,0,0,0,0,1,,vodnivi01
622,Luke Weaver,32,NYM,NL,0.0,1,0,0,0,0,0,0,0,0,0,0,0,0,,,,,,,,0,0,0,0,0,0,1,,weavelu01
623,Garrett Whitlock,30,BOS,AL,0.0,1,0,0,0,0,0,0,0,0,0,0,0,0,,,,,,,,0,0,0,0,0,0,1,,whitlga01
624,Devin Williams,31,NYM,NL,0.0,1,0,0,0,0,0,0,0,0,0,0,0,0,,,,,,,,0,0,0,0,0,0,1,,willide03
625,Keaton Winn,28,SFG,NL,0.0,1,0,0,0,0,0,0,0,0,0,0,0,0,,,,,,,,0,0,0,0,0,0,1,,winnke01
,MLB Average,,,,,,,,,,,,,,,,,,.243,.319,.400,.719,100,.323,100,,,,,,,,,-9999