game_date,game_pk,player_name,batter,plate_appearances,hits,starting_pitcher_id,starting_pitcher_hand,starting_pitcher_rest_days,batter_rest_days,hits_vs_L,hits_vs_R,pas_vs_L,pas_vs_R,opp_hit_rate_last_5,opp_k_rate_last_5,hits_last_7,pa_last_7,hit_rate_last_7,hits_vs_L_last_7,hits_vs_R_last_7,pas_vs_L_last_7,pas_vs_R_last_7,hit_rate_vs_L_last_7,hit_rate_vs_R_last_7,starting_pitcher_hand_L,predicted_hits_poisson,predicted_hits_rf
2026-08-09,823345,"Lowe, Brandon",664040,2,0,640455,L,5.0,1.0,0,0,2,0,0.2440944881889764,0.2125984251968504,6.0,30.0,0.2,0.0,6.0,7.0,23.0,0.0,0.2608695652173913,1,0.8155668818359634,0.9531980894950042
2026-08-09,823345,"Reynolds, Bryan",668804,3,1,640455,L,5.0,1.0,1,0,3,0,0.2440944881889764,0.2125984251968504,7.0,32.0,0.21875,2.0,5.0,8.0,24.0,0.25,0.20833333333333334,1,0.8177835204821162,1.0085166301707944
2026-08-09,823345,"Triolo, Jared",669707,3,0,640455,L,5.0,2.0,0,0,2,1,0.2440944881889764,0.2125984251968504,3.0,15.0,0.2,2.0,1.0,8.0,7.0,0.25,0.14285714285714285,1,0.6661468439438891,0.8601737957378434
2026-08-09,823345,"Davis, Henry",680779,3,0,640455,L,5.0,1.0,0,0,2,1,0.2440944881889764,0.2125984251968504,4.0,26.0,0.15384615384615385,0.0,4.0,7.0,19.0,0.0,0.21052631578947367,1,0.7650201351421274,0.8612592221943492
2026-08-09,823345,"Gonzales, Nick",693304,4,0,640455,L,5.0,1.0,0,0,3,1,0.2440944881889764,0.2125984251968504,6.0,28.0,0.21428571428571427,3.0,3.0,8.0,20.0,0.375,0.15,1,0.8209330769223112,1.0222185792002856
2026-08-09,823345,"Valdez, Esmerlyn",699013,4,0,640455,L,5.0,1.0,0,0,3,1,0.2440944881889764,0.2125984251968504,1.0,29.0,0.034482758620689655,0.0,1.0,10.0,19.0,0.0,0.05263157894736842,1,0.7411852732577983,0.7678961269771164
2026-08-11,823832,"Lowe, Brandon",664040,4,0,691587,R,6.0,2.0,0,0,0,4,0.2096774193548387,0.2580645161290322,6.0,29.0,0.20689655172413793,0.0,6.0,9.0,20.0,0.0,0.3,0,0.9684944575486014,0.7532657318580087
2026-08-11,823832,"Reynolds, Bryan",668804,4,0,691587,R,6.0,2.0,0,0,0,4,0.2096774193548387,0.2580645161290322,7.0,31.0,0.22580645161290322,3.0,4.0,11.0,20.0,0.2727272727272727,0.2,0,0.9982382359473481,0.7934191696980586
2026-08-11,823832,"Davis, Henry",680779,3,1,691587,R,6.0,2.0,0,1,0,3,0.2096774193548387,0.2580645161290322,4.0,27.0,0.14814814814814814,0.0,4.0,9.0,18.0,0.0,0.2222222222222222,0,0.9203870729787738,0.7963470267667846
2026-08-11,823832,"Horwitz, Spencer",687462,4,0,691587,R,6.0,3.0,0,0,0,4,0.2096774193548387,0.2580645161290322,3.0,26.0,0.11538461538461539,0.0,3.0,4.0,22.0,0.0,0.13636363636363635,0,0.9077496737602285,0.7830796140608272
2026-08-11,823832,"Gonzales, Nick",693304,3,0,691587,R,6.0,2.0,0,0,0,3,0.2096774193548387,0.2580645161290322,6.0,28.0,0.21428571428571427,3.0,3.0,10.0,18.0,0.3,0.16666666666666666,0,0.9970275781703085,0.8442690572644174
2026-08-11,823832,"Gonzalez, Jacob",694378,3,1,691587,R,6.0,2.0,0,1,0,3,0.2096774193548387,0.2580645161290322,3.0,17.0,0.17647058823529413,0.0,3.0,2.0,15.0,0.0,0.2,0,0.8178001490033282,0.87495713398398
2026-08-11,823832,"Valdez, Esmerlyn",699013,3,1,691587,R,6.0,2.0,0,1,0,3,0.2096774193548387,0.2580645161290322,1.0,29.0,0.034482758620689655,0.0,1.0,9.0,20.0,0.0,0.05,0,0.897212723587428,0.6851539445928172
2026-08-12,823833,"Lowe, Brandon",664040,4,1,676083,R,6.0,1.0,0,1,0,4,0.2421052631578947,0.2,5.0,28.0,0.17857142857142858,0.0,5.0,8.0,20.0,0.0,0.25,0,0.9872304171898564,0.8750909620094748
2026-08-12,823833,"Reynolds, Bryan",668804,4,0,676083,R,6.0,1.0,0,0,0,4,0.2421052631578947,0.2,5.0,30.0,0.16666666666666666,3.0,2.0,10.0,20.0,0.3,0.1,0,1.0155626761533705,1.0086958776806896
2026-08-12,823833,"Davis, Henry",680779,3,0,676083,R,6.0,1.0,0,0,0,3,0.2421052631578947,0.2,5.0,27.0,0.18518518518518517,0.0,5.0,6.0,21.0,0.0,0.23809523809523808,0,0.9973148333418044,0.8459013399503641
2026-08-12,823833,"Horwitz, Spencer",687462,4,0,676083,R,6.0,1.0,0,0,0,4,0.2421052631578947,0.2,3.0,26.0,0.11538461538461539,0.0,3.0,3.0,23.0,0.0,0.13043478260869565,0,0.9410859443784679,0.8026999083058008
2026-08-12,823833,"Gonzales, Nick",693304,4,2,676083,R,6.0,1.0,0,2,0,4,0.2421052631578947,0.2,6.0,27.0,0.2222222222222222,3.0,3.0,9.0,18.0,0.3333333333333333,0.16666666666666666,0,1.0319758605570617,1.0015351472707663
2026-08-12,823833,"Gonzalez, Jacob",694378,3,0,676083,R,6.0,1.0,0,0,0,3,0.2421052631578947,0.2,4.0,16.0,0.25,0.0,4.0,1.0,15.0,0.0,0.26666666666666666,0,0.9620031893052816,0.923560280432565
2026-08-12,823833,"Valdez, Esmerlyn",699013,4,1,676083,R,6.0,1.0,0,1,0,4,0.2421052631578947,0.2,2.0,28.0,0.07142857142857142,0.0,2.0,9.0,19.0,0.0,0.10526315789473684,0,0.9243681047868748,0.7078030183530043
2026-08-13,823829,"Lowe, Brandon",664040,6,1,663969,R,6.0,1.0,0,1,1,5,0.25,0.1785714285714285,4.0,28.0,0.14285714285714285,0.0,4.0,8.0,20.0,0.0,0.2,0,0.9746757659711943,0.7121712191142698
2026-08-13,823829,"Reynolds, Bryan",668804,5,0,663969,R,6.0,1.0,0,0,1,4,0.25,0.1785714285714285,5.0,30.0,0.16666666666666666,3.0,2.0,10.0,20.0,0.3,0.1,0,1.0237717179348238,0.9532328851032469
2026-08-13,823829,"Triolo, Jared",669707,5,3,663969,R,6.0,4.0,1,2,2,3,0.25,0.1785714285714285,3.0,17.0,0.17647058823529413,2.0,1.0,10.0,7.0,0.2,0.14285714285714285,0,0.8470810495698827,0.9153929586682872
2026-08-13,823829,"Horwitz, Spencer",687462,6,2,663969,R,6.0,1.0,0,2,2,4,0.25,0.1785714285714285,2.0,26.0,0.07692307692307693,0.0,2.0,2.0,24.0,0.0,0.08333333333333333,0,0.9160280840983932,0.698801595902039
2026-08-13,823829,"Gonzales, Nick",693304,5,2,663969,R,6.0,1.0,0,2,1,4,0.25,0.1785714285714285,8.0,27.0,0.2962962962962963,3.0,5.0,9.0,18.0,0.3333333333333333,0.2777777777777778,0,1.0901512576324606,0.9355611976156469
2026-08-13,823829,"Gonzalez, Jacob",694378,5,1,663969,R,6.0,1.0,0,1,2,3,0.25,0.1785714285714285,3.0,16.0,0.1875,0.0,3.0,1.0,15.0,0.0,0.2,0,0.8502907897629345,0.7881460302654681
2026-08-13,823829,"Valdez, Esmerlyn",699013,5,2,663969,R,6.0,1.0,0,2,1,4,0.25,0.1785714285714285,3.0,28.0,0.10714285714285714,0.0,3.0,8.0,20.0,0.0,0.15,0,0.9545647918395996,0.7080771590342892
2026-08-14,823346,"Lowe, Brandon",664040,4,1,687562,L,6.0,1.0,1,0,4,0,0.2195121951219512,0.1626016260162601,5.0,30.0,0.16666666666666666,0.0,5.0,7.0,23.0,0.0,0.21739130434782608,1,0.7862371581801026,0.7631221027389739
2026-08-14,823346,"Reynolds, Bryan",668804,4,2,687562,L,6.0,1.0,2,0,4,0,0.2195121951219512,0.1626016260162601,4.0,31.0,0.12903225806451613,2.0,2.0,8.0,23.0,0.25,0.08695652173913043,1,0.7806648230367585,0.8357136220640674
2026-08-14,823346,"Triolo, Jared",669707,4,0,687562,L,6.0,1.0,0,0,4,0,0.2195121951219512,0.1626016260162601,6.0,18.0,0.3333333333333333,3.0,3.0,10.0,8.0,0.3,0.375,1,0.8569058207110779,0.9100310188989847
2026-08-14,823346,"Davis, Henry",680779,3,0,687562,L,6.0,2.0,0,0,3,0,0.2195121951219512,0.1626016260162601,4.0,26.0,0.15384615384615385,0.0,4.0,6.0,20.0,0.0,0.2,1,0.7528677088601314,0.766894535785738
2026-08-14,823346,"Gonzales, Nick",693304,3,0,687562,L,6.0,1.0,0,0,3,0,0.2195121951219512,0.1626016260162601,9.0,29.0,0.3103448275862069,2.0,7.0,7.0,22.0,0.2857142857142857,0.3181818181818182,1,0.8397344698151277,0.8500667444862484
2026-08-14,823346,"Valdez, Esmerlyn",699013,4,1,687562,L,6.0,1.0,1,0,4,0,0.2195121951219512,0.1626016260162601,5.0,29.0,0.1724137931034483,0.0,5.0,9.0,20.0,0.0,0.25,1,0.7716493556434487,0.8626615562690696
2026-08-15,823347,"Lowe, Brandon",664040,4,1,543243,R,5.0,1.0,0,1,1,3,0.2421875,0.1953125,5.0,30.0,0.16666666666666666,1.0,4.0,10.0,20.0,0.1,0.2,0,0.9944986966651256,1.0763177995996585
2026-08-15,823347,"Reynolds, Bryan",668804,4,0,543243,R,5.0,1.0,0,0,1,3,0.2421875,0.1953125,6.0,31.0,0.1935483870967742,4.0,2.0,11.0,20.0,0.36363636363636365,0.1,0,1.0387250291050014,1.1189346664864523
2026-08-15,823347,"Triolo, Jared",669707,3,0,543243,R,5.0,1.0,0,0,1,2,0.2421875,0.1953125,5.0,21.0,0.23809523809523808,3.0,2.0,14.0,7.0,0.21428571428571427,0.2857142857142857,0,0.9687645668179394,1.0373599482151585
2026-08-15,823347,"Horwitz, Spencer",687462,4,0,543243,R,5.0,2.0,0,0,1,3,0.2421875,0.1953125,4.0,28.0,0.14285714285714285,0.0,4.0,4.0,24.0,0.0,0.16666666666666666,0,0.9871165149046249,0.7597864263667186
2026-08-15,823347,"Gonzalez, Jacob",694378,3,0,543243,R,5.0,1.0,0,0,0,3,0.2421875,0.1953125,5.0,19.0,0.2631578947368421,1.0,4.0,4.0,15.0,0.25,0.26666666666666666,0,1.0045101340509819,0.9798983423503633
2026-08-15,823347,"Valdez, Esmerlyn",699013,4,2,543243,R,5.0,1.0,0,2,1,3,0.2421875,0.1953125,6.0,29.0,0.20689655172413793,1.0,5.0,10.0,19.0,0.1,0.2631578947368421,0,1.003042428369863,1.2502827574569952
2026-08-16,823344,"Lowe, Brandon",664040,4,2,663776,L,5.0,1.0,2,0,4,0,0.282051282051282,0.2051282051282051,5.0,29.0,0.1724137931034483,1.0,4.0,8.0,21.0,0.125,0.19047619047619047,1,0.8280040002086735,1.069013021631313
2026-08-16,823344,"Reynolds, Bryan",668804,4,2,663776,L,5.0,1.0,2,0,4,0,0.282051282051282,0.2051282051282051,4.0,29.0,0.13793103448275862,3.0,1.0,9.0,20.0,0.3333333333333333,0.05,1,0.826590340530864,1.0177242348839854
2026-08-16,823344,"Triolo, Jared",669707,5,1,663776,L,5.0,1.0,1,0,5,0,0.282051282051282,0.2051282051282051,5.0,21.0,0.23809523809523808,3.0,2.0,15.0,6.0,0.2,0.3333333333333333,1,0.783797040067701,1.090228177522072
2026-08-16,823344,"Davis, Henry",680779,4,0,663776,L,5.0,2.0,0,0,4,0,0.282051282051282,0.2051282051282051,3.0,25.0,0.12,0.0,3.0,7.0,18.0,0.0,0.16666666666666666,1,0.7578009651630639,0.8388167429384952
2026-08-16,823344,"Valdez, Esmerlyn",699013,5,2,663776,L,5.0,1.0,2,0,5,0,0.282051282051282,0.2051282051282051,8.0,29.0,0.27586206896551724,1.0,7.0,9.0,20.0,0.1111111111111111,0.35,1,0.8642217352495639,1.2058315573054053
2026-08-17,823343,"Lowe, Brandon",664040,4,2,664285,L,5.0,1.0,2,0,4,0,0.2457627118644068,0.1610169491525423,6.0,28.0,0.21428571428571427,3.0,3.0,12.0,16.0,0.25,0.1875,1,0.8249952551500568,0.900299831242678
2026-08-17,823343,"Reynolds, Bryan",668804,5,0,664285,L,5.0,1.0,0,0,3,2,0.2457627118644068,0.1610169491525423,5.0,28.0,0.17857142857142858,5.0,0.0,13.0,15.0,0.38461538461538464,0.0,1,0.855799173558937,0.9362671062452144
2026-08-17,823343,"Triolo, Jared",669707,3,0,664285,L,5.0,1.0,0,0,3,0,0.2457627118644068,0.1610169491525423,6.0,24.0,0.25,4.0,2.0,18.0,6.0,0.2222222222222222,0.3333333333333333,1,0.7927438836308766,0.8022425717696378
2026-08-17,823343,"Davis, Henry",680779,4,1,664285,L,5.0,1.0,0,1,3,1,0.2457627118644068,0.1610169491525423,3.0,25.0,0.12,0.0,3.0,10.0,15.0,0.0,0.2,1,0.7176610959497448,0.7468172093004543
2026-08-17,823343,"Gonzales, Nick",693304,4,1,664285,L,5.0,3.0,1,0,3,1,0.2457627118644068,0.1610169491525423,7.0,28.0,0.25,1.0,6.0,9.0,19.0,0.1111111111111111,0.3157894736842105,1,0.8255848482437361,1.0361257437173437
2026-08-17,823343,"Gonzalez, Jacob",694378,2,0,640448,R,2.0,2.0,0,0,0,2,0.238095238095238,0.0952380952380952,4.0,21.0,0.19047619047619047,1.0,3.0,4.0,17.0,0.25,0.17647058823529413,0,0.9242609920525926,0.7565684162930822
2026-08-17,823343,"Valdez, Esmerlyn",699013,5,0,664285,L,5.0,1.0,0,0,3,2,0.2457627118644068,0.1610169491525423,9.0,29.0,0.3103448275862069,3.0,6.0,14.0,15.0,0.21428571428571427,0.4,1,0.8307655023698527,1.008545746647234
2026-08-18,823341,"Lowe, Brandon",664040,4,0,672456,R,5.0,1.0,0,0,1,3,0.1896551724137931,0.1379310344827586,8.0,30.0,0.26666666666666666,5.0,3.0,14.0,16.0,0.35714285714285715,0.1875,0,1.0239956962661518,0.8969546318032737
2026-08-18,823341,"Cruz, Oneil",665833,3,1,672456,R,5.0,73.0,0,1,0,3,0.1896551724137931,0.1379310344827586,7.0,31.0,0.22580645161290322,1.0,6.0,6.0,25.0,0.16666666666666666,0.24,0,0.9787062397377365,1.0046331562077935
2026-08-18,823341,"Reynolds, Bryan",668804,4,1,672456,R,5.0,1.0,1,0,1,3,0.1896551724137931,0.1379310344827586,4.0,30.0,0.13333333333333333,4.0,0.0,13.0,17.0,0.3076923076923077,0.0,0,0.9857208590931935,0.9186385731946048
2026-08-18,823341,"Triolo, Jared",669707,3,1,672456,R,5.0,1.0,0,1,0,3,0.1896551724137931,0.1379310344827586,6.0,26.0,0.23076923076923078,4.0,2.0,20.0,6.0,0.2,0.3333333333333333,0,0.9202675904357726,0.950269433516536
2026-08-18,823341,"Horwitz, Spencer",687462,4,1,672456,R,5.0,3.0,0,1,1,3,0.1896551724137931,0.1379310344827586,4.0,31.0,0.12903225806451613,0.0,4.0,5.0,26.0,0.0,0.15384615384615385,0,0.9580378128632346,0.6782934620711517
2026-08-18,823341,"Gonzalez, Jacob",694378,3,0,672456,R,5.0,1.0,0,0,0,3,0.1896551724137931,0.1379310344827586,3.0,18.0,0.16666666666666666,1.0,2.0,4.0,14.0,0.25,0.14285714285714285,0,0.7948791969420895,0.7756135724353793
2026-08-18,823341,"Valdez, Esmerlyn",699013,4,0,672456,R,5.0,1.0,0,0,1,3,0.1896551724137931,0.1379310344827586,9.0,30.0,0.3,3.0,6.0,14.0,16.0,0.21428571428571427,0.375,0,0.9782163894303455,0.7836502259479375
2026-08-21,823911,"Lowe, Brandon",664040,5,2,808967,R,7.0,2.0,0,2,0,5,0.1526717557251908,0.2290076335877862,8.0,31.0,0.25806451612903225,5.0,3.0,16.0,15.0,0.3125,0.2,0,0.9725460420049268,0.901563811083135
2026-08-21,823911,"Cruz, Oneil",665833,5,1,808967,R,7.0,2.0,0,1,0,5,0.1526717557251908,0.2290076335877862,8.0,29.0,0.27586206896551724,1.0,7.0,6.0,23.0,0.16666666666666666,0.30434782608695654,0,0.970142436862677,0.8665829164324106
2026-08-21,823911,"Reynolds, Bryan",668804,5,2,808967,R,7.0,2.0,0,2,0,5,0.1526717557251908,0.2290076335877862,6.0,30.0,0.2,5.0,1.0,14.0,16.0,0.35714285714285715,0.0625,0,0.9815858642938922,1.0253939368396965
2026-08-21,823911,"Triolo, Jared",669707,4,0,808967,R,7.0,2.0,0,0,0,4,0.1526717557251908,0.2290076335877862,5.0,26.0,0.19230769230769232,2.0,3.0,15.0,11.0,0.13333333333333333,0.2727272727272727,0,0.8747585070362011,1.0220913734739054
2026-08-21,823911,"Horwitz, Spencer",687462,5,0,808967,R,7.0,2.0,0,0,0,5,0.1526717557251908,0.2290076335877862,3.0,32.0,0.09375,0.0,3.0,4.0,28.0,0.0,0.10714285714285714,0,0.9241365506029822,0.7917018309652902
2026-08-21,823911,"Gonzales, Nick",693304,5,2,808967,R,7.0,2.0,0,2,0,5,0.1526717557251908,0.2290076335877862,7.0,27.0,0.25925925925925924,2.0,5.0,11.0,16.0,0.18181818181818182,0.3125,0,0.9449707123820877,0.9280178220971151
2026-08-21,823911,"Gonzalez, Jacob",694378,4,0,808967,R,7.0,2.0,0,0,0,4,0.1526717557251908,0.2290076335877862,3.0,19.0,0.15789473684210525,1.0,2.0,3.0,16.0,0.3333333333333333,0.125,0,0.7650516656447081,0.8808881774940823
2026-08-22,823910,"Cruz, Oneil",665833,4,1,669373,L,6.0,1.0,1,0,4,0,0.184,0.296,7.0,29.0,0.2413793103448276,1.0,6.0,5.0,24.0,0.2,0.25,1,0.7830715568530864,1.0412876779210727
2026-08-22,823910,"Reynolds, Bryan",668804,4,1,669373,L,6.0,1.0,1,0,3,1,0.184,0.296,8.0,30.0,0.26666666666666666,5.0,3.0,13.0,17.0,0.38461538461538464,0.17647058823529413,1,0.8126787214469064,0.8495058555234384
2026-08-22,823910,"Triolo, Jared",669707,3,1,669373,L,6.0,1.0,1,0,3,0,0.184,0.296,2.0,25.0,0.08,1.0,1.0,13.0,12.0,0.07692307692307693,0.08333333333333333,1,0.6645149437162509,0.7594976080069847
2026-08-22,823910,"Davis, Henry",680779,3,0,669373,L,6.0,1.0,0,0,3,0,0.184,0.296,2.0,20.0,0.1,0.0,2.0,10.0,10.0,0.0,0.2,1,0.5762389558558128,0.8326258888522375
2026-08-22,823910,"Gonzales, Nick",693304,4,0,669373,L,6.0,1.0,0,0,3,1,0.184,0.296,9.0,28.0,0.32142857142857145,2.0,7.0,8.0,20.0,0.25,0.35,1,0.8188928333148964,0.9424644739780469
2026-08-22,823910,"Valdez, Esmerlyn",699013,4,2,669373,L,6.0,3.0,1,1,3,1,0.184,0.296,7.0,31.0,0.22580645161290322,3.0,4.0,15.0,16.0,0.2,0.25,1,0.765819622090843,0.9699148123202459
2026-08-24,823260,"Lowe, Brandon",664040,5,0,592662,L,6.0,1.0,0,0,4,1,0.1946902654867256,0.1858407079646017,9.0,30.0,0.3,5.0,4.0,15.0,15.0,0.3333333333333333,0.26666666666666666,1,0.8195267835383393,0.7887037186621325
2026-08-24,823260,"Cruz, Oneil",665833,6,0,592662,L,6.0,1.0,0,0,5,1,0.1946902654867256,0.1858407079646017,4.0,25.0,0.16,1.0,3.0,8.0,17.0,0.125,0.17647058823529413,1,0.7253298745607164,0.7830715500774028
2026-08-24,823260,"Reynolds, Bryan",668804,6,1,592662,L,6.0,1.0,1,0,5,1,0.1946902654867256,0.1858407079646017,7.0,30.0,0.23333333333333334,4.0,3.0,14.0,16.0,0.2857142857142857,0.1875,1,0.8005716686872645,0.8555412382806721
2026-08-24,823260,"Triolo, Jared",669707,5,2,592662,L,6.0,1.0,2,0,4,1,0.1946902654867256,0.1858407079646017,3.0,23.0,0.13043478260869565,2.0,1.0,13.0,10.0,0.15384615384615385,0.1,1,0.6918024939816798,0.7449615431247455
2026-08-24,823260,"Horwitz, Spencer",687462,5,1,592662,L,6.0,1.0,1,0,4,1,0.1946902654867256,0.1858407079646017,4.0,32.0,0.125,1.0,3.0,7.0,25.0,0.14285714285714285,0.12,1,0.766125468204276,0.8113038663046733
2026-08-24,823260,"Gonzales, Nick",693304,6,2,592662,L,6.0,1.0,0,2,4,2,0.1946902654867256,0.1858407079646017,7.0,29.0,0.2413793103448276,2.0,5.0,14.0,15.0,0.14285714285714285,0.3333333333333333,1,0.76212049561843,0.9386338016995698
2026-08-24,823260,"Gonzalez, Jacob",694378,3,0,699134,R,3.0,1.0,0,0,1,2,0.125,0.3333333333333333,2.0,16.0,0.125,1.0,1.0,1.0,15.0,1.0,0.06666666666666667,0,0.5607102735411398,0.8560405292029909
2026-08-24,823260,"Valdez, Esmerlyn",699013,4,1,592662,L,6.0,1.0,1,0,4,0,0.1946902654867256,0.1858407079646017,6.0,30.0,0.2,3.0,3.0,16.0,14.0,0.1875,0.21428571428571427,1,0.7710687178790885,0.9351609720444579
2026-08-25,823259,"Lowe, Brandon",664040,4,0,650633,R,6.0,1.0,0,0,1,3,0.2184873949579832,0.2100840336134453,8.0,31.0,0.25806451612903225,5.0,3.0,18.0,13.0,0.2777777777777778,0.23076923076923078,0,1.0241169546489066,0.9792906993408074
2026-08-25,823259,"Cruz, Oneil",665833,4,1,650633,R,6.0,1.0,0,1,0,4,0.2184873949579832,0.2100840336134453,4.0,27.0,0.14814814814814814,1.0,3.0,11.0,16.0,0.09090909090909091,0.1875,0,0.9319693493277803,0.9457541688065125
2026-08-25,823259,"Reynolds, Bryan",668804,4,2,650633,R,6.0,1.0,0,2,0,4,0.2184873949579832,0.2100840336134453,6.0,32.0,0.1875,3.0,3.0,15.0,17.0,0.2,0.17647058823529413,0,0.9960325693471213,1.0127777878363144
2026-08-25,823259,"Triolo, Jared",669707,3,1,650633,R,6.0,1.0,0,1,0,3,0.2184873949579832,0.2100840336134453,4.0,23.0,0.17391304347826086,3.0,1.0,12.0,11.0,0.25,0.09090909090909091,0,0.9513966754202661,0.8595547716620677
2026-08-25,823259,"Davis, Henry",680779,2,0,650633,R,6.0,3.0,0,0,0,2,0.2184873949579832,0.2100840336134453,1.0,20.0,0.05,0.0,1.0,13.0,7.0,0.0,0.14285714285714285,0,0.6881804711895235,0.8079129670960687
2026-08-25,823259,"Horwitz, Spencer",687462,4,1,650633,R,6.0,1.0,0,1,1,3,0.2184873949579832,0.2100840336134453,5.0,33.0,0.15151515151515152,2.0,3.0,11.0,22.0,0.18181818181818182,0.13636363636363635,0,0.9929990330527835,0.9943564491993232
2026-08-25,823259,"Gonzales, Nick",693304,4,1,650633,R,6.0,1.0,0,1,0,4,0.2184873949579832,0.2100840336134453,7.0,30.0,0.23333333333333334,2.0,5.0,17.0,13.0,0.11764705882352941,0.38461538461538464,0,0.9378749922057007,1.103096900142804
2026-08-25,823259,"Gonzalez, Jacob",694378,3,0,650633,R,6.0,1.0,0,0,0,3,0.2184873949579832,0.2100840336134453,1.0,18.0,0.05555555555555555,0.0,1.0,1.0,17.0,0.0,0.058823529411764705,0,0.6814689895657484,0.8320207631342421
2026-08-26,823255,"Lowe, Brandon",664040,4,0,681190,R,5.0,1.0,0,0,2,2,0.1568627450980392,0.1078431372549019,6.0,31.0,0.1935483870967742,3.0,3.0,15.0,16.0,0.2,0.1875,0,0.9391267144577171,0.8875961279192207
2026-08-26,823255,"Cruz, Oneil",665833,4,0,681190,R,5.0,1.0,0,0,1,3,0.1568627450980392,0.1078431372549019,5.0,27.0,0.18518518518518517,1.0,4.0,10.0,17.0,0.1,0.23529411764705882,0,0.903901070908698,0.9680205972200573
2026-08-26,823255,"Reynolds, Bryan",668804,4,1,681190,R,5.0,1.0,0,1,1,3,0.1568627450980392,0.1078431372549019,8.0,31.0,0.25806451612903225,3.0,5.0,12.0,19.0,0.25,0.2631578947368421,0,0.9536764614950097,0.7719395221268835
2026-08-26,823255,"Triolo, Jared",669707,2,1,699134,R,2.0,1.0,1,0,1,1,0.1904761904761904,0.4285714285714285,5.0,23.0,0.21739130434782608,3.0,2.0,9.0,14.0,0.3333333333333333,0.14285714285714285,0,0.9572368057184129,0.7418042798623067
2026-08-26,823255,"Horwitz, Spencer",687462,5,2,681190,R,5.0,1.0,1,1,2,3,0.1568627450980392,0.1078431372549019,4.0,31.0,0.12903225806451613,2.0,2.0,10.0,21.0,0.2,0.09523809523809523,0,0.9248994723864901,0.9161390754243534
2026-08-26,823255,"Gonzales, Nick",693304,4,0,681190,R,5.0,1.0,0,0,0,4,0.1568627450980392,0.1078431372549019,8.0,31.0,0.25806451612903225,2.0,6.0,14.0,17.0,0.14285714285714285,0.35294117647058826,0,0.9221169144407823,0.7327538488360709
2026-08-26,823255,"Gonzalez, Jacob",694378,2,0,681190,R,5.0,1.0,0,0,0,2,0.1568627450980392,0.1078431372549019,1.0,18.0,0.05555555555555555,0.0,1.0,1.0,17.0,0.0,0.058823529411764705,0,0.6437636862767238,0.7133103064270325
2026-08-26,823255,"Valdez, Esmerlyn",699013,4,1,681190,R,5.0,2.0,0,1,1,3,0.1568627450980392,0.1078431372549019,5.0,30.0,0.16666666666666666,4.0,1.0,19.0,11.0,0.21052631578947367,0.09090909090909091,0,0.9601714422557617,0.9217723449089241
2026-08-29,823011,"Cruz, Oneil",665833,5,2,681517,R,6.0,1.0,1,1,1,4,0.2525252525252525,0.2727272727272727,5.0,28.0,0.17857142857142858,3.0,2.0,14.0,14.0,0.21428571428571427,0.14285714285714285,0,1.0183721364048084,0.9461788407908154
2026-08-29,823011,"Reynolds, Bryan",668804,5,1,681517,R,6.0,1.0,0,1,1,4,0.2525252525252525,0.2727272727272727,7.0,31.0,0.22580645161290322,2.0,5.0,15.0,16.0,0.13333333333333333,0.3125,0,0.99792953835523,1.0396076567893218
2026-08-29,823011,"Gonzales, Nick",693304,5,2,681517,R,6.0,1.0,0,2,1,4,0.2525252525252525,0.2727272727272727,6.0,31.0,0.1935483870967742,1.0,5.0,13.0,18.0,0.07692307692307693,0.2777777777777778,0,0.9947018457170368,1.036412807617701
2026-08-30,823010,"Lowe, Brandon",664040,4,2,669461,L,5.0,1.0,1,1,3,1,0.2336448598130841,0.2990654205607476,4.0,28.0,0.14285714285714285,1.0,3.0,13.0,15.0,0.07692307692307693,0.2,1,0.7534843310919015,0.9094440065971234
2026-08-30,823010,"Cruz, Oneil",665833,5,1,669461,L,5.0,1.0,1,0,3,2,0.2336448598130841,0.2990654205607476,6.0,28.0,0.21428571428571427,4.0,2.0,15.0,13.0,0.26666666666666666,0.15384615384615385,1,0.8272297564129292,0.9337166962542136
2026-08-30,823010,"Reynolds, Bryan",668804,5,2,669461,L,5.0,1.0,1,1,3,2,0.2336448598130841,0.2990654205607476,6.0,31.0,0.1935483870967742,2.0,4.0,16.0,15.0,0.125,0.26666666666666666,1,0.7785127964151258,1.0277375456251687
2026-08-30,823010,"Triolo, Jared",669707,5,1,669461,L,5.0,1.0,1,0,3,2,0.2336448598130841,0.2990654205607476,8.0,22.0,0.36363636363636365,7.0,1.0,15.0,7.0,0.4666666666666667,0.14285714285714285,1,1.0476468327489288,0.9779232441763615
2026-08-30,823010,"Horwitz, Spencer",687462,4,0,669461,L,5.0,1.0,0,0,3,1,0.2336448598130841,0.2990654205607476,5.0,29.0,0.1724137931034483,3.0,2.0,12.0,17.0,0.25,0.11764705882352941,1,0.8043704633181297,0.9500378564306928
2026-08-30,823010,"Valdez, Esmerlyn",699013,4,1,669461,L,5.0,2.0,1,0,3,1,0.2336448598130841,0.2990654205607476,4.0,28.0,0.14285714285714285,2.0,2.0,15.0,13.0,0.13333333333333333,0.15384615384615385,1,0.7664255809091048,0.9193349982966574
2026-09-01,823340,"Triolo, Jared",669707,5,1,657277,R,6.0,2.0,0,1,1,4,0.2051282051282051,0.2136752136752136,8.0,24.0,0.3333333333333333,7.0,1.0,15.0,9.0,0.4666666666666667,0.1111111111111111,0,1.2160744633106706,0.9497994807545893
2026-09-01,823340,"Davis, Henry",680779,4,1,657277,R,6.0,4.0,0,1,2,2,0.2051282051282051,0.2136752136752136,1.0,18.0,0.05555555555555555,0.0,1.0,12.0,6.0,0.0,0.16666666666666666,0,0.6294546925987483,0.8430442343804901
2026-09-01,823340,"Gonzalez, Jacob",694378,4,2,657277,R,6.0,3.0,1,1,1,3,0.2051282051282051,0.2136752136752136,1.0,18.0,0.05555555555555555,1.0,0.0,3.0,15.0,0.3333333333333333,0.0,0,0.652029211482948,0.9401234616145071
2026-09-01,823340,"Valdez, Esmerlyn",699013,5,1,657277,R,6.0,2.0,0,1,1,4,0.2051282051282051,0.2136752136752136,5.0,28.0,0.17857142857142858,3.0,2.0,17.0,11.0,0.17647058823529413,0.18181818181818182,0,0.9585205011259634,1.0045788743877737
2026-09-02,823339,"Lowe, Brandon",664040,5,1,694738,R,6.0,1.0,1,0,1,4,0.1818181818181818,0.1570247933884297,7.0,29.0,0.2413793103448276,2.0,5.0,14.0,15.0,0.14285714285714285,0.3333333333333333,0,0.9418467563554874,0.9509797162335614
2026-09-02,823339,"Cruz, Oneil",665833,5,1,694738,R,6.0,1.0,0,1,1,4,0.1818181818181818,0.1570247933884297,10.0,34.0,0.29411764705882354,5.0,5.0,16.0,18.0,0.3125,0.2777777777777778,0,0.9625246392687772,0.6670262792737964
2026-09-02,823339,"Reynolds, Bryan",668804,5,2,694738,R,6.0,1.0,0,2,1,4,0.1818181818181818,0.1570247933884297,8.0,34.0,0.23529411764705882,2.0,6.0,15.0,19.0,0.13333333333333333,0.3157894736842105,0,0.9307260099636459,0.7681926320812003
2026-09-02,823339,"Triolo, Jared",669707,3,0,694738,R,6.0,1.0,0,0,0,3,0.1818181818181818,0.1570247933884297,9.0,27.0,0.3333333333333333,7.0,2.0,14.0,13.0,0.5,0.15384615384615385,0,1.1293314498616764,0.9051257749287511
2026-09-02,823339,"Horwitz, Spencer",687462,5,1,694738,R,6.0,1.0,0,1,0,5,0.1818181818181818,0.1570247933884297,6.0,30.0,0.2,2.0,4.0,14.0,16.0,0.14285714285714285,0.25,0,0.9406196634620345,1.094814593187966
2026-09-02,823339,"Gonzales, Nick",693304,5,1,694738,R,6.0,1.0,0,1,1,4,0.1818181818181818,0.1570247933884297,9.0,33.0,0.2727272727272727,1.0,8.0,13.0,20.0,0.07692307692307693,0.4,0,0.9292611120466592,0.7314141584798216
2026-09-02,823339,"Valdez, Esmerlyn",699013,5,0,694738,R,6.0,1.0,0,0,0,5,0.1818181818181818,0.1570247933884297,6.0,29.0,0.20689655172413793,3.0,3.0,18.0,11.0,0.16666666666666666,0.2727272727272727,0,0.9291486352753412,1.0025570515293618
2026-09-03,823337,"Lowe, Brandon",664040,4,0,694918,R,6.0,1.0,0,0,0,4,0.2149532710280373,0.1962616822429906,8.0,29.0,0.27586206896551724,3.0,5.0,11.0,18.0,0.2727272727272727,0.2777777777777778,0,1.0254188059889537,0.8945974715014696
2026-09-03,823337,"Cruz, Oneil",665833,4,0,694918,R,6.0,1.0,0,0,1,3,0.2149532710280373,0.1962616822429906,11.0,33.0,0.3333333333333333,5.0,6.0,12.0,21.0,0.4166666666666667,0.2857142857142857,0,1.0138202689502411,0.8038041573007052
2026-09-03,823337,"Reynolds, Bryan",668804,4,0,694918,R,6.0,1.0,0,0,0,4,0.2149532710280373,0.1962616822429906,9.0,33.0,0.2727272727272727,1.0,8.0,11.0,22.0,0.09090909090909091,0.36363636363636365,0,0.977431018935277,0.8496764881652972
2026-09-03,823337,"Triolo, Jared",669707,4,0,694918,R,6.0,1.0,0,0,1,3,0.2149532710280373,0.1962616822429906,7.0,25.0,0.28,5.0,2.0,10.0,15.0,0.5,0.13333333333333333,0,1.089004192190828,0.8147510144080234
2026-09-03,823337,"Horwitz, Spencer",687462,5,1,694918,R,6.0,1.0,0,1,1,4,0.2149532710280373,0.1962616822429906,6.0,30.0,0.2,1.0,5.0,10.0,20.0,0.1,0.25,0,0.9786473740299424,1.1243524203184103
2026-09-03,823337,"Gonzales, Nick",693304,4,1,694918,R,6.0,1.0,0,1,0,4,0.2149532710280373,0.1962616822429906,10.0,34.0,0.29411764705882354,1.0,9.0,11.0,23.0,0.09090909090909091,0.391304347826087,0,0.9681654383308724,0.7994629011942718
2026-09-03,823337,"Gonzalez, Jacob",694378,2,0,694918,R,6.0,1.0,0,0,0,2,0.2149532710280373,0.1962616822429906,4.0,18.0,0.2222222222222222,2.0,2.0,4.0,14.0,0.5,0.14285714285714285,0,0.8905140954080747,0.8299483455160894
2026-09-04,823338,"Lowe, Brandon",664040,4,1,696270,R,6.0,1.0,0,1,1,3,0.1333333333333333,0.1428571428571428,8.0,29.0,0.27586206896551724,3.0,5.0,10.0,19.0,0.3,0.2631578947368421,0,0.9525625036824368,1.0644767614763069
2026-09-04,823338,"Cruz, Oneil",665833,4,0,696270,R,6.0,1.0,0,0,1,3,0.1333333333333333,0.1428571428571428,10.0,33.0,0.30303030303030304,5.0,5.0,13.0,20.0,0.38461538461538464,0.25,0,0.9396936959012236,1.0752795232340164
2026-09-04,823338,"Reynolds, Bryan",668804,4,2,696270,R,6.0,1.0,1,1,1,3,0.1333333333333333,0.1428571428571428,7.0,33.0,0.21212121212121213,1.0,6.0,11.0,22.0,0.09090909090909091,0.2727272727272727,0,0.9062264536944925,1.0881003617609528
2026-09-04,823338,"Davis, Henry",680779,3,0,696270,R,6.0,3.0,0,0,1,2,0.1333333333333333,0.1428571428571428,2.0,18.0,0.1111111111111111,0.0,2.0,10.0,8.0,0.0,0.25,0,0.6437722814559257,0.8818364386946452
2026-09-04,823338,"Horwitz, Spencer",687462,4,0,696270,R,6.0,1.0,0,0,1,3,0.1333333333333333,0.1428571428571428,6.0,31.0,0.1935483870967742,1.0,5.0,10.0,21.0,0.1,0.23809523809523808,0,0.9074627294164548,1.168799486739813
2026-09-04,823338,"Gonzales, Nick",693304,4,0,696270,R,6.0,1.0,0,0,1,3,0.1333333333333333,0.1428571428571428,9.0,32.0,0.28125,1.0,8.0,7.0,25.0,0.14285714285714285,0.32,0,0.9355694904010378,0.8860833167920676
2026-09-04,823338,"Gonzalez, Jacob",694378,3,1,696270,R,6.0,1.0,0,1,0,3,0.1333333333333333,0.1428571428571428,4.0,17.0,0.23529411764705882,2.0,2.0,3.0,14.0,0.6666666666666666,0.14285714285714285,0,0.8059587082187564,0.7941704954414257
